,INCIDENT_KEY,PERP_ID,PERP_AGE_GROUP,PERP_SEX,PERP_RACE
0,9953248,9953248-9042,18-24,Male,Black
1,10137418,10137418-9127,25-44,Male,Black
2,10137428,10137428-9147,Unknown,Unknown,Unknown
3,10187494,10187494-9181,Unknown,Male,Black
4,10187494,10187494-9195,Unknown,Male,Black
5,10187496,10187496-9184,18-24,Male,White Hispanic
6,10187501,10187501-9189,<18,Male,Black
7,10187502,10187502-9190,25-44,Male,Black
8,10187517,10187517-9212,25-44,Male,Black
9,10240242,10240242-9227,18-24,Male,White Hispanic
10,10240242,10240242-9230,18-24,Male,White Hispanic
11,10333320,10333320-9284,Unknown,Male,Black
12,10411015,10411015-9332,Unknown,Male,Black
13,10411018,10411018-9336,Unknown,Unknown,Unknown
14,10660756,10660756-9472,Unknown,Unknown,Unknown
15,10879209,10879209-9571,18-24,Male,White Hispanic
16,10879209,10879209-9572,25-44,Male,White Hispanic
17,10879209,10879209-9573,18-24,Male,Black
18,10953928,10953928-9626,Unknown,Unknown,Unknown
19,10953944,10953944-9697,18-24,Male,Black
20,11118200,11118200-9713,18-24,Male,Black
21,11118203,11118203-9718,25-44,Male,Black
22,11118222,11118222-9743,Unknown,Unknown,Unknown
23,11118232,11118232-9759,45-64,Male,Black
24,11118248,11118248-9781,Unknown,Unknown,Unknown
25,11118839,11118839-9666,<18,Male,Black
26,11118851,11118851-9684,Unknown,Unknown,Unknown
27,12679344,12679344-9790,Unknown,Unknown,Unknown
28,12679353,12679353-9800,Unknown,Male,Black
29,12835935,12835935-9811,25-44,Male,Black
30,15400535,15400535-9835,Unknown,Male,Black
31,15400535,15400535-9843,Unknown,Male,Black
32,15400536,15400536-9836,18-24,Male,Black
33,15400564,15400564-9885,18-24,Male,White Hispanic
34,16631426,16631426-9900,25-44,Female,Black
35,16631450,16631450-9934,25-44,Male,White Hispanic
36,16631457,16631457-9950,Unknown,Male,Unknown
37,16631470,16631470-9968,Unknown,Unknown,Unknown
38,16631475,16631475-9976,18-24,Male,White Hispanic
39,16631479,16631479-9982,Unknown,Male,Black
40,16631482,16631482-9986,18-24,Male,Black
41,16631493,16631493-10004,Unknown,Unknown,Unknown
42,16692685,16692685-10076,18-24,Male,Black
43,16814038,16814038-10164,Unknown,Unknown,Unknown
44,16814045,16814045-10174,18-24,Male,Black
45,16895010,16895010-10186,Unknown,Male,Black
46,16895048,16895048-10234,25-44,Male,White
47,23354055,23354055-10252,18-24,Male,White Hispanic
48,23354055,23354055-10264,18-24,Male,White Hispanic
49,23354070,23354070-10272,18-24,Male,Black
50,23354120,23354120-10353,Unknown,Male,Black
51,23354137,23354137-10379,18-24,Male,Black
52,23354143,23354143-10388,18-24,Male,Black
53,23354143,23354143-10395,18-24,Male,Black
54,23354143,23354143-10399,<18,Male,Black
55,23354143,23354143-10491,18-24,Male,Black
56,23354144,23354144-10389,Unknown,Male,Black
57,23444498,23444498-10467,Unknown,Male,Black
58,23444498,23444498-10474,Unknown,Male,Black
59,23444498,23444498-10475,Unknown,Male,Black
60,23471265,23471265-10487,18-24,Male,Black
61,23525523,23525523-10519,<18,Male,Black Hispanic
62,23525528,23525528-10525,Unknown,Unknown,Unknown
63,23722471,23722471-10654,Unknown,Male,Unknown
64,23822591,23822591-10726,18-24,Male,White Hispanic
65,23904203,23904203-24901,Unknown,Unknown,Unknown
66,23904206,23904206-10789,Unknown,Male,Black
67,23904206,23904206-10790,Unknown,Male,Black
68,23945312,23945312-10811,18-24,Male,Black
69,23999557,23999557-10843,Unknown,Male,Unknown
70,23999559,23999559-10846,Unknown,Male,Black
71,24050471,24050471-10872,Unknown,Male,Black
72,24103844,24103844-10923,Unknown,Male,Black
73,24103844,24103844-10981,Unknown,Male,Black Hispanic
74,24103854,24103854-10938,Unknown,Male,Black
75,24142871,24142871-10947,Unknown,Unknown,Unknown
76,24157443,24157443-10949,Unknown,Unknown,Unknown
77,24157459,24157459-10968,Unknown,Male,Black
78,24264433,24264433-11024,25-44,Male,Black
79,24303625,24303625-11043,25-44,Male,Black
80,24320687,24320687-11050,<18,Male,White Hispanic
81,24320687,24320687-11189,<18,Male,Black
82,24320687,24320687-11888,Unknown,Male,Black
83,24320687,24320687-11889,Unknown,Male,Black
84,24418561,24418561-11082,18-24,Male,Black
85,24418561,24418561-11198,18-24,Male,Black
86,24516760,24516760-11191,25-44,Male,Black Hispanic
87,24550985,24550985-11839,Unknown,Unknown,Unknown
88,24577499,24577499-11167,Unknown,Male,Black
89,24577499,24577499-11168,Unknown,Male,Black
90,24591359,24591359-11149,25-44,Male,Black
91,24591360,24591360-11925,Unknown,Unknown,Unknown
92,24626214,24626214-11171,<18,Male,Black
93,24626218,24626218-11180,Unknown,Male,Black Hispanic
94,24643628,24643628-11203,25-44,Male,Black
95,24717009,24717009-11212,Unknown,Male,White Hispanic
96,24756397,24756397-11237,Unknown,Male,White Hispanic
97,24814495,24814495-11258,Unknown,Male,Unknown
98,24814495,24814495-11259,Unknown,Male,Unknown
99,24814495,24814495-11260,Unknown,Male,Unknown
100,24814497,24814497-11263,Unknown,Male,Black
101,24888640,24888640-11325,18-24,Male,Black
102,24888640,24888640-11326,<18,Male,Black
103,24888644,24888644-11314,Unknown,Male,Black
104,24888644,24888644-11315,Unknown,Male,Black
105,24888644,24888644-11316,Unknown,Male,Black
106,25012787,25012787-11398,<18,Male,Black
107,25139792,25139792-11442,18-24,Male,Black
108,25207004,25207004-11450,65+,Male,Black
109,25344912,25344912-11506,25-44,Male,Black
110,25344914,25344914-11508,Unknown,Male,Black
111,25490118,25490118-11559,18-24,Male,Black
112,25490118,25490118-11658,18-24,Male,Black
113,25527192,25527192-11580,Unknown,Unknown,Unknown
114,25527195,25527195-11587,Unknown,Male,Unknown
115,25574775,25574775-11611,25-44,Male,White
116,25713835,25713835-11650,Unknown,Male,Black
117,25713835,25713835-11659,Unknown,Male,Unknown
118,25713835,25713835-11660,Unknown,Male,Unknown
119,25713837,25713837-11657,18-24,Male,Black
120,25932836,25932836-11738,25-44,Male,Black
121,26010439,26010439-11803,Unknown,Unknown,Unknown
122,26233902,26233902-11854,<18,Male,Black
123,26344232,26344232-11900,25-44,Male,Black
124,26430179,26430179-11908,18-24,Male,Black
125,26439482,26439482-11957,25-44,Male,Black
126,26530375,26530375-11941,Unknown,Male,Black
127,26699360,26699360-11997,18-24,Male,Black
128,26699360,26699360-12000,18-24,Male,Black Hispanic
129,26805787,26805787-12020,Unknown,Male,Unknown
130,26805787,26805787-12025,Unknown,Male,Unknown
131,27008267,27008267-12047,Unknown,Male,Black
132,27078637,27078637-12065,18-24,Male,Black
133,27105895,27105895-12076,18-24,Male,Black
134,27126161,27126161-12106,18-24,Male,Black
135,27353809,27353809-12113,Unknown,Unknown,Unknown
136,27501000,27501000-12136,18-24,Male,Black
137,27616451,27616451-12165,<18,Male,Black
138,28187785,28187785-12188,Unknown,Male,Black
139,28206267,28206267-12189,Unknown,Male,Black
140,28206267,28206267-12203,Unknown,Male,Black
141,28349211,28349211-12266,18-24,Male,White Hispanic
142,28446322,28446322-12253,18-24,Male,White Hispanic
143,28446322,28446322-12254,18-24,Male,White Hispanic
144,28560897,28560897-12303,Unknown,Male,White Hispanic
145,28620014,28620014-12287,Unknown,Male,Black
146,28620014,28620014-12288,Unknown,Male,Black
147,28620014,28620014-12289,Unknown,Male,Black
148,28654489,28654489-12309,18-24,Male,Black
149,28883130,28883130-12856,25-44,Male,Black
150,28907941,28907941-12515,25-44,Male,Black
151,28980865,28980865-12467,18-24,Male,White Hispanic
152,29024304,29024304-12407,18-24,Male,Black
153,29059033,29059033-12417,25-44,Male,White Hispanic
154,29059033,29059033-12418,25-44,Male,White Hispanic
155,29059033,29059033-12419,18-24,Male,White Hispanic
156,29129302,29129302-12457,Unknown,Male,Black
157,29129302,29129302-12458,Unknown,Male,Black
158,29129302,29129302-12459,Unknown,Male,Black
159,29129304,29129304-12453,25-44,Male,Black
160,29129304,29129304-12599,18-24,Female,Black
161,29210901,29210901-12488,25-44,Male,Black
162,29210902,29210902-12489,Unknown,Unknown,Unknown
163,29277324,29277324-12582,18-24,Male,White Hispanic
164,29277324,29277324-13090,18-24,Male,White Hispanic
165,29277327,29277327-12501,18-24,Male,Black Hispanic
166,29301877,29301877-12525,25-44,Male,White Hispanic
167,29373509,29373509-12557,Unknown,Male,White Hispanic
168,29373511,29373511-12562,Unknown,Male,Black
169,29373511,29373511-12563,Unknown,Male,Black
170,29388844,29388844-12596,18-24,Male,White Hispanic
171,29406948,29406948-12560,25-44,Male,Black
172,32155719,32155719-12644,18-24,Male,Black
173,32155729,32155729-12627,18-24,Male,Black
174,32155731,32155731-12629,18-24,Male,Black
175,32821782,32821782-12757,45-64,Male,Black Hispanic
176,32852892,32852892-13103,18-24,Male,Black
177,32898436,32898436-13905,Unknown,Unknown,Unknown
178,32914992,32914992-12797,18-24,Male,Black
179,32949483,32949483-12810,25-44,Male,Black
180,33008214,33008214-12831,Unknown,Male,White Hispanic
181,33008215,33008215-12826,25-44,Male,Black
182,33008215,33008215-12827,25-44,Male,Black
183,33008215,33008215-12828,25-44,Male,Black
184,33008215,33008215-13018,25-44,Female,Black
185,33212236,33212236-12914,25-44,Male,Black
186,33413512,33413512-12935,18-24,Male,White Hispanic
187,33413513,33413513-12936,Unknown,Male,Black
188,33478091,33478091-13139,18-24,Male,Black Hispanic
189,33600831,33600831-13011,25-44,Male,Black
190,33617461,33617461-13014,Unknown,Male,Unknown
191,33791635,33791635-13115,18-24,Male,Black
192,33791635,33791635-13116,Unknown,Male,Black
193,33791635,33791635-13122,Unknown,Male,Unknown
194,34286633,34286633-13260,25-44,Male,Black
195,34286633,34286633-13268,Unknown,Male,Black
196,34337215,34337215-13283,Unknown,Unknown,Unknown
197,34481492,34481492-13339,18-24,Male,Black
198,34495575,34495575-13358,18-24,Male,Black
199,34495575,34495575-13359,25-44,Male,Black
200,34578685,34578685-13371,25-44,Male,White Hispanic
201,34597533,34597533-13369,<18,Male,White Hispanic
202,34597533,34597533-13370,Unknown,Male,White Hispanic
203,34597534,34597534-13375,18-24,Male,Black Hispanic
204,34720464,34720464-13565,Unknown,Male,Black
205,34864273,34864273-13447,25-44,Male,White Hispanic
206,34880351,34880351-14137,25-44,Male,Black
207,34880352,34880352-13448,Unknown,Unknown,Unknown
208,34911951,34911951-13467,Unknown,Male,Black
209,34955934,34955934-13485,<18,Male,Black
210,34979907,34979907-13487,45-64,Male,Black
211,34979907,34979907-13488,25-44,Male,Black
212,35002048,35002048-13489,18-24,Male,Black
213,35002048,35002048-13490,18-24,Male,Black
214,35002048,35002048-13491,18-24,Male,Black
215,35035756,35035756-13505,25-44,Male,Black
216,35092377,35092377-13519,25-44,Male,Black
217,35092377,35092377-14181,25-44,Male,Black
218,35114026,35114026-13515,<18,Male,Black
219,35114026,35114026-13516,Unknown,Male,Black
220,35114026,35114026-13517,Unknown,Male,Black
221,35306478,35306478-13576,65+,Male,Black
222,35357635,35357635-13580,Unknown,Male,White Hispanic
223,35357635,35357635-13581,Unknown,Male,Black Hispanic
224,35357635,35357635-13582,Unknown,Male,White Hispanic
225,35737598,35737598-13676,Unknown,Unknown,Unknown
226,35803777,35803777-13692,18-24,Male,Black
227,35803777,35803777-13693,18-24,Male,Black
228,35803777,35803777-13739,25-44,Male,Black Hispanic
229,35920656,35920656-13723,<18,Male,Black
230,36231790,36231790-13795,Unknown,Unknown,Unknown
231,36231804,36231804-13793,18-24,Male,Black
232,36260245,36260245-13935,25-44,Male,Black
233,37207860,37207860-13921,25-44,Male,Black
234,37207860,37207860-15369,18-24,Male,Black
235,37351949,37351949-13864,18-24,Male,Black
236,37401605,37401605-13885,Unknown,Male,Unknown
237,37674591,37674591-13929,Unknown,Male,Black
238,37674591,37674591-13930,Unknown,Male,Black
239,37755094,37755094-13939,45-64,Male,Black
240,37781236,37781236-13946,25-44,Male,Black
241,37882749,37882749-14009,18-24,Male,Black
242,37902718,37902718-13957,Unknown,Male,Unknown
243,38284574,38284574-13967,<18,Male,Black
244,38284574,38284574-13968,18-24,Male,Black
245,38285830,38285830-13973,18-24,Male,Black Hispanic
246,38794661,38794661-14008,Unknown,Unknown,Unknown
247,39158197,39158197-14072,Unknown,Male,Black
248,41559696,41559696-14161,18-24,Male,Black
249,44390702,44390702-14164,Unknown,Male,Black Hispanic
250,44390704,44390704-14165,25-44,Male,Black
251,44445750,44445750-14174,Unknown,Male,Black Hispanic
252,44445750,44445750-14175,Unknown,Male,Black Hispanic
253,44515781,44515781-14366,25-44,Male,Black
254,44576545,44576545-14208,18-24,Male,Black
255,44637605,44637605-14215,18-24,Male,Black
256,44637605,44637605-14436,18-24,Male,Black
257,44751683,44751683-14241,45-64,Male,White Hispanic
258,45280063,45280063-14302,18-24,Male,Black
259,45280069,45280069-14309,25-44,Male,Black
260,45374523,45374523-14326,Unknown,Male,Asian / Pacific Islander
261,45374523,45374523-14327,Unknown,Male,Black
262,45667814,45667814-15944,Unknown,Unknown,Unknown
263,45926430,45926430-14481,<18,Male,Black
264,45990089,45990089-14403,18-24,Male,Black
265,46174940,46174940-14450,Unknown,Unknown,Unknown
266,46361470,46361470-14491,25-44,Male,Black
267,46421624,46421624-14510,Unknown,Unknown,Unknown
268,46518467,46518467-14662,<18,Male,White Hispanic
269,46538078,46538078-14531,18-24,Male,White Hispanic
270,46538078,46538078-14532,18-24,Female,White Hispanic
271,46538078,46538078-14533,18-24,Male,White Hispanic
272,46538078,46538078-14534,<18,Male,White Hispanic
273,46538078,46538078-14535,<18,Male,White Hispanic
274,46538078,46538078-14549,18-24,Female,White Hispanic
275,46605242,46605242-14552,Unknown,Unknown,Unknown
276,46715548,46715548-14853,Unknown,Male,Black
277,46715567,46715567-14729,Unknown,Unknown,Unknown
278,46889819,46889819-14609,18-24,Male,Black
279,46969205,46969205-15408,25-44,Male,Black
280,46969205,46969205-15720,25-44,Male,Black
281,47064977,47064977-14651,Unknown,Male,Black
282,47447795,47447795-14948,18-24,Male,Black Hispanic
283,47515486,47515486-14788,Unknown,Unknown,Unknown
284,47851708,47851708-14892,Unknown,Unknown,Unknown
285,47851713,47851713-14817,25-44,Male,Black
286,47916279,47916279-14835,Unknown,Male,Black
287,48304779,48304779-14935,<18,Male,Black
288,48395045,48395045-15030,18-24,Male,Black
289,48418962,48418962-14965,Unknown,Male,Black
290,48480866,48480866-14970,Unknown,Unknown,Unknown
291,49194499,49194499-15005,Unknown,Male,Black
292,49255315,49255315-15151,Unknown,Unknown,Unknown
293,49294882,49294882-15185,Unknown,Unknown,Unknown
294,49514585,49514585-15056,Unknown,Unknown,Unknown
295,49541742,49541742-15128,Unknown,Unknown,Unknown
296,49609152,49609152-15065,25-44,Male,Black
297,49609152,49609152-15066,18-24,Male,Black
298,49609152,49609152-15067,18-24,Male,Black
299,49629694,49629694-15068,Unknown,Unknown,Unknown
300,49834897,49834897-15231,25-44,Male,Black
301,49913264,49913264-15098,18-24,Female,Black
302,49913264,49913264-15099,18-24,Female,Black
303,49913264,49913264-15100,18-24,Female,Black
304,49935070,49935070-15137,18-24,Male,White
305,50018403,50018403-15159,Unknown,Unknown,Unknown
306,50122013,50122013-15205,18-24,Male,Black
307,50459052,50459052-15260,Unknown,Male,Black
308,50479072,50479072-15281,Unknown,Male,Black
309,50499447,50499447-15432,18-24,Male,Black
310,50521331,50521331-15282,18-24,Male,Black
311,50521331,50521331-15474,Unknown,Male,Black
312,50685002,50685002-15516,Unknown,Unknown,Unknown
313,50685012,50685012-15324,Unknown,Male,White Hispanic
314,50703403,50703403-15330,Unknown,Male,Black
315,50821744,50821744-15444,18-24,Male,Black
316,50821744,50821744-15554,18-24,Male,Black
317,50821748,50821748-20484,18-24,Male,Black
318,50864319,50864319-15368,<18,Male,Black
319,51338335,51338335-15394,Unknown,Unknown,Unknown
320,51338335,51338335-15449,Unknown,Unknown,Unknown
321,51338335,51338335-15450,Unknown,Unknown,Unknown
322,51338336,51338336-15453,<18,Male,Black
323,51359383,51359383-15730,Unknown,Unknown,Unknown
324,51438899,51438899-15411,18-24,Male,Black
325,51559656,51559656-15552,Unknown,Unknown,Unknown
326,51624421,51624421-15478,25-44,Male,Black
327,51764332,51764332-15501,Unknown,Male,Black
328,51764332,51764332-15502,Unknown,Male,Black
329,9953245,9953245-9037,18-24,Male,Black
330,9953250,9953250-9044,25-44,Male,Black
331,9953250,9953250-9196,18-24,Male,Black
332,9953255,9953255-9049,18-24,Male,Black
333,9953255,9953255-9066,18-24,Male,Black
334,10038648,10038648-9099,Unknown,Male,Unknown
335,10137421,10137421-9137,<18,Male,Black
336,10137425,10137425-9144,Unknown,Male,Black
337,10137425,10137425-9157,Unknown,Male,Black
338,10187521,10187521-9221,18-24,Male,White Hispanic
339,10240253,10240253-9250,Unknown,Male,White Hispanic
340,10411003,10411003-9319,25-44,Male,Black
341,10411010,10411010-9326,Unknown,Male,Black
342,10411010,10411010-9335,Unknown,Male,Black
343,10454374,10454374-9363,Unknown,Male,Black
344,10619050,10619050-9391,25-44,Male,Black
345,10619089,10619089-9447,18-24,Male,Black
346,10660753,10660753-9469,Unknown,Unknown,Unknown
347,10660761,10660761-9478,Unknown,Male,Black
348,10660761,10660761-9482,Unknown,Male,Black
349,10713410,10713410-9509,18-24,Male,Black Hispanic
350,10764211,10764211-9521,Unknown,Male,Black
351,10764211,10764211-9522,Unknown,Male,Black
352,10764211,10764211-9525,Unknown,Male,Black
353,10804589,10804589-9541,Unknown,Unknown,Unknown
354,10904920,10904920-9615,18-24,Male,Black
355,10904920,10904920-9616,18-24,Male,Black
356,10953933,10953933-9632,18-24,Male,Black
357,10953939,10953939-9645,25-44,Male,Asian / Pacific Islander
358,11118238,11118238-9767,Unknown,Male,Black
359,11118249,11118249-9784,Unknown,Unknown,Unknown
360,11118852,11118852-9685,Unknown,Unknown,Unknown
361,11118855,11118855-9689,18-24,Male,Black
362,12679347,12679347-9794,25-44,Male,Black
363,12835937,12835937-9813,Unknown,Unknown,Unknown
364,12835953,12835953-9831,<18,Male,Black
365,12835953,12835953-11794,25-44,Male,Black
366,15400544,15400544-9855,18-24,Male,Black
367,15400544,15400544-9891,Unknown,Male,Black
368,16631432,16631432-9911,18-24,Male,Black
369,16631445,16631445-9927,Unknown,Male,Black
370,16631445,16631445-9928,Unknown,Male,Black
371,16631448,16631448-9932,Unknown,Unknown,Unknown
372,16631497,16631497-10012,25-44,Male,Black
373,16631512,16631512-10036,Unknown,Unknown,Unknown
374,16692671,16692671-10049,<18,Male,White Hispanic
375,16692678,16692678-10063,18-24,Male,Black
376,16733761,16733761-10092,25-44,Male,Black
377,16814009,16814009-10119,18-24,Male,Black
378,16814017,16814017-10130,Unknown,Male,Black
379,16814017,16814017-10131,Unknown,Male,Black
380,16814028,16814028-10145,Unknown,Unknown,Unknown
381,23354051,23354051-10246,25-44,Male,Black
382,23354060,23354060-10257,Unknown,Male,Unknown
383,23354069,23354069-10271,Unknown,Male,Black
384,23354096,23354096-10303,Unknown,Unknown,Unknown
385,23354098,23354098-10307,18-24,Male,Black
386,23421788,23421788-10423,25-44,Male,White Hispanic
387,23421789,23421789-10424,Unknown,Male,White Hispanic
388,23501816,23501816-10496,25-44,Male,Black
389,23512407,23512407-10507,Unknown,Unknown,Unknown
390,23525525,23525525-10522,Unknown,Unknown,Unknown
391,23525530,23525530-10527,Unknown,Male,Black
392,23525530,23525530-10531,Unknown,Male,Black
393,23588709,23588709-10554,18-24,Male,Black
394,23588711,23588711-10560,18-24,Male,Black
395,23588714,23588714-10566,18-24,Male,Black
396,23613983,23613983-10579,18-24,Male,Black
397,23650228,23650228-10612,<18,Male,Black
398,23678697,23678697-10634,18-24,Male,Black
399,23678697,23678697-10637,25-44,Male,Black
400,23678697,23678697-10638,25-44,Male,Black
401,23694318,23694318-10636,Unknown,Unknown,Unknown
402,23694320,23694320-10642,25-44,Male,Black
403,23694321,23694321-10646,18-24,Male,Black
404,23722472,23722472-10655,Unknown,Male,Black
405,23733990,23733990-10666,Unknown,Unknown,Unknown
406,23749371,23749371-10676,Unknown,Male,Black
407,23791860,23791860-10708,18-24,Male,Black
408,23791861,23791861-10710,Unknown,Male,White Hispanic
409,23904204,23904204-10787,25-44,Male,Black
410,23904205,23904205-10788,18-24,Male,Black
411,23904207,23904207-10791,Unknown,Male,Black
412,23934576,23934576-10802,Unknown,Male,Black
413,23945315,23945315-10814,Unknown,Male,White Hispanic
414,23957547,23957547-10830,25-44,Male,Black
415,23974387,23974387-10835,25-44,Male,White
416,24050493,24050493-10897,18-24,Male,Black
417,24103838,24103838-10915,Unknown,Unknown,Unknown
418,24103850,24103850-10933,Unknown,Male,Black
419,24157456,24157456-10965,25-44,Male,Black
420,24157457,24157457-10966,18-24,Male,Black
421,24248673,24248673-11006,25-44,Male,White Hispanic
422,24264428,24264428-11017,<18,Male,White Hispanic
423,24347272,24347272-11067,Unknown,Male,Black
424,24360988,24360988-11078,25-44,Male,Black
425,24418564,24418564-11296,<18,Male,Black
426,24434213,24434213-11092,18-24,Male,Black
427,24434213,24434213-11286,18-24,Male,Black Hispanic
428,24449552,24449552-11109,Unknown,Male,Black
429,24449552,24449552-11110,Unknown,Male,Black
430,24449552,24449552-11111,Unknown,Male,Black
431,24550982,24550982-11358,18-24,Male,Black
432,24565928,24565928-11136,Unknown,Male,Black
433,24626211,24626211-11164,Unknown,Male,Black Hispanic
434,24626212,24626212-11163,18-24,Male,Black
435,24717007,24717007-11222,25-44,Male,Black Hispanic
436,24717007,24717007-11223,25-44,Male,Black Hispanic
437,24888647,24888647-11330,18-24,Male,White
438,24930773,24930773-11344,18-24,Male,Black
439,24954784,24954784-11367,18-24,Male,Black
440,25036116,25036116-11402,45-64,Male,White
441,25036117,25036117-11403,Unknown,Male,Black
442,25111764,25111764-11430,25-44,Male,Black
443,25111764,25111764-11431,25-44,Female,Black
444,25127994,25127994-11441,Unknown,Male,Black
445,25217936,25217936-11504,Unknown,Unknown,Unknown
446,25257129,25257129-11481,25-44,Male,Black Hispanic
447,25370560,25370560-11530,Unknown,Male,Black
448,25370561,25370561-11517,Unknown,Unknown,Unknown
449,25466215,25466215-11547,25-44,Male,Black
450,25466215,25466215-11752,25-44,Female,Black
451,25466217,25466217-11568,Unknown,Male,Black
452,25476053,25476053-11561,25-44,Male,Black Hispanic
453,25511190,25511190-11579,25-44,Male,Black
454,25527194,25527194-11584,Unknown,Unknown,Unknown
455,25544429,25544429-11588,18-24,Male,Black
456,25544429,25544429-12144,25-44,Male,White Hispanic
457,25701537,25701537-11921,Unknown,Male,Black
458,25701537,25701537-11922,Unknown,Male,Black
459,25738129,25738129-11962,Unknown,Male,Unknown
460,25754259,25754259-11667,<18,Male,Black Hispanic
461,25786523,25786523-11976,Unknown,Male,Black
462,25786523,25786523-11977,Unknown,Male,Black
463,25801103,25801103-11687,<18,Male,Black
464,25801103,25801103-11688,Unknown,Male,Black
465,25832921,25832921-11684,Unknown,Male,White
466,25832921,25832921-11685,Unknown,Male,White
467,25881909,25881909-11707,Unknown,Male,Black Hispanic
468,25881912,25881912-11717,18-24,Male,Black
469,25881912,25881912-11718,Unknown,Male,Black
470,25896930,25896930-11720,Unknown,Male,White
471,26022835,26022835-11773,18-24,Male,White Hispanic
472,26022835,26022835-11824,25-44,Male,White Hispanic
473,26103371,26103371-11845,25-44,Male,Black
474,26164651,26164651-11818,<18,Male,White Hispanic
475,26164651,26164651-11862,25-44,Male,Black
476,26197186,26197186-11834,18-24,Male,Black
477,26197189,26197189-11848,18-24,Male,White Hispanic
478,26197189,26197189-11849,<18,Male,White Hispanic
479,26197189,26197189-11994,18-24,Male,White Hispanic
480,26197189,26197189-12114,<18,Male,White Hispanic
481,26197189,26197189-12115,18-24,Male,White Hispanic
482,26269972,26269972-11936,Unknown,Male,Black Hispanic
483,26344235,26344235-11901,Unknown,Unknown,Unknown
484,26570239,26570239-11964,25-44,Male,Black
485,26570239,26570239-11965,Unknown,Male,Black
486,26685419,26685419-11998,Unknown,Male,Black
487,26685419,26685419-11999,Unknown,Male,Black
488,26755982,26755982-12034,25-44,Female,White Hispanic
489,26823542,26823542-12013,Unknown,Male,Black
490,26823542,26823542-12014,Unknown,Male,Black
491,26947145,26947145-12043,25-44,Male,Black
492,27196491,27196491-12094,Unknown,Unknown,Unknown
493,27369603,27369603-12141,Unknown,Male,Black
494,27369603,27369603-12142,Unknown,Male,Black
495,27369603,27369603-12143,Unknown,Male,Black
496,27606750,27606750-12156,18-24,Male,Black
497,27606750,27606750-12157,18-24,Male,Black
498,27606750,27606750-12158,25-44,Male,Black
499,27606750,27606750-12159,<18,Male,Black
500,28206269,28206269-12202,18-24,Male,Black Hispanic
501,28224890,28224890-12195,25-44,Male,White Hispanic
502,28224893,28224893-12199,25-44,Male,Black
503,28285980,28285980-12230,25-44,Male,Black
504,28560898,28560898-12295,18-24,Male,Black
505,28609126,28609126-12280,18-24,Male,White Hispanic
506,28848168,28848168-12518,Unknown,Male,Black
507,29059037,29059037-12424,25-44,Male,Black
508,29191552,29191552-12486,Unknown,Male,Black
509,29191555,29191555-12484,Unknown,Unknown,Unknown
510,29210900,29210900-12510,Unknown,Male,Black Hispanic
511,29210900,29210900-12511,Unknown,Male,Black
512,29230193,29230193-12495,18-24,Male,Black
513,29230193,29230193-12512,25-44,Male,Black
514,29406945,29406945-12558,25-44,Male,White Hispanic
515,32155717,32155717-12607,18-24,Male,Black Hispanic
516,32155718,32155718-12608,25-44,Male,Black
517,32155722,32155722-12679,18-24,Male,Black
518,32155726,32155726-12838,25-44,Male,Black
519,32155730,32155730-12635,Unknown,Unknown,Unknown
520,32155730,32155730-12636,Unknown,Unknown,Unknown
521,32288648,32288648-14010,25-44,Male,Black
522,32564597,32564597-12700,<18,Male,Black
523,32564597,32564597-12701,Unknown,Male,Black
524,32564597,32564597-12702,Unknown,Male,Black
525,32564597,32564597-12703,Unknown,Male,Black
526,32704129,32704129-12712,Unknown,Male,Black
527,32835037,32835037-12775,Unknown,Male,Black
528,32878659,32878659-12781,25-44,Male,Black
529,32898443,32898443-13291,Unknown,Unknown,Unknown
530,32966723,32966723-12813,Unknown,Unknown,Unknown
531,32966723,32966723-12814,Unknown,Unknown,Unknown
532,33074698,33074698-12849,25-44,Male,Black
533,33075859,33075859-12850,18-24,Male,Black
534,33136732,33136732-12873,18-24,Male,Black
535,33227810,33227810-12910,Unknown,Unknown,Black
536,33244461,33244461-12904,18-24,Male,Black Hispanic
537,33397041,33397041-13023,18-24,Male,Black
538,33535832,33535832-12989,Unknown,Male,Black
539,33535832,33535832-13042,Unknown,Male,Black
540,33535834,33535834-12994,Unknown,Male,Black
541,33535836,33535836-13153,Unknown,Male,Black
542,33588504,33588504-13072,<18,Male,Black
543,33588504,33588504-13073,25-44,Male,Black
544,33635417,33635417-13019,18-24,Male,Black Hispanic
545,33691637,33691637-13052,Unknown,Male,Black
546,33725007,33725007-13085,<18,Male,White Hispanic
547,33725009,33725009-13067,25-44,Male,Black
548,33725013,33725013-13290,18-24,Male,Black
549,33932114,33932114-13150,Unknown,Male,Black
550,33977877,33977877-13171,25-44,Male,Black
551,33977877,33977877-13350,Unknown,Unknown,Unknown
552,34038590,34038590-13199,Unknown,Male,Black
553,34038590,34038590-13203,Unknown,Male,Black
554,34038590,34038590-13204,Unknown,Male,Black
555,34038591,34038591-13200,25-44,Male,Black
556,34098089,34098089-14162,18-24,Male,Black
557,34177179,34177179-13233,Unknown,Male,Black
558,34177179,34177179-13292,25-44,Male,Black
559,34210387,34210387-14127,18-24,Unknown,Black
560,34307319,34307319-13297,18-24,Male,White Hispanic
561,34307319,34307319-13298,25-44,Male,White Hispanic
562,34319321,34319321-13277,18-24,Male,Black
563,34356456,34356456-13288,Unknown,Male,Black
564,34356456,34356456-13289,Unknown,Male,Black
565,34414963,34414963-13677,18-24,Male,Black Hispanic
566,34795357,34795357-13438,Unknown,Unknown,Unknown
567,34880349,34880349-13464,<18,Male,Black
568,34900578,34900578-13453,Unknown,Male,Black
569,34900578,34900578-13472,Unknown,Male,Black
570,34955933,34955933-13480,25-44,Male,Black
571,35002052,35002052-13503,18-24,Male,Black
572,35092372,35092372-13520,Unknown,Unknown,Unknown
573,35114029,35114029-13528,18-24,Male,Black
574,35114029,35114029-13641,Unknown,Male,Black
575,35158620,35158620-13537,25-44,Male,Black
576,35215528,35215528-14950,25-44,Male,Black
577,35215531,35215531-13543,Unknown,Male,Black
578,35215534,35215534-13554,18-24,Male,White Hispanic
579,35215534,35215534-13555,Unknown,Male,White Hispanic
580,35226906,35226906-13564,Unknown,Unknown,Unknown
581,35532833,35532833-13634,Unknown,Unknown,Unknown
582,35768607,35768607-13685,18-24,Male,Black
583,35785815,35785815-13686,25-44,Male,Black Hispanic
584,35785815,35785815-13687,25-44,Male,Black Hispanic
585,35920677,35920677-13726,Unknown,Male,Black
586,35920677,35920677-13727,Unknown,Male,Black
587,35920677,35920677-13728,Unknown,Male,Black
588,35972471,35972471-13764,18-24,Male,Black
589,36120899,36120899-13767,Unknown,Male,Black
590,36120899,36120899-13768,Unknown,Male,Black
591,36120899,36120899-13769,Unknown,Male,White Hispanic
592,36198161,36198161-13787,18-24,Male,Black
593,36379158,36379158-14184,25-44,Male,Black
594,37207639,37207639-13842,Unknown,Unknown,Unknown
595,37207873,37207873-13834,Unknown,Male,Black
596,37351916,37351916-13861,Unknown,Male,Black
597,37351916,37351916-13862,Unknown,Male,Black
598,37351916,37351916-13863,Unknown,Male,Black
599,37371248,37371248-13860,Unknown,Unknown,Unknown
600,37505924,37505924-13891,18-24,Male,White Hispanic
601,37674492,37674492-13933,Unknown,Male,Black
602,37674558,37674558-13924,<18,Male,Black
603,37781167,37781167-14210,25-44,Male,Black
604,37917251,37917251-13962,18-24,Male,Black Hispanic
605,38077263,38077263-13966,Unknown,Male,Unknown
606,38453899,38453899-13992,18-24,Male,Black
607,38771630,38771630-14011,18-24,Male,Black
608,38771630,38771630-14012,<18,Male,Black
609,38817522,38817522-14017,65+,Male,White Hispanic
610,41561911,41561911-14149,Unknown,Unknown,Unknown
611,44409482,44409482-14166,18-24,Male,Black
612,44936761,44936761-14270,18-24,Male,White Hispanic
613,45295554,45295554-14316,<18,Male,Black
614,45789776,45789776-14372,Unknown,Male,Black
615,46072798,46072798-14434,18-24,Male,Black
616,46120182,46120182-14444,18-24,Male,Black
617,46221903,46221903-14458,25-44,Male,Black
618,46221903,46221903-14504,25-44,Male,Black Hispanic
619,46221903,46221903-14575,25-44,Male,White Hispanic
620,46322240,46322240-14483,Unknown,Male,Black
621,46425489,46425489-14511,18-24,Male,Black
622,46715566,46715566-14572,Unknown,Male,Black
623,46803517,46803517-14591,25-44,Male,Black
624,46828607,46828607-14593,18-24,Male,Black
625,46887795,46887795-14601,Unknown,Male,Black
626,46998153,46998153-14639,45-64,Male,White Hispanic
627,47022063,47022063-14643,45-64,Female,Black
628,47044335,47044335-14665,18-24,Male,Black
629,47360934,47360934-14750,18-24,Male,Black
630,47360934,47360934-14751,18-24,Male,Black
631,10038627,10038627-9064,Unknown,Male,Unknown
632,10038630,10038630-9070,Unknown,Male,Black
633,10038630,10038630-9071,Unknown,Male,Black
634,10038634,10038634-9075,Unknown,Male,Unknown
635,10038634,10038634-9079,Unknown,Male,Unknown
636,10038640,10038640-9083,Unknown,Unknown,Unknown
637,10137426,10137426-9145,<18,Male,Black
638,10187508,10187508-9201,18-24,Male,White Hispanic
639,10240243,10240243-9228,Unknown,Unknown,Unknown
640,10240251,10240251-9248,18-24,Male,Black
641,10240262,10240262-9262,Unknown,Male,Black
642,10333333,10333333-9298,Unknown,Male,Black
643,10333338,10333338-9305,Unknown,Unknown,Unknown
644,10411002,10411002-9316,Unknown,Male,Black
645,10411002,10411002-9317,Unknown,Male,Black
646,10454367,10454367-9350,18-24,Male,White Hispanic
647,10454369,10454369-9353,Unknown,Unknown,Unknown
648,10619048,10619048-9387,Unknown,Unknown,Unknown
649,10619067,10619067-9416,Unknown,Male,Black
650,10619074,10619074-9427,18-24,Male,Black
651,10619080,10619080-9437,Unknown,Male,Black
652,10619080,10619080-9464,Unknown,Male,Black
653,10619080,10619080-9465,Unknown,Male,Black
654,10619080,10619080-9466,Unknown,Male,Black
655,10619087,10619087-9444,<18,Male,Black
656,10660747,10660747-9458,<18,Male,Black
657,10660755,10660755-9471,Unknown,Unknown,Unknown
658,10879226,10879226-9605,Unknown,Unknown,Unknown
659,10953930,10953930-9629,18-24,Male,White Hispanic
660,11118215,11118215-9731,Unknown,Male,Black
661,11118228,11118228-9754,Unknown,Male,Black
662,11118228,11118228-9757,Unknown,Male,Black
663,11118233,11118233-9760,Unknown,Unknown,Unknown
664,11118240,11118240-11239,18-24,Male,White Hispanic
665,11118241,11118241-9771,Unknown,Male,Black
666,11118242,11118242-9772,Unknown,Male,Black
667,11118246,11118246-9779,25-44,Male,Black
668,11118250,11118250-9785,25-44,Male,Black
669,11118837,11118837-9738,18-24,Male,White Hispanic
670,12679350,12679350-9797,Unknown,Male,Black
671,12679359,12679359-9810,<18,Male,White Hispanic
672,12835936,12835936-9812,18-24,Male,Black
673,12835939,12835939-9815,Unknown,Unknown,Unknown
674,15400546,15400546-9859,25-44,Male,Black
675,15400570,15400570-9897,Unknown,Unknown,Unknown
676,16631429,16631429-9909,Unknown,Male,White Hispanic
677,16631429,16631429-9910,Unknown,Male,Unknown
678,16631467,16631467-9963,45-64,Male,Black
679,16631473,16631473-9974,Unknown,Male,Black
680,16631505,16631505-10028,<18,Male,Black
681,16631508,16631508-10031,<18,Male,Black Hispanic
682,16814036,16814036-10162,Unknown,Unknown,Unknown
683,16895009,16895009-10184,Unknown,Male,Black
684,16895009,16895009-10185,Unknown,Male,Black
685,16895017,16895017-10196,Unknown,Unknown,Unknown
686,23354052,23354052-10247,Unknown,Male,White Hispanic
687,23354061,23354061-10258,18-24,Male,Black
688,23354075,23354075-10281,25-44,Male,Black Hispanic
689,23354089,23354089-10296,45-64,Male,White
690,23354101,23354101-10310,18-24,Male,Black
691,23354115,23354115-10342,Unknown,Male,Black
692,23354117,23354117-10345,Unknown,Unknown,Unknown
693,23421776,23421776-10410,25-44,Male,White Hispanic
694,23421783,23421783-10418,Unknown,Unknown,Unknown
695,23588715,23588715-10567,Unknown,Male,Black
696,23588715,23588715-10568,Unknown,Male,Black
697,23625562,23625562-10588,Unknown,Male,Black
698,23625568,23625568-10600,18-24,Male,Black
699,23650230,23650230-10619,Unknown,Unknown,Unknown
700,23710961,23710961-10650,18-24,Male,Black
701,23722469,23722469-10652,Unknown,Male,Unknown
702,23722469,23722469-10686,Unknown,Male,Unknown
703,23722475,23722475-10658,Unknown,Unknown,Unknown
704,23775803,23775803-10696,Unknown,Male,Black
705,23775803,23775803-10785,Unknown,Male,Black
706,23775803,23775803-10786,Unknown,Female,Black
707,23791864,23791864-10715,Unknown,Male,Black
708,23791864,23791864-10723,Unknown,Male,Black
709,23791864,23791864-10724,Unknown,Male,Black
710,23833843,23833843-10742,Unknown,Male,Unknown
711,23846692,23846692-10757,Unknown,Male,Black
712,23945311,23945311-10810,25-44,Male,Black
713,24027561,24027561-10853,Unknown,Male,Black
714,24027561,24027561-10854,Unknown,Female,Black
715,24103849,24103849-10931,25-44,Male,White Hispanic
716,24103849,24103849-10932,25-44,Male,White Hispanic
717,24171874,24171874-10973,Unknown,Unknown,Unknown
718,24264431,24264431-11022,Unknown,Unknown,Unknown
719,24303624,24303624-11040,Unknown,Male,Black
720,24303624,24303624-11042,Unknown,Male,Black
721,24394053,24394053-11077,25-44,Male,Black
722,24449554,24449554-11100,18-24,Male,Black
723,24516761,24516761-11157,<18,Male,Black
724,24687027,24687027-11254,Unknown,Male,Black
725,24687027,24687027-11255,Unknown,Male,Black
726,24717008,24717008-11211,Unknown,Male,Black
727,24814499,24814499-11323,18-24,Male,Black
728,24814512,24814512-11293,18-24,Male,Black
729,25095840,25095840-11424,18-24,Male,White Hispanic
730,25095840,25095840-11526,25-44,Male,Black Hispanic
731,25095840,25095840-11527,<18,Male,Black Hispanic
732,25095840,25095840-11528,18-24,Male,Black Hispanic
733,25095840,25095840-11529,25-44,Male,Black Hispanic
734,25257126,25257126-11485,Unknown,Male,Black
735,25297605,25297605-16320,25-44,Male,Black
736,25297608,25297608-11493,18-24,Male,Black
737,25313900,25313900-11496,25-44,Male,Black
738,25424625,25424625-11536,Unknown,Male,Black
739,25424627,25424627-11542,Unknown,Male,Black
740,25527193,25527193-11582,25-44,Male,Black
741,25527193,25527193-11583,Unknown,Male,Black
742,25713834,25713834-11647,Unknown,Male,Black
743,25950256,25950256-11830,Unknown,Unknown,Unknown
744,26054096,26054096-11789,18-24,Male,Black
745,26087356,26087356-11797,18-24,Male,Black
746,26103365,26103365-11972,Unknown,Male,Black Hispanic
747,26103369,26103369-11809,18-24,Male,White Hispanic
748,26103369,26103369-11898,18-24,Male,White Hispanic
749,26131955,26131955-11822,Unknown,Unknown,Unknown
750,26302593,26302593-12341,Unknown,Male,Unknown
751,26430181,26430181-11938,18-24,Male,Black
752,26475587,26475587-11935,25-44,Male,White Hispanic
753,26513629,26513629-12264,Unknown,Unknown,Unknown
754,26640630,26640630-12402,Unknown,Male,Black
755,26755980,26755980-12001,18-24,Male,Black
756,26755980,26755980-12002,18-24,Male,Black
757,26755980,26755980-12048,18-24,Male,Black
758,26805789,26805789-12028,Unknown,Unknown,Unknown
759,26823547,26823547-12016,Unknown,Male,Black
760,26823547,26823547-12023,25-44,Female,Black
761,27026437,27026437-12055,25-44,Male,Black
762,27326286,27326286-12111,25-44,Male,Black
763,27538788,27538788-12150,Unknown,Male,White Hispanic
764,28318238,28318238-12240,Unknown,Male,Unknown
765,28460613,28460613-12256,18-24,Male,Black
766,28503014,28503014-12267,Unknown,Unknown,Unknown
767,28560895,28560895-12306,25-44,Male,Black
768,28560895,28560895-12312,18-24,Male,Black
769,28590673,28590673-12279,Unknown,Male,Black
770,28742772,28742772-12436,Unknown,Male,Black
771,28790281,28790281-12389,25-44,Male,Black
772,28812355,28812355-12345,<18,Male,Black
773,28832628,28832628-12365,<18,Male,Black
774,28848166,28848166-12366,Unknown,Male,Unknown
775,28946341,28946341-12387,18-24,Male,Black
776,28980868,28980868-12394,Unknown,Male,Black
777,29013341,29013341-12400,25-44,Male,Black
778,29080494,29080494-12431,25-44,Male,Black
779,29080494,29080494-13556,25-44,Male,Black
780,29080494,29080494-13657,25-44,Male,Black
781,29080494,29080494-13964,25-44,Male,Black
782,29246083,29246083-12544,Unknown,Male,Black
783,29277326,29277326-12691,18-24,Male,Black
784,29301884,29301884-12530,18-24,Male,Black
785,29357207,29357207-12545,Unknown,Male,Unknown
786,29373510,29373510-12566,18-24,Male,Black
787,29373510,29373510-12567,18-24,Male,Black
788,29406949,29406949-12571,Unknown,Male,Black
789,29406949,29406949-12572,Unknown,Male,Black
790,29406949,29406949-12573,Unknown,Male,Black
791,29406949,29406949-12574,Unknown,Male,Black
792,29479154,29479154-12732,18-24,Male,Black
793,32272871,32272871-12817,Unknown,Male,Black
794,32272871,32272871-12818,Unknown,Male,Black
795,32272871,32272871-12819,Unknown,Male,Black
796,32272872,32272872-12656,25-44,Male,Black
797,32303923,32303923-12663,Unknown,Male,Black Hispanic
798,32303923,32303923-12664,Unknown,Male,Black Hispanic
799,32320691,32320691-12669,18-24,Male,Black
800,32821783,32821783-12766,18-24,Male,Black Hispanic
801,32835036,32835036-12776,Unknown,Male,Black
802,32981966,32981966-12807,18-24,Male,Black Hispanic
803,32981966,32981966-12839,18-24,Male,White Hispanic
804,33353736,33353736-13572,18-24,Male,Black
805,33353736,33353736-13573,25-44,Male,Black
806,33397045,33397045-13102,25-44,Male,Black
807,33478093,33478093-12966,Unknown,Unknown,Unknown
808,33636000,33636000-13360,18-24,Male,Black
809,33691632,33691632-13123,18-24,Male,Black
810,33691635,33691635-13050,Unknown,Unknown,Unknown
811,33725003,33725003-13104,Unknown,Male,Black
812,33725003,33725003-13105,Unknown,Male,Black
813,33860393,33860393-13134,25-44,Male,Black
814,33962075,33962075-13158,Unknown,Male,Black
815,33962075,33962075-13159,Unknown,Male,Black
816,33962075,33962075-13160,Unknown,Male,Black
817,33992789,33992789-13166,Unknown,Male,Black
818,33992789,33992789-13167,Unknown,Male,Black
819,33992789,33992789-13168,Unknown,Male,Black
820,34129873,34129873-13352,18-24,Male,Black
821,34129875,34129875-13221,Unknown,Male,Black
822,34162751,34162751-13235,25-44,Male,Black
823,34337217,34337217-13286,Unknown,Unknown,Unknown
824,34377231,34377231-13295,Unknown,Unknown,Unknown
825,34377231,34377231-13300,18-24,Male,Black
826,34377232,34377232-13301,25-44,Male,Black
827,34377236,34377236-13306,18-24,Male,Black
828,34396683,34396683-13336,18-24,Male,Black
829,34396683,34396683-13401,18-24,Male,Black Hispanic
830,34414961,34414961-13333,Unknown,Male,Black
831,34481493,34481493-13400,Unknown,Male,Black
832,34720461,34720461-13403,18-24,Male,Black Hispanic
833,34774111,34774111-16387,25-44,Male,Black
834,34774111,34774111-16876,25-44,Male,Black
835,34774111,34774111-16912,25-44,Male,Black
836,34795356,34795356-13435,18-24,Male,Black
837,34864267,34864267-13459,<18,Male,Black
838,34930535,34930535-13474,Unknown,Unknown,Unknown
839,34955935,34955935-13484,18-24,Male,Black
840,34979906,34979906-13483,18-24,Male,Black Hispanic
841,35114027,35114027-13521,25-44,Male,Black
842,35114027,35114027-13522,25-44,Male,Black
843,35158621,35158621-13533,Unknown,Male,Black
844,35265783,35265783-13566,Unknown,Male,Black
845,35323546,35323546-13584,18-24,Male,Black
846,35339138,35339138-14049,45-64,Male,White
847,35339138,35339138-14050,25-44,Female,White
848,35406561,35406561-13604,Unknown,Unknown,Unknown
849,35480308,35480308-13611,25-44,Male,Black Hispanic
850,35480308,35480308-13636,18-24,Female,White Hispanic
851,35604773,35604773-13662,<18,Male,Black Hispanic
852,35642374,35642374-13660,Unknown,Unknown,Unknown
853,35890100,35890100-13722,25-44,Male,Black
854,35890100,35890100-13735,Unknown,Male,Unknown
855,36158345,36158345-13777,18-24,Male,White Hispanic
856,36158345,36158345-13778,18-24,Male,White Hispanic
857,36158345,36158345-13779,25-44,Male,White Hispanic
858,36243108,36243108-13800,18-24,Male,White Hispanic
859,36243108,36243108-13808,18-24,Male,Black Hispanic
860,36243108,36243108-13809,18-24,Male,Unknown
861,36347357,36347357-13815,Unknown,Unknown,Unknown
862,36362011,36362011-13816,Unknown,Unknown,Unknown
863,36391129,36391129-13822,Unknown,Unknown,Unknown
864,37147759,37147759-13849,25-44,Male,Black
865,37523010,37523010-13904,Unknown,Male,Black Hispanic
866,37610459,37610459-14112,18-24,Male,Black
867,37656662,37656662-13925,18-24,Male,Black
868,37656662,37656662-13926,25-44,Male,Black
869,37695080,37695080-13936,<18,Male,White Hispanic
870,38077256,38077256-13965,25-44,Male,Black
871,38404523,38404523-13978,25-44,Male,Black
872,38453943,38453943-13984,<18,Male,Black
873,38772038,38772038-14148,25-44,Male,Black
874,39031781,39031781-14056,Unknown,Female,White Hispanic
875,39031781,39031781-14057,Unknown,Male,White Hispanic
876,39177407,39177407-14085,<18,Male,Black
877,39217534,39217534-14087,Unknown,Male,Black
878,39546150,39546150-14138,18-24,Male,Black
879,44409483,44409483-14163,18-24,Male,Black
880,44732327,44732327-14229,18-24,Male,White Hispanic
881,44732328,44732328-14230,18-24,Male,Unknown
882,45183542,45183542-14292,25-44,Male,Black
883,45337938,45337938-14321,18-24,Male,Black
884,45872842,45872842-14385,Unknown,Male,Black
885,45872842,45872842-14386,Unknown,Male,Black
886,45898006,45898006-14517,18-24,Male,Black
887,45990092,45990092-14417,18-24,Male,Black
888,45990092,45990092-14418,18-24,Male,Black
889,46048906,46048906-14426,<18,Male,Black
890,46175332,46175332-14452,Unknown,Unknown,Unknown
891,46342069,46342069-14493,Unknown,Unknown,Unknown
892,46425487,46425487-16248,<18,Male,Black
893,46751475,46751475-14638,Unknown,Unknown,Unknown
894,46828606,46828606-14592,18-24,Male,Black
895,46849913,46849913-14598,25-44,Male,Black
896,47182987,47182987-14690,Unknown,Unknown,Unknown
897,47334457,47334457-14732,18-24,Male,Black
898,47360931,47360931-14743,25-44,Male,Black
899,47360931,47360931-15938,25-44,Male,Black
900,47447807,47447807-14940,25-44,Male,Black
901,47487783,47487783-14785,Unknown,Unknown,Unknown
902,47487791,47487791-14826,18-24,Male,Black Hispanic
903,47487791,47487791-14827,18-24,Male,White Hispanic
904,47515489,47515489-14848,Unknown,Male,Black
905,47515489,47515489-14849,Unknown,Male,Black
906,47768909,47768909-15058,45-64,Male,Black
907,47851712,47851712-14816,18-24,Male,Black
908,47851712,47851712-14822,25-44,Male,Black
909,48043470,48043470-14872,Unknown,Unknown,Unknown
910,48043472,48043472-15131,<18,Male,Black
911,48243736,48243736-14909,Unknown,Male,Black
912,48243736,48243736-14910,Unknown,Male,Black
913,48243736,48243736-14911,Unknown,Male,Black
914,48304786,48304786-14939,18-24,Male,Black
915,48418958,48418958-19371,18-24,Male,Black Hispanic
916,48418958,48418958-19372,25-44,Male,Black
917,48418958,48418958-23069,25-44,Male,White Hispanic
918,48440045,48440045-14976,25-44,Male,Black
919,48521446,48521446-14989,Unknown,Unknown,Unknown
920,49541740,49541740-15055,18-24,Male,White Hispanic
921,9953258,9953258-9054,Unknown,Male,Black
922,10038624,10038624-9060,Unknown,Male,Black
923,10187488,10187488-9167,Unknown,Unknown,Unknown
924,10187497,10187497-9185,25-44,Male,Black
925,10187504,10187504-9197,18-24,Male,Black
926,10187505,10187505-9198,Unknown,Unknown,Unknown
927,10240248,10240248-9245,18-24,Male,Black
928,10240248,10240248-11241,18-24,Male,Black
929,10240257,10240257-9254,Unknown,Male,White Hispanic
930,10333317,10333317-9281,Unknown,Male,White Hispanic
931,10454364,10454364-9343,Unknown,Unknown,Unknown
932,10619085,10619085-9442,18-24,Male,White Hispanic
933,10619086,10619086-9443,<18,Male,Black
934,10619088,10619088-9445,Unknown,Male,White Hispanic
935,10619088,10619088-9454,Unknown,Male,White Hispanic
936,10619088,10619088-9455,Unknown,Male,White Hispanic
937,10660757,10660757-9473,Unknown,Unknown,Unknown
938,10764209,10764209-9519,25-44,Male,Black
939,10804585,10804585-9536,Unknown,Unknown,Unknown
940,10804598,10804598-9558,<18,Male,Black
941,10804600,10804600-9560,25-44,Male,Black
942,10879211,10879211-9577,18-24,Male,Black
943,10879211,10879211-9604,18-24,Male,Black
944,10879217,10879217-9588,Unknown,Unknown,Unknown
945,10879222,10879222-9595,25-44,Male,Black
946,10953935,10953935-9637,Unknown,Unknown,Unknown
947,11118838,11118838-9663,Unknown,Unknown,Unknown
948,11118853,11118853-9687,18-24,Male,Black
949,12679357,12679357-9806,Unknown,Unknown,Unknown
950,12835941,12835941-9817,Unknown,Male,Black
951,12835941,12835941-9818,Unknown,Male,Black
952,12835941,12835941-9819,Unknown,Male,Black
953,12835951,12835951-9829,<18,Male,Black
954,15400545,15400545-9856,Unknown,Male,Black
955,15400553,15400553-9871,18-24,Male,White Hispanic
956,16631451,16631451-9935,Unknown,Male,Black
957,16631458,16631458-9951,Unknown,Male,Black
958,16692683,16692683-10074,25-44,Male,Black Hispanic
959,16733767,16733767-10100,Unknown,Unknown,Unknown
960,16733772,16733772-10105,Unknown,Male,Black
961,16814023,16814023-10138,Unknown,Male,Black
962,16814029,16814029-10146,18-24,Male,Black
963,16814039,16814039-10168,25-44,Male,Black
964,16895024,16895024-10206,18-24,Male,Black
965,16895025,16895025-11234,25-44,Male,Black
966,16895033,16895033-10216,25-44,Male,Black
967,16895039,16895039-10224,25-44,Male,Black
968,16895039,16895039-10225,25-44,Male,Black
969,16895039,16895039-10235,Unknown,Male,Black
970,16895039,16895039-10236,Unknown,Male,Black
971,23354056,23354056-10253,Unknown,Unknown,Unknown
972,23354072,23354072-10275,Unknown,Male,Black
973,23354072,23354072-10369,Unknown,Male,Black
974,23354072,23354072-10370,Unknown,Male,Black
975,23354097,23354097-10438,<18,Male,Black
976,23354099,23354099-10308,Unknown,Unknown,Unknown
977,23354111,23354111-10337,25-44,Male,Black
978,23354113,23354113-10339,<18,Male,Black Hispanic
979,23354116,23354116-10343,Unknown,Unknown,Unknown
980,23354136,23354136-10378,Unknown,Male,Black
981,23421766,23421766-10405,Unknown,Unknown,Unknown
982,23421793,23421793-10431,Unknown,Unknown,Unknown
983,23588712,23588712-10564,25-44,Male,Black
984,23678694,23678694-10627,Unknown,Male,Black
985,23678694,23678694-10628,Unknown,Male,Black Hispanic
986,23678694,23678694-10629,Unknown,Male,White Hispanic
987,23678694,23678694-10630,Unknown,Male,Black Hispanic
988,23678694,23678694-10631,Unknown,Male,Black Hispanic
989,23710963,23710963-10651,Unknown,Male,Unknown
990,23807438,23807438-10725,18-24,Male,Black
991,23807438,23807438-10988,18-24,Male,Black
992,23833842,23833842-10741,Unknown,Male,Black
993,23846690,23846690-10753,25-44,Male,Black
994,23888268,23888268-10774,Unknown,Unknown,Unknown
995,23888269,23888269-10775,Unknown,Unknown,Unknown
996,23888274,23888274-10784,Unknown,Male,Black
997,23934575,23934575-10801,25-44,Male,White Hispanic
998,23974386,23974386-10833,Unknown,Male,Black
999,24027564,24027564-10857,18-24,Male,Black
1000,24050492,24050492-10896,18-24,Male,Black
1001,24103848,24103848-10930,18-24,Male,Black
1002,24129966,24129966-10941,18-24,Male,Black
1003,24157453,24157453-10958,Unknown,Unknown,Unknown
1004,24157460,24157460-10969,25-44,Male,Black
1005,24171875,24171875-10976,25-44,Male,Black
1006,24248680,24248680-11014,18-24,Male,White Hispanic
1007,24347270,24347270-11218,18-24,Male,Black
1008,24418565,24418565-11086,18-24,Male,Black
1009,24418565,24418565-11088,Unknown,Male,Black
1010,24434216,24434216-11372,25-44,Male,Black
1011,24460718,24460718-11959,Unknown,Male,Unknown
1012,24460722,24460722-11113,18-24,Male,Black Hispanic
1013,24474756,24474756-11097,25-44,Male,Black
1014,24491446,24491446-11103,25-44,Male,White Hispanic
1015,24516763,24516763-11125,Unknown,Male,Unknown
1016,24516763,24516763-11126,Unknown,Male,Unknown
1017,24577497,24577497-11142,Unknown,Male,Black
1018,24740694,24740694-11231,25-44,Male,Black
1019,24740695,24740695-11370,18-24,Male,Black
1020,24773585,24773585-11246,25-44,Male,Black
1021,24797481,24797481-11271,<18,Male,Black
1022,24814508,24814508-11273,<18,Male,Black
1023,24930772,24930772-11349,Unknown,Male,Black
1024,24930772,24930772-11350,Unknown,Female,Black
1025,24930776,24930776-11366,Unknown,Unknown,Unknown
1026,25036112,25036112-11399,Unknown,Male,Black
1027,25036112,25036112-11400,Unknown,Male,Black
1028,25036112,25036112-11401,Unknown,Male,Black
1029,25257128,25257128-11505,18-24,Male,Black
1030,25344911,25344911-11499,25-44,Male,White Hispanic
1031,25466211,25466211-11543,18-24,Male,Black
1032,25466213,25466213-11545,Unknown,Male,Unknown
1033,25476048,25476048-11919,Unknown,Unknown,Unknown
1034,25490117,25490117-11573,Unknown,Male,Unknown
1035,25559790,25559790-11594,Unknown,Male,Black
1036,25658630,25658630-11640,18-24,Male,Black
1037,25658630,25658630-12205,<18,Male,Black
1038,25772050,25772050-11675,Unknown,Male,Black
1039,25786521,25786521-11681,Unknown,Unknown,Unknown
1040,25881911,25881911-11708,Unknown,Male,Black
1041,25881911,25881911-11709,Unknown,Male,Black
1042,25896928,25896928-11716,25-44,Male,Black
1043,25950252,25950252-11811,<18,Male,White Hispanic
1044,26022839,26022839-11761,Unknown,Male,Black
1045,26022839,26022839-11846,Unknown,Male,Black
1046,26035871,26035871-11810,18-24,Male,Black
1047,26103367,26103367-11805,25-44,Male,Black Hispanic
1048,26197187,26197187-11835,Unknown,Unknown,Unknown
1049,26216711,26216711-11851,<18,Male,Black
1050,26269975,26269975-11886,Unknown,Male,Black
1051,26269975,26269975-11985,Unknown,Male,Black
1052,26475583,26475583-11930,<18,Male,White
1053,26849645,26849645-12030,Unknown,Unknown,Unknown
1054,27214698,27214698-12092,Unknown,Unknown,Unknown
1055,27214699,27214699-12096,18-24,Male,Black Hispanic
1056,27369601,27369601-12140,Unknown,Male,Black
1057,27389114,27389114-12118,25-44,Male,Black
1058,28119645,28119645-12177,<18,Male,Black
1059,28156560,28156560-12180,Unknown,Unknown,Unknown
1060,28224896,28224896-12201,Unknown,Unknown,Unknown
1061,28358334,28358334-12528,25-44,Male,Black
1062,28609133,28609133-12286,Unknown,Male,Unknown
1063,28848165,28848165-12361,<18,Male,Black
1064,28848165,28848165-12362,18-24,Male,White Hispanic
1065,28883128,28883128-12359,45-64,Male,Black
1066,29174608,29174608-12477,Unknown,Unknown,Unknown
1067,29246082,29246082-12509,25-44,Male,Black
1068,29277329,29277329-12513,Unknown,Male,Black
1069,29288076,29288076-12535,Unknown,Male,Black
1070,29301879,29301879-12643,Unknown,Male,Unknown
1071,29444849,29444849-12585,Unknown,Male,Unknown
1072,29479155,29479155-12716,18-24,Male,Black
1073,32155720,32155720-12613,Unknown,Male,Unknown
1074,32155720,32155720-12614,Unknown,Male,Unknown
1075,32155720,32155720-12615,Unknown,Male,Unknown
1076,32178481,32178481-12645,Unknown,Male,Black
1077,32178481,32178481-12646,Unknown,Male,Black
1078,32723809,32723809-13246,18-24,Male,Black
1079,32768846,32768846-12740,<18,Male,Black
1080,32807473,32807473-12835,18-24,Male,Black
1081,32835038,32835038-12758,25-44,Male,Black
1082,32835039,32835039-12769,25-44,Male,Black
1083,32898441,32898441-12787,Unknown,Male,White
1084,33161115,33161115-14724,18-24,Male,Black
1085,33253266,33253266-12916,Unknown,Unknown,Unknown
1086,33430214,33430214-12956,18-24,Male,Black
1087,33430214,33430214-12957,25-44,Male,White Hispanic
1088,33430214,33430214-12958,45-64,Male,Black
1089,33516980,33516980-12986,18-24,Male,Black Hispanic
1090,33516980,33516980-13999,18-24,Male,Black Hispanic
1091,33516981,33516981-13476,Unknown,Unknown,Unknown
1092,33569321,33569321-12999,18-24,Male,Black
1093,33706903,33706903-13080,18-24,Male,White Hispanic
1094,33706903,33706903-13081,18-24,Male,White Hispanic
1095,33725005,33725005-13335,18-24,Male,Black
1096,33725005,33725005-21883,18-24,Male,Black
1097,33725005,33725005-22803,25-44,Male,Black
1098,33754541,33754541-13098,<18,Male,White Hispanic
1099,33886851,33886851-13140,Unknown,Male,Black
1100,33932110,33932110-13198,25-44,Male,Black
1101,34098087,34098087-13294,18-24,Male,Black
1102,34129877,34129877-13232,<18,Male,Black
1103,34162750,34162750-13236,18-24,Male,Black
1104,34270249,34270249-13274,Unknown,Male,Black
1105,34396684,34396684-13327,18-24,Male,Black
1106,34562749,34562749-13373,Unknown,Male,Unknown
1107,34578687,34578687-13368,Unknown,Male,White Hispanic
1108,34578687,34578687-13432,Unknown,Male,White Hispanic
1109,34609258,34609258-1,45-64,Male,Black
1110,34864268,34864268-14263,18-24,Male,White Hispanic
1111,34911953,34911953-13469,Unknown,Unknown,Unknown
1112,34930533,34930533-13471,18-24,Male,White Hispanic
1113,34930536,34930536-13473,25-44,Male,Black
1114,35002050,35002050-13493,25-44,Male,White Hispanic
1115,35114028,35114028-13523,<18,Male,Black
1116,35135746,35135746-13524,18-24,Male,White Hispanic
1117,35176233,35176233-13541,<18,Male,Black
1118,35176233,35176233-13542,18-24,Male,Black
1119,35192355,35192355-13552,18-24,Male,Black
1120,35192355,35192355-13553,18-24,Male,Black
1121,35244534,35244534-13561,Unknown,Male,Black
1122,35306479,35306479-13579,18-24,Male,Black Hispanic
1123,35357636,35357636-13610,18-24,Male,Unknown
1124,35357637,35357637-13682,Unknown,Unknown,Unknown
1125,35357639,35357639-13590,Unknown,Unknown,Unknown
1126,35386257,35386257-13600,Unknown,Unknown,Unknown
1127,35604738,35604738-13652,Unknown,Unknown,Unknown
1128,35737626,35737626-13684,Unknown,Unknown,Unknown
1129,35768664,35768664-13699,Unknown,Male,Black
1130,35785808,35785808-13702,Unknown,Male,Black
1131,35785808,35785808-13703,Unknown,Male,Black
1132,35803802,35803802-13694,25-44,Male,Black
1133,36379172,36379172-13820,Unknown,Male,Black
1134,37371269,37371269-13865,Unknown,Male,Black Hispanic
1135,37371269,37371269-13866,Unknown,Male,Black Hispanic
1136,37402786,37402786-14064,18-24,Male,Black
1137,37506071,37506071-13892,Unknown,Male,Black
1138,37559174,37559174-13911,18-24,Male,Black
1139,38453906,38453906-13989,45-64,Male,Black
1140,38453906,38453906-13990,Unknown,Male,Black
1141,38474834,38474834-14000,25-44,Male,Black
1142,38474841,38474841-15773,18-24,Male,Black
1143,38794654,38794654-14007,Unknown,Male,Black
1144,38794654,38794654-14029,Unknown,Male,Black
1145,39008853,39008853-14055,Unknown,Male,Black
1146,39133970,39133970-14073,<18,Male,Black
1147,39158252,39158252-14092,18-24,Male,Black
1148,39158278,39158278-14320,25-44,Male,Black
1149,39273307,39273307-14094,18-24,Male,Black
1150,39273307,39273307-14095,18-24,Male,Black
1151,39273307,39273307-14223,Unknown,Male,Black
1152,39273307,39273307-14279,Unknown,Male,Black
1153,39295797,39295797-14106,18-24,Male,Black
1154,39339764,39339764-14111,18-24,Male,Black
1155,39486199,39486199-14130,<18,Male,Black
1156,39524707,39524707-14133,18-24,Male,Black
1157,39524707,39524707-14141,18-24,Male,Black
1158,44364817,44364817-14157,Unknown,Male,Black Hispanic
1159,44365062,44365062-14169,<18,Male,Black
1160,44365062,44365062-14224,18-24,Male,Black
1161,44576542,44576542-14217,Unknown,Unknown,Unknown
1162,44576547,44576547-14247,25-44,Male,Black
1163,44590456,44590456-14209,18-24,Male,Black
1164,44684282,44684282-14324,Unknown,Unknown,Unknown
1165,44713184,44713184-14261,18-24,Male,White Hispanic
1166,44713184,44713184-14262,<18,Male,White Hispanic
1167,44751686,44751686-14239,25-44,Male,Black
1168,44823478,44823478-14256,Unknown,Male,Unknown
1169,44874424,44874424-14289,18-24,Male,Black
1170,45280066,45280066-14311,Unknown,Unknown,Unknown
1171,45693303,45693303-14355,18-24,Male,Black
1172,45789774,45789774-14379,<18,Male,Black
1173,45809559,45809559-14423,Unknown,Male,Unknown
1174,45872841,45872841-14383,18-24,Male,Black
1175,46048907,46048907-14425,18-24,Male,Black
1176,46120178,46120178-14442,25-44,Male,Black
1177,46120178,46120178-14508,25-44,Male,Black
1178,46120178,46120178-14585,25-44,Female,Black
1179,46141346,46141346-14455,18-24,Male,Unknown
1180,46221904,46221904-15842,18-24,Male,Black
1181,46361468,46361468-14733,Unknown,Unknown,Unknown
1182,46377218,46377218-14505,Unknown,Male,Black
1183,46452056,46452056-14646,25-44,Male,Black
1184,46452062,46452062-14524,25-44,Male,Black
1185,46452062,46452062-14628,25-44,Male,Black
1186,46452062,46452062-14629,18-24,Male,Black
1187,46452064,46452064-14527,<18,Male,White Hispanic
1188,46538073,46538073-14542,18-24,Male,Black
1189,46579214,46579214-14545,25-44,Male,Black
1190,46605241,46605241-14548,Unknown,Male,Black
1191,46715562,46715562-14637,25-44,Male,Black
1192,46889818,46889818-14604,Unknown,Male,Black Hispanic
1193,46931041,46931041-14625,18-24,Female,Black
1194,46931041,46931041-14688,18-24,Male,Black
1195,46931041,46931041-14689,<18,Male,Black
1196,47085791,47085791-15370,Unknown,Unknown,Unknown
1197,47085792,47085792-14683,18-24,Male,Black
1198,47126079,47126079-14675,Unknown,Male,Black
1199,47126079,47126079-14676,Unknown,Male,Black
1200,47126079,47126079-14677,Unknown,Male,Black
1201,47308764,47308764-14726,25-44,Male,Black
1202,47447801,47447801-14767,25-44,Male,Black
1203,47447803,47447803-14760,18-24,Male,Black
1204,47768911,47768911-14791,Unknown,Unknown,Unknown
1205,47768911,47768911-14805,Unknown,Unknown,Unknown
1206,47768913,47768913-14801,18-24,Male,Black
1207,47768913,47768913-14802,18-24,Male,Black
1208,47768913,47768913-14803,18-24,Female,Black Hispanic
1209,47768913,47768913-14804,Unknown,Female,Black Hispanic
1210,47792596,47792596-15372,Unknown,Unknown,Unknown
1211,47887792,47887792-14828,Unknown,Unknown,Unknown
1212,47983978,47983978-14856,18-24,Male,Black
1213,48006261,48006261-14884,Unknown,Unknown,Unknown
1214,48304778,48304778-14926,18-24,Male,White Hispanic
1215,48344585,48344585-15000,25-44,Male,White
1216,48480856,48480856-15616,18-24,Male,Black
1217,49255313,49255313-15011,Unknown,Male,Black
1218,9953252,9953252-9046,25-44,Male,Black
1219,9953252,9953252-9051,25-44,Male,Black
1220,9953257,9953257-9053,18-24,Male,Black
1221,10038631,10038631-9072,18-24,Male,White Hispanic
1222,10137412,10137412-9113,<18,Male,Black
1223,10137412,10137412-9114,18-24,Male,Black
1224,10187486,10187486-9165,Unknown,Male,Black
1225,10240252,10240252-9249,Unknown,Unknown,Unknown
1226,10240260,10240260-9260,18-24,Male,Black
1227,10333306,10333306-9267,<18,Male,Black
1228,10333332,10333332-9297,Unknown,Unknown,Unknown
1229,10333334,10333334-9300,Unknown,Unknown,Unknown
1230,10619052,10619052-9394,Unknown,Unknown,Unknown
1231,10660750,10660750-9513,25-44,Male,Black
1232,10713397,10713397-9492,Unknown,Male,Black
1233,10713405,10713405-9503,18-24,Male,White Hispanic
1234,10713405,10713405-9504,18-24,Male,White Hispanic
1235,10804592,10804592-9547,18-24,Male,White Hispanic
1236,10804592,10804592-9548,18-24,Male,White Hispanic
1237,10804593,10804593-9549,Unknown,Male,Black
1238,10804593,10804593-9551,Unknown,Male,Black
1239,10804595,10804595-9552,Unknown,Male,Black
1240,10804596,10804596-9554,25-44,Male,Black
1241,10879215,10879215-9582,Unknown,Unknown,Unknown
1242,10904921,10904921-9617,25-44,Male,Black
1243,10953937,10953937-9639,25-44,Female,Black
1244,10969345,10969345-9656,Unknown,Unknown,Unknown
1245,11118194,11118194-9699,Unknown,Unknown,Unknown
1246,11118216,11118216-9732,25-44,Male,White Hispanic
1247,11118237,11118237-9766,18-24,Male,Black
1248,11118237,11118237-10182,25-44,Male,Black
1249,11118237,11118237-15238,18-24,Male,Black
1250,11118239,11118239-9769,Unknown,Male,White Hispanic
1251,11118840,11118840-9667,18-24,Male,White Hispanic
1252,12679342,12679342-9788,25-44,Male,Black
1253,12679345,12679345-9792,25-44,Male,Black
1254,12679346,12679346-9793,Unknown,Unknown,Unknown
1255,12679355,12679355-9803,<18,Female,Black
1256,12679355,12679355-9964,18-24,Male,Black
1257,12835943,12835943-9821,Unknown,Male,White Hispanic
1258,16631452,16631452-9938,Unknown,Male,Black
1259,16631452,16631452-9945,Unknown,Male,Black
1260,16631513,16631513-10038,18-24,Male,Black
1261,16692674,16692674-10055,Unknown,Unknown,Unknown
1262,16692686,16692686-10081,25-44,Male,Black
1263,16814030,16814030-10147,Unknown,Unknown,Unknown
1264,16895008,16895008-10183,25-44,Male,Black
1265,16895008,16895008-10195,18-24,Male,Black
1266,16895018,16895018-10197,18-24,Male,Black
1267,16895032,16895032-10215,18-24,Male,Black
1268,23354093,23354093-10300,Unknown,Male,Black
1269,23354093,23354093-10314,Unknown,Male,Black
1270,23354093,23354093-10315,Unknown,Male,Black
1271,23354109,23354109-10329,25-44,Male,Black
1272,23354109,23354109-10330,18-24,Male,Black
1273,23354109,23354109-10331,Unknown,Male,Black
1274,23354109,23354109-10332,Unknown,Male,Black
1275,23354127,23354127-10360,18-24,Male,Black
1276,23354127,23354127-10368,25-44,Male,Black
1277,23354132,23354132-10374,Unknown,Unknown,Unknown
1278,23354146,23354146-10391,Unknown,Unknown,Unknown
1279,23421782,23421782-10417,Unknown,Unknown,Unknown
1280,23421803,23421803-10446,18-24,Male,Black
1281,23512408,23512408-10509,<18,Male,Black
1282,23512408,23512408-10510,18-24,Male,Black
1283,23549340,23549340-10541,Unknown,Male,Black
1284,23549342,23549342-10543,18-24,Male,Black
1285,23564122,23564122-10545,18-24,Male,Black
1286,23564123,23564123-10546,Unknown,Male,Black
1287,23601897,23601897-10578,25-44,Male,Black
1288,23613986,23613986-10582,Unknown,Male,Black
1289,23665376,23665376-10621,18-24,Male,White Hispanic
1290,23665376,23665376-10626,18-24,Male,White Hispanic
1291,23791866,23791866-10717,25-44,Male,Black
1292,23807437,23807437-10722,Unknown,Unknown,Unknown
1293,23846685,23846685-10745,18-24,Male,White Hispanic
1294,23846685,23846685-10763,18-24,Male,White Hispanic
1295,23846685,23846685-10764,18-24,Male,White Hispanic
1296,23846685,23846685-10765,<18,Male,White Hispanic
1297,23920279,23920279-10792,Unknown,Male,Black
1298,23934577,23934577-10803,18-24,Male,Black
1299,23974388,23974388-10836,Unknown,Unknown,Unknown
1300,23974389,23974389-10839,Unknown,Unknown,Unknown
1301,23999560,23999560-10852,18-24,Male,Black
1302,24027562,24027562-10855,Unknown,Unknown,Unknown
1303,24050474,24050474-10875,25-44,Male,Black
1304,24050486,24050486-10886,18-24,Male,White Hispanic
1305,24050486,24050486-10913,25-44,Male,White Hispanic
1306,24078700,24078700-14314,25-44,Male,Black
1307,24157444,24157444-10950,Unknown,Unknown,Unknown
1308,24335996,24335996-11052,Unknown,Male,Black
1309,24347275,24347275-11069,Unknown,Male,Black
1310,24394054,24394054-11079,Unknown,Male,Unknown
1311,24394056,24394056-11080,25-44,Male,Black
1312,24449549,24449549-11093,25-44,Male,White Hispanic
1313,24474753,24474753-11918,Unknown,Unknown,Unknown
1314,24491450,24491450-11173,18-24,Male,Black
1315,24491453,24491453-11197,Unknown,Male,White Hispanic
1316,24516764,24516764-11127,25-44,Male,Black
1317,24577498,24577498-11144,18-24,Male,Black
1318,24577498,24577498-11170,25-44,Male,Black
1319,24626222,24626222-11182,Unknown,Male,Black
1320,24626222,24626222-11183,Unknown,Male,Black
1321,24675453,24675453-11199,Unknown,Unknown,Unknown
1322,24675456,24675456-11213,25-44,Male,Black
1323,24675456,24675456-11214,18-24,Male,Black
1324,24675456,24675456-11843,18-24,Male,Black
1325,24797484,24797484-11257,Unknown,Male,Black Hispanic
1326,24814504,24814504-11270,Unknown,Male,Black
1327,24954783,24954783-11365,<18,Male,Black
1328,24954783,24954783-11387,<18,Male,Black
1329,24954783,24954783-11388,<18,Male,Black
1330,24954783,24954783-11389,18-24,Male,Black
1331,24954783,24954783-11440,Unknown,Female,Black
1332,24954785,24954785-11369,18-24,Male,Black
1333,25023633,25023633-11410,Unknown,Male,Black
1334,25055208,25055208-11413,25-44,Male,Black
1335,25313902,25313902-11534,25-44,Male,Black
1336,25344910,25344910-11837,18-24,Male,Black
1337,25370559,25370559-11531,Unknown,Male,Unknown
1338,25424626,25424626-12438,Unknown,Male,Unknown
1339,25424626,25424626-12439,Unknown,Male,Unknown
1340,25424629,25424629-11539,25-44,Male,White
1341,25440820,25440820-11574,Unknown,Male,Unknown
1342,25476049,25476049-11552,Unknown,Male,Unknown
1343,25559789,25559789-11592,25-44,Male,White Hispanic
1344,25574776,25574776-11596,18-24,Male,Black
1345,25574776,25574776-11597,18-24,Male,Black Hispanic
1346,25865880,25865880-11853,Unknown,Unknown,Unknown
1347,25865881,25865881-11706,Unknown,Male,Black
1348,25921480,25921480-11729,25-44,Male,Black
1349,25965072,25965072-11745,25-44,Male,Black
1350,26022840,26022840-11762,<18,Male,Black
1351,26022840,26022840-11801,<18,Male,Black
1352,26022843,26022843-11765,Unknown,Unknown,Unknown
1353,26022844,26022844-11766,18-24,Male,Black
1354,26054094,26054094-11781,18-24,Male,Black
1355,26054094,26054094-11782,<18,Male,Black
1356,26054095,26054095-11842,Unknown,Unknown,Unknown
1357,26054099,26054099-11785,Unknown,Male,Black
1358,26069302,26069302-11786,18-24,Male,White Hispanic
1359,26131954,26131954-11823,Unknown,Unknown,Black
1360,26131954,26131954-11958,Unknown,Unknown,Unknown
1361,26164650,26164650-11817,Unknown,Male,Black
1362,26164650,26164650-11820,Unknown,Male,Black
1363,26164650,26164650-11821,Unknown,Male,Black
1364,26383073,26383073-11914,Unknown,Unknown,Unknown
1365,26658044,26658044-11993,Unknown,Male,Unknown
1366,26989347,26989347-12046,25-44,Male,Black
1367,27126163,27126163-12079,Unknown,Male,Black
1368,27126163,27126163-12085,Unknown,Male,White Hispanic
1369,27126164,27126164-12081,Unknown,Unknown,Unknown
1370,27181288,27181288-12097,18-24,Male,White Hispanic
1371,27518749,27518749-12148,Unknown,Male,Black
1372,28135652,28135652-12174,Unknown,Unknown,Unknown
1373,28460611,28460611-12260,18-24,Male,White Hispanic
1374,28460611,28460611-12261,<18,Male,White Hispanic
1375,28478238,28478238-12290,25-44,Male,Black
1376,28478238,28478238-12291,18-24,Male,Black
1377,28503012,28503012-13133,<18,Male,Black
1378,28560896,28560896-12276,Unknown,Unknown,Unknown
1379,28575966,28575966-12422,Unknown,Male,Black
1380,28590672,28590672-12294,Unknown,Unknown,Unknown
1381,28590674,28590674-13430,Unknown,Unknown,Unknown
1382,28590676,28590676-12292,Unknown,Male,Black Hispanic
1383,28590676,28590676-12293,Unknown,Male,Black Hispanic
1384,28848169,28848169-12368,25-44,Male,Black
1385,28863609,28863609-12354,Unknown,Male,Black
1386,28863609,28863609-12364,Unknown,Male,Black
1387,28892746,28892746-12526,Unknown,Unknown,Unknown
1388,28993503,28993503-12396,Unknown,Male,Black
1389,29059029,29059029-12638,Unknown,Male,Unknown
1390,29098922,29098922-12455,Unknown,Male,Black
1391,29098922,29098922-12456,Unknown,Male,Black
1392,29210903,29210903-12490,<18,Male,Black
1393,29277331,29277331-12502,<18,Male,Black
1394,29320288,29320288-12538,<18,Unknown,Unknown
1395,29388842,29388842-12569,18-24,Male,White Hispanic
1396,29406946,29406946-12587,Unknown,Unknown,Unknown
1397,32155728,32155728-12619,18-24,Male,Black Hispanic
1398,32155728,32155728-12620,18-24,Male,Black Hispanic
1399,32272874,32272874-12659,Unknown,Male,Black
1400,32564593,32564593-12697,18-24,Male,Black
1401,32564593,32564593-12698,18-24,Male,Black
1402,32690336,32690336-12707,Unknown,Unknown,Unknown
1403,32723801,32723801-12729,25-44,Male,Black
1404,32949484,32949484-12808,18-24,Male,Black
1405,32949484,32949484-12809,25-44,Male,Black
1406,33008213,33008213-12823,18-24,Male,White Hispanic
1407,33008213,33008213-12824,18-24,Female,White Hispanic
1408,33008213,33008213-12825,18-24,Male,White Hispanic
1409,33075028,33075028-12852,25-44,Female,Black
1410,33139142,33139142-12881,25-44,Male,Black
1411,33227812,33227812-13093,Unknown,Male,Black
1412,33227812,33227812-13094,Unknown,Male,Black
1413,33244457,33244457-12912,25-44,Male,Black
1414,33244457,33244457-13041,18-24,Male,Black
1415,33244459,33244459-12919,<18,Male,Black
1416,33273405,33273405-12921,Unknown,Unknown,Unknown
1417,33353723,33353723-12922,Unknown,Male,Black
1418,33413503,33413503-12931,25-44,Male,Black
1419,33413510,33413510-12951,18-24,Male,Black
1420,33478095,33478095-13346,Unknown,Male,White Hispanic
1421,33516983,33516983-12990,25-44,Male,Black
1422,33725004,33725004-13243,Unknown,Male,White
1423,33791631,33791631-13112,18-24,Male,White Hispanic
1424,33791631,33791631-13669,18-24,Male,White Hispanic
1425,33809815,33809815-13120,25-44,Male,Black
1426,33809815,33809815-13121,18-24,Male,Black
1427,33932111,33932111-13146,18-24,Male,Black
1428,33932111,33932111-13147,18-24,Male,Black
1429,33977870,33977870-13195,<18,Male,Black
1430,33977874,33977874-13172,Unknown,Male,Black
1431,33977874,33977874-13173,Unknown,Male,Black
1432,33977874,33977874-13174,Unknown,Male,Black
1433,34010728,34010728-13182,Unknown,Male,Black
1434,34010732,34010732-13175,18-24,Male,Black
1435,34010736,34010736-13181,Unknown,Male,Black
1436,34078658,34078658-13208,18-24,Male,Black Hispanic
1437,34129871,34129871-13228,Unknown,Male,Black
1438,34270250,34270250-13257,Unknown,Unknown,Unknown
1439,34319322,34319322-13280,Unknown,Male,Black
1440,34372243,34372243-13299,Unknown,Male,Black
1441,34377233,34377233-13304,25-44,Male,Black
1442,34377233,34377233-13351,Unknown,Male,Black
1443,34430624,34430624-13330,Unknown,Male,White Hispanic
1444,34430625,34430625-13316,Unknown,Male,Black
1445,34545398,34545398-13364,Unknown,Male,Black
1446,34578686,34578686-13376,Unknown,Male,Black
1447,34795158,34795158-13431,25-44,Male,Black
1448,34880358,34880358-13591,Unknown,Male,Black
1449,35265784,35265784-13570,Unknown,Male,Black
1450,35265784,35265784-13571,Unknown,Male,Black
1451,35406558,35406558-13732,18-24,Male,Black
1452,35446122,35446122-13718,Unknown,Male,Black
1453,35502291,35502291-13625,Unknown,Male,Unknown
1454,35502296,35502296-13645,18-24,Male,Black
1455,35552370,35552370-13678,<18,Male,White Hispanic
1456,35552370,35552370-13679,18-24,Male,White Hispanic
1457,35552370,35552370-13680,18-24,Male,White Hispanic
1458,35717350,35717350-13673,<18,Male,Black
1459,35768600,35768600-13697,18-24,Male,Black
1460,35768600,35768600-13698,25-44,Male,Black
1461,35855607,35855607-13746,25-44,Male,Black
1462,35890072,35890072-13721,18-24,Male,Black
1463,35972458,35972458-13748,<18,Male,Black
1464,36102303,36102303-13765,Unknown,Unknown,Unknown
1465,36179263,36179263-13784,18-24,Male,Black
1466,36362024,36362024-13818,Unknown,Male,Black
1467,36362024,36362024-13819,Unknown,Male,Black
1468,37232002,37232002-13839,25-44,Male,Black Hispanic
1469,37294975,37294975-13856,Unknown,Male,Black
1470,37401579,37401579-13942,18-24,Male,Black
1471,37401612,37401612-14063,Unknown,Male,Unknown
1472,37421987,37421987-13879,Unknown,Male,Black
1473,37421987,37421987-13880,Unknown,Male,Black
1474,37422001,37422001-13878,25-44,Male,White Hispanic
1475,37538614,37538614-13902,<18,Male,Black
1476,37582997,37582997-13910,18-24,Male,Black
1477,37674517,37674517-13927,18-24,Male,Black
1478,38434860,38434860-13979,Unknown,Unknown,Unknown
1479,38901670,38901670-14037,Unknown,Male,Black
1480,39008798,39008798-14061,25-44,Male,Black
1481,39115694,39115694-15833,Unknown,Unknown,Unknown
1482,39486197,39486197-14144,Unknown,Male,Black
1483,39486197,39486197-14145,Unknown,Male,Black
1484,41559424,41559424-14147,18-24,Male,Black
1485,41609563,41609563-14367,25-44,Male,Black
1486,10038638,10038638-9080,25-44,Male,White
1487,10038642,10038642-9087,18-24,Male,Black
1488,10038644,10038644-9090,Unknown,Unknown,Unknown
1489,10038647,10038647-9098,18-24,Male,Black
1490,10137417,10137417-9126,18-24,Male,Black
1491,10137427,10137427-9146,25-44,Male,Black
1492,10137429,10137429-9148,25-44,Male,Black
1493,10137429,10137429-9156,25-44,Male,Black
1494,10187489,10187489-9168,25-44,Male,White
1495,10187510,10187510-9203,Unknown,Male,Unknown
1496,10240239,10240239-9222,Unknown,Unknown,Unknown
1497,10333328,10333328-9293,25-44,Male,Asian / Pacific Islander
1498,10333328,10333328-9355,<18,Male,Asian / Pacific Islander
1499,10333328,10333328-9691,25-44,Male,Asian / Pacific Islander
1500,10333328,10333328-9692,25-44,Male,Asian / Pacific Islander
1501,10454371,10454371-9359,18-24,Male,Black
1502,10619049,10619049-9388,18-24,Male,Black
1503,10619066,10619066-9411,Unknown,Unknown,Unknown
1504,10660751,10660751-9462,<18,Male,White Hispanic
1505,10660751,10660751-9463,18-24,Male,White Hispanic
1506,10713398,10713398-11903,Unknown,Unknown,Unknown
1507,10804588,10804588-9539,Unknown,Male,Black
1508,10804591,10804591-9545,Unknown,Male,Black
1509,10804591,10804591-9546,Unknown,Male,Black
1510,10879206,10879206-9567,<18,Male,White Hispanic
1511,10879228,10879228-9608,Unknown,Male,Black
1512,10879228,10879228-9609,Unknown,Male,Black
1513,10904923,10904923-9622,Unknown,Male,Black Hispanic
1514,10953929,10953929-9627,25-44,Male,Black
1515,11118198,11118198-9709,Unknown,Unknown,Unknown
1516,11118219,11118219-9737,18-24,Male,Black
1517,11118219,11118219-9904,18-24,Male,Black
1518,11118244,11118244-9774,<18,Male,Black
1519,11118244,11118244-9775,<18,Male,Black
1520,11118244,11118244-9776,18-24,Male,Black
1521,11118244,11118244-9777,18-24,Male,Black
1522,11118836,11118836-9659,Unknown,Male,White Hispanic
1523,11118856,11118856-9693,<18,Male,White Hispanic
1524,11118856,11118856-9695,Unknown,Male,White Hispanic
1525,16631433,16631433-10849,18-24,Male,Black
1526,16631433,16631433-10850,18-24,Male,Black
1527,16631433,16631433-10851,18-24,Male,Black
1528,16631446,16631446-9929,25-44,Male,Black
1529,16631456,16631456-9949,<18,Male,Black
1530,16631464,16631464-9960,Unknown,Male,Black
1531,16631466,16631466-9962,18-24,Male,Black
1532,16631469,16631469-9967,Unknown,Unknown,Unknown
1533,16631481,16631481-9985,25-44,Male,Black
1534,16814024,16814024-10139,Unknown,Unknown,Unknown
1535,16895011,16895011-10187,25-44,Male,Black
1536,16895037,16895037-10222,Unknown,Unknown,Unknown
1537,16895047,16895047-10233,Unknown,Unknown,Unknown
1538,23354067,23354067-10268,Unknown,Male,Black
1539,23354071,23354071-10273,18-24,Male,White Hispanic
1540,23354078,23354078-10285,Unknown,Male,Black
1541,23354110,23354110-10335,18-24,Male,Black Hispanic
1542,23354114,23354114-10341,Unknown,Male,Unknown
1543,23421780,23421780-10415,18-24,Male,Black
1544,23421800,23421800-10471,<18,Male,White Hispanic
1545,23421800,23421800-10472,<18,Male,White Hispanic
1546,23421800,23421800-16353,18-24,Male,White Hispanic
1547,23501815,23501815-10495,25-44,Male,Black
1548,23501818,23501818-10498,Unknown,Male,White Hispanic
1549,23501824,23501824-10504,Unknown,Unknown,Unknown
1550,23525526,23525526-10523,Unknown,Male,Black
1551,23625558,23625558-10584,Unknown,Male,Black
1552,23749370,23749370-10675,Unknown,Unknown,Unknown
1553,23749372,23749372-10679,25-44,Male,White
1554,23749373,23749373-10687,<18,Male,White Hispanic
1555,23749373,23749373-10688,18-24,Male,Black
1556,23775804,23775804-10698,25-44,Male,Black
1557,23775805,23775805-10704,<18,Male,Black
1558,23791867,23791867-10718,Unknown,Male,Unknown
1559,23846686,23846686-10746,18-24,Male,Black
1560,23846686,23846686-10848,18-24,Male,Black
1561,24050467,24050467-10867,25-44,Male,Black
1562,24050470,24050470-10870,<18,Male,Black
1563,24050473,24050473-10874,Unknown,Male,Black
1564,24050476,24050476-11281,18-24,Male,White Hispanic
1565,24050476,24050476-11282,18-24,Male,White Hispanic
1566,24103837,24103837-10914,Unknown,Male,Black
1567,24103842,24103842-10920,25-44,Male,Black
1568,24187299,24187299-10984,Unknown,Male,Black
1569,24303626,24303626-11044,25-44,Male,Black
1570,24434215,24434215-11089,Unknown,Male,Black
1571,24491452,24491452-11124,18-24,Male,White Hispanic
1572,24491452,24491452-11137,18-24,Male,White Hispanic
1573,24626206,24626206-11154,25-44,Male,Black
1574,24626216,24626216-11172,Unknown,Unknown,Unknown
1575,24675455,24675455-11208,18-24,Male,Black
1576,24717012,24717012-11229,18-24,Male,Black
1577,24717013,24717013-11220,18-24,Male,White Hispanic
1578,24717013,24717013-11319,25-44,Male,Black
1579,24717013,24717013-12651,18-24,Male,Black
1580,24839842,24839842-11279,Unknown,Male,Black
1581,24839842,24839842-11280,Unknown,Male,Black
1582,24856702,24856702-11327,18-24,Male,Black Hispanic
1583,24888639,24888639-11339,<18,Male,Black
1584,24888641,24888641-11312,25-44,Male,Black
1585,24900144,24900144-11357,Unknown,Male,Unknown
1586,24930768,24930768-11340,Unknown,Male,Black
1587,25095841,25095841-11426,Unknown,Male,Black
1588,25095841,25095841-11427,Unknown,Male,Black
1589,25127997,25127997-11577,Unknown,Unknown,Unknown
1590,25313901,25313901-11533,<18,Male,Black
1591,25370558,25370558-11516,Unknown,Male,Black
1592,25607881,25607881-11606,Unknown,Unknown,Unknown
1593,25812422,25812422-11689,Unknown,Male,Unknown
1594,26251921,26251921-12003,18-24,Male,Black
1595,26412021,26412021-11916,Unknown,Unknown,Unknown
1596,26513630,26513630-11939,Unknown,Male,Unknown
1597,26513630,26513630-11952,Unknown,Male,Unknown
1598,26562472,26562472-11950,18-24,Male,Black
1599,26625287,26625287-11988,Unknown,Male,Unknown
1600,27008265,27008265-12045,Unknown,Male,Black
1601,27043122,27043122-12064,45-64,Male,White Hispanic
1602,27558085,27558085-12151,<18,Male,Black Hispanic
1603,27558085,27558085-12152,<18,Male,Black
1604,28119642,28119642-12171,Unknown,Male,Unknown
1605,28119642,28119642-12172,Unknown,Male,Unknown
1606,28234042,28234042-12210,Unknown,Male,Black
1607,28234042,28234042-12211,Unknown,Male,Black
1608,28234042,28234042-12212,Unknown,Male,Black
1609,28790280,28790280-12344,18-24,Male,Black
1610,28907939,28907939-12527,Unknown,Unknown,Unknown
1611,29040549,29040549-12408,18-24,Male,White Hispanic
1612,29040549,29040549-12409,<18,Male,Black
1613,29098923,29098923-12448,Unknown,Unknown,Unknown
1614,29246086,29246086-12498,18-24,Male,Black
1615,29277325,29277325-12507,18-24,Male,Black
1616,29277325,29277325-12658,18-24,Male,Black
1617,29320286,29320286-12539,Unknown,Male,Black
1618,29357206,29357206-12543,Unknown,Male,Black
1619,32155732,32155732-12621,18-24,Male,Black
1620,32704127,32704127-13633,Unknown,Male,Black
1621,32723803,32723803-12715,18-24,Male,Black
1622,32723808,32723808-12722,Unknown,Male,Black Hispanic
1623,32768847,32768847-12743,25-44,Male,Black
1624,32768847,32768847-12744,25-44,Male,Black
1625,32768847,32768847-12745,25-44,Male,White Hispanic
1626,32852897,32852897-12978,18-24,Male,White Hispanic
1627,32898440,32898440-12785,Unknown,Male,Unknown
1628,32966724,32966724-12815,25-44,Male,Black
1629,32966724,32966724-12816,25-44,Male,Black
1630,33026438,33026438-12836,Unknown,Unknown,Unknown
1631,33047078,33047078-12863,<18,Male,Black
1632,33063848,33063848-12848,18-24,Male,Black
1633,33178683,33178683-12886,25-44,Male,White Hispanic
1634,33227817,33227817-12915,Unknown,Male,Black
1635,33397044,33397044-12952,25-44,Male,Black
1636,33397044,33397044-12953,25-44,Male,Black
1637,33397044,33397044-12955,18-24,Male,Black
1638,33516977,33516977-12982,25-44,Male,White
1639,33552562,33552562-12998,Unknown,Male,Black
1640,33588505,33588505-13000,25-44,Male,Black
1641,33588505,33588505-13001,25-44,Male,Black
1642,33691634,33691634-13783,18-24,Male,Black
1643,33754539,33754539-13477,25-44,Male,White Hispanic
1644,33860389,33860389-13135,18-24,Male,White Hispanic
1645,33861147,33861147-13132,Unknown,Male,Unknown
1646,33886852,33886852-13314,Unknown,Unknown,Unknown
1647,33932109,33932109-13154,18-24,Male,Black
1648,34177180,34177180-13252,18-24,Male,White Hispanic
1649,34177180,34177180-13253,18-24,Male,White Hispanic
1650,34177180,34177180-13254,18-24,Male,White Hispanic
1651,34177180,34177180-16411,18-24,Male,White Hispanic
1652,34286630,34286630-13276,25-44,Male,Black
1653,34337216,34337216-13282,Unknown,Unknown,Unknown
1654,34414965,34414965-13328,Unknown,Unknown,Unknown
1655,34720462,34720462-13404,Unknown,Male,Unknown
1656,34843894,34843894-13440,Unknown,Unknown,Unknown
1657,34864272,34864272-13460,18-24,Male,Black
1658,34880354,34880354-13450,Unknown,Male,Black
1659,34880354,34880354-13451,Unknown,Male,Black
1660,34930534,34930534-13500,25-44,Male,Black
1661,35019483,35019483-13502,25-44,Male,Black
1662,35067930,35067930-13512,Unknown,Unknown,Unknown
1663,35176235,35176235-13535,Unknown,Male,Black Hispanic
1664,35386252,35386252-13598,Unknown,Unknown,Unknown
1665,35406556,35406556-17746,Unknown,Unknown,Unknown
1666,35480309,35480309-13620,Unknown,Unknown,Unknown
1667,35502292,35502292-13619,25-44,Male,White Hispanic
1668,35513425,35513425-13630,25-44,Male,Black
1669,35585284,35585284-13647,<18,Male,Black
1670,35920684,35920684-13772,18-24,Male,Black
1671,35973608,35973608-13742,<18,Male,Black
1672,35973608,35973608-13811,<18,Male,Black
1673,36282563,36282563-13806,Unknown,Male,Black
1674,36362038,36362038-14525,18-24,Male,Black
1675,37256833,37256833-13850,18-24,Male,Black
1676,37256859,37256859-13844,18-24,Male,Black
1677,37351909,37351909-13871,Unknown,Unknown,Unknown
1678,37401737,37401737-13998,18-24,Male,Black
1679,37421980,37421980-13883,18-24,Male,Black
1680,37523045,37523045-14276,Unknown,Unknown,Unknown
1681,37559160,37559160-13953,25-44,Male,Black Hispanic
1682,38434929,38434929-13980,18-24,Male,Black
1683,38453892,38453892-13991,25-44,Male,Black Hispanic
1684,38745773,38745773-14001,Unknown,Unknown,Unknown
1685,38964286,38964286-14046,Unknown,Male,Black
1686,39114032,39114032-14062,Unknown,Unknown,Unknown
1687,39251493,39251493-14086,45-64,Female,White
1688,39524705,39524705-14132,Unknown,Male,Black
1689,39524706,39524706-14160,18-24,Male,Black
1690,39560235,39560235-14142,<18,Male,Black Hispanic
1691,39560235,39560235-14214,25-44,Male,Black
1692,44732329,44732329-14238,25-44,Male,Black
1693,44772991,44772991-14246,Unknown,Unknown,Unknown
1694,44797784,44797784-14242,45-64,Male,Black Hispanic
1695,44975422,44975422-14280,Unknown,Unknown,Unknown
1696,45280068,45280068-14310,25-44,Male,Black
1697,45710115,45710115-14361,45-64,Male,Black Hispanic
1698,45717135,45717135-14365,<18,Male,Black
1699,45789782,45789782-14378,<18,Male,Black
1700,45926428,45926428-14428,Unknown,Male,White Hispanic
1701,45969027,45969027-14431,25-44,Male,Black
1702,45969027,45969027-17490,25-44,Male,Black
1703,45990090,45990090-18104,Unknown,Unknown,Unknown
1704,46072788,46072788-16238,Unknown,Unknown,Unknown
1705,46120181,46120181-14441,18-24,Male,Black
1706,46175548,46175548-14462,Unknown,Unknown,Unknown
1707,46181707,46181707-14453,Unknown,Male,White Hispanic
1708,46275278,46275278-14479,25-44,Male,Black
1709,46361466,46361466-14488,18-24,Male,White Hispanic
1710,46425491,46425491-14513,25-44,Male,Black
1711,46452066,46452066-14520,Unknown,Male,Black
1712,46497460,46497460-14528,25-44,Male,Black
1713,46538075,46538075-14594,Unknown,Male,Black
1714,46631394,46631394-14553,Unknown,Male,Black
1715,46715570,46715570-14573,Unknown,Male,Black
1716,46803218,46803218-14589,18-24,Male,White Hispanic
1717,46931038,46931038-14617,Unknown,Male,Black
1718,46931042,46931042-14623,45-64,Male,Black
1719,46998151,46998151-14633,18-24,Male,Black
1720,47044336,47044336-14681,Unknown,Unknown,Unknown
1721,47229776,47229776-14697,Unknown,Unknown,Unknown
1722,47229779,47229779-14721,25-44,Male,Black
1723,47229779,47229779-14722,Unknown,Male,Black
1724,47266778,47266778-14718,Unknown,Male,Black
1725,47360928,47360928-14738,18-24,Female,Black
1726,47360928,47360928-14739,18-24,Male,Black
1727,47851703,47851703-14896,25-44,Female,Black
1728,48006248,48006248-15443,18-24,Male,Black
1729,48006256,48006256-14877,Unknown,Unknown,Unknown
1730,48006259,48006259-14859,18-24,Male,Black
1731,48066954,48066954-14894,Unknown,Unknown,Unknown
1732,48266328,48266328-14918,25-44,Male,Black
1733,48304774,48304774-14932,<18,Male,Black
1734,48304781,48304781-14931,18-24,Male,White Hispanic
1735,48395048,48395048-15082,25-44,Male,White Hispanic
1736,48395049,48395049-14959,25-44,Male,White Hispanic
1737,48521223,48521223-15279,25-44,Male,Black
1738,48521301,48521301-14993,Unknown,Unknown,Unknown
1739,48541396,48541396-14997,Unknown,Unknown,Unknown
1740,49255300,49255300-15036,Unknown,Male,Black
1741,49255300,49255300-15037,Unknown,Male,White Hispanic
1742,49609147,49609147-15566,25-44,Male,White Hispanic
1743,49863674,49863674-15091,Unknown,Male,Black
1744,49935069,49935069-15110,Unknown,Male,White Hispanic
1745,50177429,50177429-15217,<18,Male,Black
1746,50561774,50561774-15283,18-24,Male,Black
1747,50561774,50561774-15287,<18,Male,Black
1748,50561774,50561774-15625,18-24,Male,Black
1749,50589209,50589209-15285,18-24,Male,Black
1750,50589214,50589214-15295,Unknown,Male,Black
1751,50743486,50743486-15339,18-24,Male,Black
1752,50843851,50843851-15437,Unknown,Male,Black
1753,51292615,51292615-15685,Unknown,Male,White Hispanic
1754,51315181,51315181-15397,18-24,Male,Black
1755,51517667,51517667-15466,18-24,Male,Black
1756,51559645,51559645-15551,Unknown,Unknown,Unknown
1757,51649371,51649371-15635,Unknown,Unknown,Unknown
1758,51764336,51764336-15542,<18,Male,White Hispanic
1759,51787777,51787777-15519,25-44,Male,White Hispanic
1760,51844235,51844235-15534,25-44,Male,Black
1761,51916043,51916043-15571,25-44,Male,Black
1762,51916047,51916047-15547,Unknown,Unknown,Unknown
1763,51916048,51916048-15569,25-44,Male,Black
1764,52050050,52050050-15589,18-24,Male,Black
1765,52100735,52100735-15592,18-24,Male,Black
1766,52122538,52122538-15593,25-44,Male,White Hispanic
1767,52144008,52144008-15652,Unknown,Male,White Hispanic
1768,52294531,52294531-15644,18-24,Male,Black
1769,52294531,52294531-15747,Unknown,Unknown,Unknown
1770,52294535,52294535-15649,18-24,Male,Black
1771,52438325,52438325-15675,18-24,Male,Black
1772,52512784,52512784-15701,25-44,Male,White Hispanic
1773,53912983,53912983-15794,Unknown,Unknown,Unknown
1774,54059280,54059280-16132,18-24,Male,Black
1775,54101450,54101450-15812,Unknown,Unknown,Unknown
1776,54301671,54301671-15852,Unknown,Unknown,Unknown
1777,54535000,54535000-15887,<18,Male,Black
1778,54760139,54760139-15936,Unknown,Unknown,Unknown
1779,54760140,54760140-15937,25-44,Male,Black
1780,54878645,54878645-15959,18-24,Male,Black
1781,54968482,54968482-15978,18-24,Male,White Hispanic
1782,54968482,54968482-15981,18-24,Male,Black Hispanic
1783,55064112,55064112-16001,18-24,Male,White Hispanic
1784,55159178,55159178-16018,18-24,Male,Black
1785,55195354,55195354-16019,<18,Male,Black
1786,55195354,55195354-16126,18-24,Male,Black
1787,55256117,55256117-16470,25-44,Male,Black
1788,55273293,55273293-16071,18-24,Male,Black
1789,55273293,55273293-16119,18-24,Male,Black
1790,55299659,55299659-16079,Unknown,Unknown,Unknown
1791,55449314,55449314-16116,Unknown,Unknown,Unknown
1792,55532387,55532387-16124,18-24,Male,Black
1793,55532387,55532387-16142,18-24,Male,Black
1794,55953375,55953375-16186,18-24,Male,Black
1795,55953375,55953375-16215,18-24,Male,Black
1796,55997852,55997852-16187,25-44,Male,Black
1797,55997853,55997853-16188,Unknown,Male,Black
1798,56092419,56092419-16226,25-44,Male,White
1799,56219997,56219997-16235,Unknown,Unknown,Unknown
1800,56422562,56422562-16286,<18,Male,Black Hispanic
1801,56688484,56688484-16279,Unknown,Male,Unknown
1802,56980094,56980094-16296,<18,Male,Black
1803,58921843,58921843-16323,25-44,Female,White Hispanic
1804,59171356,59171356-16367,Unknown,Male,Black
1805,59415607,59415607-16394,18-24,Male,Black
1806,59568268,59568268-16425,<18,Male,Black
1807,59615291,59615291-16424,18-24,Male,White Hispanic
1808,60076501,60076501-16474,Unknown,Unknown,Unknown
1809,60272796,60272796-16533,Unknown,Unknown,Unknown
1810,60954938,60954938-16581,Unknown,Unknown,Unknown
1811,60954939,60954939-16570,Unknown,Unknown,Unknown
1812,60954939,60954939-16571,Unknown,Unknown,Unknown
1813,61000872,61000872-16582,<18,Male,Black
1814,61033752,61033752-16586,25-44,Male,Black
1815,61122095,61122095-16615,Unknown,Male,Unknown
1816,61144238,61144238-16594,18-24,Male,Black
1817,9953247,9953247-9041,Unknown,Unknown,Unknown
1818,10038645,10038645-9091,Unknown,Unknown,Unknown
1819,10137408,10137408-9101,18-24,Male,Black
1820,10137408,10137408-9174,<18,Male,White Hispanic
1821,10187490,10187490-9169,18-24,Male,Black
1822,10187490,10187490-9244,18-24,Male,Black
1823,10187515,10187515-9209,18-24,Male,Black
1824,10187519,10187519-9217,18-24,Male,Black
1825,10187520,10187520-9220,Unknown,Male,Black
1826,10240245,10240245-9232,18-24,Male,Black
1827,10240245,10240245-9240,25-44,Male,Black
1828,10240245,10240245-9241,25-44,Male,Black
1829,10240245,10240245-9242,18-24,Male,Black
1830,10240245,10240245-9243,18-24,Male,White Hispanic
1831,10333307,10333307-9268,25-44,Male,Black
1832,10333318,10333318-9282,Unknown,Unknown,Unknown
1833,10333324,10333324-9288,25-44,Male,Black
1834,10454366,10454366-9349,Unknown,Unknown,Unknown
1835,10619057,10619057-9401,25-44,Male,Black
1836,10619060,10619060-9405,Unknown,Male,Black
1837,10619072,10619072-9424,Unknown,Unknown,Unknown
1838,10619091,10619091-9449,18-24,Male,White Hispanic
1839,10660754,10660754-9470,18-24,Male,Black
1840,10764208,10764208-9518,Unknown,Unknown,Unknown
1841,10879227,10879227-9607,18-24,Male,Black
1842,10904916,10904916-9611,18-24,Male,Black
1843,10953942,10953942-9648,Unknown,Male,Black
1844,10969346,10969346-9657,Unknown,Male,Black
1845,10969346,10969346-9660,Unknown,Male,Black
1846,11118193,11118193-9698,25-44,Male,Black
1847,11118207,11118207-9722,Unknown,Male,Black
1848,11118207,11118207-9734,Unknown,Male,Black
1849,11118208,11118208-9723,Unknown,Male,Black
1850,11118208,11118208-9846,Unknown,Male,Black
1851,11118208,11118208-9847,Unknown,Male,Black
1852,11118210,11118210-9726,18-24,Male,Black
1853,11118227,11118227-9753,18-24,Male,Black
1854,11118235,11118235-9762,Unknown,Unknown,Unknown
1855,11118236,11118236-9765,25-44,Male,Black
1856,11118236,11118236-9782,18-24,Male,Black
1857,11118236,11118236-9783,25-44,Male,Black
1858,11118247,11118247-9780,Unknown,Unknown,Unknown
1859,11118848,11118848-9678,Unknown,Unknown,Unknown
1860,11118854,11118854-9688,Unknown,Unknown,Unknown
1861,12679351,12679351-9798,Unknown,Male,Black
1862,12679352,12679352-9799,18-24,Male,Black
1863,12679352,12679352-10026,<18,Male,Unknown
1864,12679356,12679356-10987,25-44,Male,Black
1865,12679356,12679356-13106,25-44,Male,Black
1866,12835938,12835938-9814,<18,Male,Black
1867,15400540,15400540-9849,Unknown,Male,Black
1868,15400540,15400540-9858,Unknown,Male,Black
1869,16631439,16631439-9921,18-24,Male,Black
1870,16631440,16631440-11305,Unknown,Male,Black
1871,16631449,16631449-9933,Unknown,Unknown,Unknown
1872,16631463,16631463-9959,25-44,Male,Black
1873,16631465,16631465-9961,18-24,Male,Black
1874,16631474,16631474-9975,Unknown,Male,Black
1875,16631506,16631506-10029,Unknown,Unknown,Unknown
1876,16631507,16631507-10030,Unknown,Unknown,Unknown
1877,16631510,16631510-10034,18-24,Male,Black
1878,16733768,16733768-10101,Unknown,Unknown,Unknown
1879,16733769,16733769-10102,25-44,Male,Black Hispanic
1880,16733779,16733779-10115,45-64,Male,Black
1881,16814015,16814015-10128,Unknown,Unknown,Unknown
1882,16814016,16814016-10129,Unknown,Unknown,Unknown
1883,16814027,16814027-10142,18-24,Male,White Hispanic
1884,16814035,16814035-10158,25-44,Male,Black
1885,16895019,16895019-10201,18-24,Male,Black
1886,23354074,23354074-10279,Unknown,Male,Black
1887,23354088,23354088-10295,Unknown,Unknown,Unknown
1888,23354095,23354095-10302,Unknown,Male,Black
1889,23354095,23354095-10316,Unknown,Male,Black
1890,23354095,23354095-10317,Unknown,Male,Black
1891,23354095,23354095-10318,Unknown,Male,Black
1892,23354133,23354133-10375,18-24,Male,Black
1893,23354133,23354133-10455,<18,Male,Black
1894,23354141,23354141-10385,25-44,Male,Black
1895,23421764,23421764-10403,Unknown,Unknown,Unknown
1896,23421777,23421777-10411,18-24,Male,Black
1897,23444492,23444492-10461,Unknown,Unknown,Unknown
1898,23444496,23444496-10465,Unknown,Male,Black
1899,23477235,23477235-10492,18-24,Male,Black
1900,23501820,23501820-10575,25-44,Male,Black
1901,23549335,23549335-10534,18-24,Male,White Hispanic
1902,23549335,23549335-10535,25-44,Male,White Hispanic
1903,23549339,23549339-10538,Unknown,Male,Black
1904,23549339,23549339-10625,Unknown,Male,Black
1905,23625563,23625563-10590,25-44,Male,Black
1906,23625566,23625566-10598,18-24,Male,Black
1907,23678695,23678695-10632,Unknown,Male,Black
1908,23733989,23733989-10664,Unknown,Male,Black Hispanic
1909,23846687,23846687-10747,25-44,Male,Black
1910,23846694,23846694-10759,18-24,Male,Black
1911,23888267,23888267-10770,<18,Male,Black
1912,23920285,23920285-10800,25-44,Male,Black
1913,23945313,23945313-10812,Unknown,Male,Black
1914,23957543,23957543-10824,Unknown,Unknown,Unknown
1915,23957545,23957545-10826,Unknown,Male,Black
1916,23957545,23957545-10827,Unknown,Male,Black
1917,24078699,24078699-10908,<18,Male,Black
1918,24157454,24157454-10962,18-24,Male,Black
1919,24224966,24224966-10991,18-24,Male,Black
1920,24248681,24248681-11015,Unknown,Unknown,Unknown
1921,24378764,24378764-11071,25-44,Male,Black
1922,24449553,24449553-11107,<18,Male,Black Hispanic
1923,24460721,24460721-11101,25-44,Male,White
1924,24675454,24675454-11436,18-24,Male,Black
1925,24675454,24675454-11571,18-24,Male,Black
1926,24675454,24675454-14519,18-24,Male,Black
1927,24699537,24699537-11322,Unknown,Male,Black
1928,24699539,24699539-11233,18-24,Male,White Hispanic
1929,24699540,24699540-11210,Unknown,Male,Black Hispanic
1930,24773583,24773583-12604,25-44,Male,Black
1931,24856701,24856701-11334,25-44,Male,Black
1932,24873072,24873072-11309,Unknown,Unknown,Unknown
1933,25055201,25055201-11405,18-24,Male,White Hispanic
1934,25127996,25127996-11438,25-44,Male,Black
1935,25250527,25250527-11484,18-24,Male,Black Hispanic
1936,25297609,25297609-11490,25-44,Male,White Hispanic
1937,25327782,25327782-11500,25-44,Male,Black
1938,25327782,25327782-11501,Unknown,Male,Black
1939,25327782,25327782-11502,Unknown,Male,Black
1940,25424628,25424628-11538,18-24,Male,Black
1941,25490112,25490112-11566,Unknown,Male,Black
1942,25490112,25490112-11567,Unknown,Male,Black
1943,25607889,25607889-11616,<18,Male,Black
1944,25625019,25625019-11618,Unknown,Unknown,Unknown
1945,25658626,25658626-11642,Unknown,Male,Unknown
1946,25754260,25754260-11669,18-24,Male,Black
1947,25801105,25801105-11832,Unknown,Unknown,Unknown
1948,25812424,25812424-11680,Unknown,Unknown,Unknown
1949,25911848,25911848-11937,18-24,Male,White Hispanic
1950,26022832,26022832-11920,Unknown,Male,Black
1951,26054098,26054098-11784,25-44,Male,Black
1952,26251920,26251920-11858,Unknown,Male,Black
1953,26251920,26251920-11859,Unknown,Male,Black
1954,26269969,26269969-11867,25-44,Male,Black
1955,26326058,26326058-11894,Unknown,Male,Black
1956,26326058,26326058-11895,Unknown,Male,Black
1957,26395841,26395841-11906,25-44,Male,White
1958,26395841,26395841-12508,18-24,Female,Black Hispanic
1959,26640631,26640631-11992,Unknown,Male,Black
1960,27181290,27181290-12087,Unknown,Unknown,Unknown
1961,27353808,27353808-12112,Unknown,Male,Unknown
1962,27389116,27389116-12119,Unknown,Male,Black
1963,28135657,28135657-12181,18-24,Male,Black
1964,28268452,28268452-12217,18-24,Male,Black
1965,28392833,28392833-12245,18-24,Male,White Hispanic
1966,28560900,28560900-12342,25-44,Male,Black
1967,28694443,28694443-12329,Unknown,Male,Black
1968,28712372,28712372-12383,18-24,Male,Black
1969,28742771,28742771-12325,<18,Male,Black Hispanic
1970,28926741,28926741-12398,<18,Male,Black
1971,28926749,28926749-12384,18-24,Male,Black
1972,28993502,28993502-12395,Unknown,Unknown,Unknown
1973,29024302,29024302-12412,25-44,Male,White Hispanic
1974,29059036,29059036-12423,Unknown,Male,Black
1975,29098924,29098924-12449,Unknown,Male,Unknown
1976,29129303,29129303-12461,Unknown,Male,Black
1977,29129303,29129303-12462,Unknown,Male,Black
1978,29129303,29129303-12463,Unknown,Male,Black
1979,29129303,29129303-12464,Unknown,Male,Black
1980,29155994,29155994-12471,25-44,Male,White
1981,29155994,29155994-12472,Unknown,Male,White
1982,29210899,29210899-12520,<18,Male,Black
1983,29259595,29259595-12500,25-44,Male,Black
1984,29259596,29259596-12575,Unknown,Male,Black
1985,29259596,29259596-12576,Unknown,Male,Black
1986,29259597,29259597-13309,<18,Male,Black
1987,29259597,29259597-13310,<18,Male,Black
1988,29357210,29357210-12549,25-44,Male,Black
1989,29388841,29388841-12564,Unknown,Male,Black
1990,29388841,29388841-12565,Unknown,Male,Black
1991,32155721,32155721-12616,Unknown,Male,Black
1992,32178482,32178482-12655,Unknown,Male,Unknown
1993,32212097,32212097-12647,25-44,Male,Black
1994,32212097,32212097-12648,Unknown,Male,Black
1995,32212097,32212097-12649,Unknown,Male,Black
1996,32272873,32272873-12671,Unknown,Male,Unknown
1997,32320693,32320693-12821,Unknown,Male,Unknown
1998,32704131,32704131-12724,25-44,Male,Black
1999,32748952,32748952-12731,18-24,Male,Black
2000,32787000,32787000-12898,25-44,Male,Black
2001,32898439,32898439-12789,25-44,Male,Black
2002,32898439,32898439-12790,18-24,Male,Black
2003,32966727,32966727-12830,25-44,Male,Black
2004,33123836,33123836-12869,25-44,Male,White Hispanic
2005,33266765,33266765-13071,25-44,Male,Black
2006,33397042,33397042-12945,25-44,Male,Black
2007,33397042,33397042-13424,18-24,Male,Black
2008,33413511,33413511-12961,25-44,Male,Black Hispanic
2009,33445716,33445716-12954,Unknown,Male,Black
2010,33460349,33460349-12962,25-44,Male,White Hispanic
2011,33460349,33460349-12964,18-24,Female,White Hispanic
2012,33500100,33500100-12984,Unknown,Male,White Hispanic
2013,33500101,33500101-12971,25-44,Male,Black
2014,33569323,33569323-13010,18-24,Male,Black
2015,33672012,33672012-13060,45-64,Male,Black
2016,33691636,33691636-13051,25-44,Male,Black
2017,33932113,33932113-13151,25-44,Male,Black
2018,33943269,33943269-15342,25-44,Male,Black
2019,33943269,33943269-15343,25-44,Male,Black
2020,34010726,34010726-13169,25-44,Male,Black
2021,34078662,34078662-13209,25-44,Male,Black
2022,34129878,34129878-13222,Unknown,Male,Black
2023,34286621,34286621-13302,18-24,Male,Black
2024,34286621,34286621-13303,25-44,Male,Black
2025,34286622,34286622-13312,18-24,Male,White Hispanic
2026,34286629,34286629-13267,Unknown,Male,Black
2027,34286636,34286636-13422,Unknown,Male,Black
2028,34286636,34286636-13423,Unknown,Male,Black
2029,34307321,34307321-13263,45-64,Male,White Hispanic
2030,34377235,34377235-13307,Unknown,Unknown,Unknown
2031,34396685,34396685-13334,Unknown,Male,Black
2032,34414960,34414960-13329,Unknown,Unknown,Unknown
2033,34481494,34481494-13345,25-44,Male,Black
2034,34545401,34545401-13365,25-44,Male,Black
2035,34545403,34545403-13366,25-44,Male,Black
2036,34562748,34562748-13381,25-44,Male,White Hispanic
2037,34562748,34562748-13382,Unknown,Female,Unknown
2038,34562748,34562748-13383,Unknown,Male,Unknown
2039,34880353,34880353-13449,<18,Male,White Hispanic
2040,34880353,34880353-13461,18-24,Male,White Hispanic
2041,34911952,34911952-13468,Unknown,Male,Black
2042,35035757,35035757-13499,Unknown,Male,Black
2043,35056394,35056394-13504,25-44,Male,Black
2044,35092374,35092374-13513,Unknown,Male,Unknown
2045,35339142,35339142-13578,Unknown,Unknown,Unknown
2046,35446120,35446120-13606,<18,Male,Black
2047,35446120,35446120-13607,Unknown,Male,Black
2048,35446120,35446120-13608,Unknown,Male,Black
2049,35502295,35502295-13642,Unknown,Male,Black Hispanic
2050,35552367,35552367-13750,Unknown,Male,Black
2051,35973659,35973659-13740,Unknown,Male,Black
2052,35992446,35992446-13801,18-24,Male,Black
2053,36231811,36231811-13791,25-44,Male,White
2054,36260252,36260252-13810,<18,Male,Black
2055,36391101,36391101-13823,Unknown,Unknown,Unknown
2056,36391122,36391122-13821,18-24,Male,Black
2057,37087050,37087050-13825,18-24,Male,Black
2058,37169427,37169427-13826,45-64,Male,White
2059,37401695,37401695-15943,Unknown,Unknown,Unknown
2060,37538607,37538607-13901,Unknown,Unknown,Unknown
2061,37710131,37710131-13934,18-24,Male,Black
2062,37806339,37806339-13963,18-24,Male,Black
2063,38434943,38434943-13988,Unknown,Male,Black
2064,38453872,38453872-14031,Unknown,Unknown,Unknown
2065,38794674,38794674-14034,18-24,Male,Black
2066,39117383,39117383-14067,25-44,Male,White Hispanic
2067,44390703,44390703-14167,25-44,Male,Black
2068,44390703,44390703-14197,18-24,Male,Black
2069,44557782,44557782-14191,Unknown,Unknown,Unknown
2070,44713185,44713185-14228,18-24,Male,Black
2071,44751684,44751684-14244,Unknown,Male,Black
2072,44751684,44751684-14245,Unknown,Male,Black
2073,44975418,44975418-14275,25-44,Male,Black
2074,45183544,45183544-15814,Unknown,Unknown,Unknown
2075,45218810,45218810-19539,18-24,Male,White Hispanic
2076,45280067,45280067-14303,25-44,Male,Black
2077,45610180,45610180-14345,18-24,Male,Black
2078,45652263,45652263-14341,Unknown,Male,Black
2079,45693301,45693301-14347,18-24,Male,Black Hispanic
2080,45693301,45693301-14348,Unknown,Male,White Hispanic
2081,46172226,46172226-14449,<18,Male,Black
2082,46175319,46175319-14451,Unknown,Unknown,Unknown
2083,46221907,46221907-14467,25-44,Male,Black
2084,46275277,46275277-14480,Unknown,Male,Black
2085,46421485,46421485-14512,Unknown,Male,Black
2086,46425490,46425490-14506,<18,Male,Black
2087,46425490,46425490-14645,<18,Male,Black
2088,46452061,46452061-14728,Unknown,Unknown,Unknown
2089,46715551,46715551-14586,<18,Male,Black
2090,46715551,46715551-14587,<18,Male,Black
2091,46715560,46715560-14567,18-24,Male,Black
2092,46715560,46715560-14851,25-44,Male,Black
2093,46715560,46715560-14852,25-44,Male,Black
2094,46715561,46715561-14590,25-44,Male,Black
2095,46715564,46715564-14568,Unknown,Male,Black
2096,46715565,46715565-14569,18-24,Male,Black
2097,46715572,46715572-14570,Unknown,Male,Black
2098,46751476,46751476-14583,25-44,Male,Black
2099,46904599,46904599-14624,Unknown,Unknown,Unknown
2100,46998147,46998147-14636,Unknown,Unknown,Unknown
2101,47024513,47024513-14667,18-24,Male,Black
2102,47044337,47044337-15969,25-44,Male,Black
2103,47084131,47084131-17621,18-24,Male,Black
2104,47229778,47229778-14719,Unknown,Unknown,Unknown
2105,47334459,47334459-14736,18-24,Male,Black Hispanic
2106,47360927,47360927-15670,25-44,Male,Black
2107,47360930,47360930-14748,Unknown,Unknown,Unknown
2108,48006245,48006245-14881,18-24,Male,Black
2109,48006257,48006257-14876,Unknown,Male,Black
2110,48243732,48243732-14905,<18,Male,Black
2111,48243737,48243737-14912,25-44,Male,Black
2112,48243738,48243738-14913,Unknown,Male,Black
2113,48243738,48243738-14914,Unknown,Male,Black
2114,48285497,48285497-14933,<18,Male,Black
2115,48285497,48285497-14934,18-24,Male,Black
2116,48370407,48370407-14995,25-44,Male,Black
2117,48418961,48418961-14964,Unknown,Unknown,Unknown
2118,48460096,48460096-14971,Unknown,Male,Black
2119,48460096,48460096-15236,Unknown,Male,Black
2120,48460096,48460096-15237,Unknown,Male,Black
2121,48480858,48480858-14966,Unknown,Unknown,Unknown
2122,48543127,48543127-15003,Unknown,Unknown,Unknown
2123,49236357,49236357-15417,Unknown,Unknown,Unknown
2124,49255321,49255321-15125,Unknown,Unknown,Unknown
2125,49294883,49294883-15032,<18,Male,Black Hispanic
2126,49294883,49294883-15043,18-24,Male,Black Hispanic
2127,49294883,49294883-15044,<18,Male,White Hispanic
2128,49294883,49294883-15045,<18,Male,White Hispanic
2129,49294883,49294883-15046,<18,Male,White Hispanic
2130,49294883,49294883-15047,<18,Male,White Hispanic
2131,49589385,49589385-15154,Unknown,Unknown,Unknown
2132,49608089,49608089-15061,18-24,Male,Black
2133,49863676,49863676-15147,Unknown,Male,Black
2134,49863676,49863676-15148,Unknown,Male,Black
2135,49955966,49955966-15114,18-24,Male,Black
2136,49955966,49955966-15210,<18,Male,Black
2137,49955966,49955966-15239,<18,Male,Black
2138,49955967,49955967-15149,45-64,Male,Black
2139,49976946,49976946-15143,Unknown,Unknown,Unknown
2140,50043040,50043040-15162,18-24,Male,Black Hispanic
2141,50070600,50070600-15172,18-24,Male,Black
2142,50070600,50070600-15173,18-24,Male,Black
2143,50070600,50070600-15174,18-24,Male,Black
2144,50163480,50163480-15212,18-24,Male,Black
2145,50479067,50479067-15267,25-44,Male,Black
2146,50479071,50479071-15271,18-24,Male,White Hispanic
2147,50499452,50499452-15251,25-44,Male,Black
2148,50640969,50640969-15303,18-24,Male,Black
2149,51338334,51338334-15419,25-44,Male,Black
2150,9953259,9953259-9055,Unknown,Unknown,Unknown
2151,10137431,10137431-9150,Unknown,Unknown,Unknown
2152,10187495,10187495-9182,18-24,Male,Black
2153,10187500,10187500-9188,Unknown,Unknown,Unknown
2154,10187513,10187513-9206,Unknown,Unknown,Unknown
2155,10240261,10240261-9263,Unknown,Male,White Hispanic
2156,10333330,10333330-9295,25-44,Male,Black
2157,10454362,10454362-9341,18-24,Male,Black
2158,10454362,10454362-9625,18-24,Male,Black
2159,10454368,10454368-9351,25-44,Male,White Hispanic
2160,10454372,10454372-9360,Unknown,Unknown,Unknown
2161,10454377,10454377-9366,Unknown,Unknown,Unknown
2162,10454382,10454382-9382,18-24,Male,Black
2163,10454383,10454383-9383,18-24,Male,Black
2164,10619059,10619059-9403,25-44,Male,Black
2165,10660758,10660758-9474,Unknown,Unknown,Unknown
2166,10660759,10660759-9475,25-44,Male,Black
2167,10713395,10713395-9487,18-24,Male,Black
2168,10713396,10713396-9490,Unknown,Male,Black
2169,10764215,10764215-9529,<18,Male,Black
2170,10804586,10804586-9537,25-44,Male,Black
2171,10804586,10804586-9553,<18,Male,Black
2172,10879213,10879213-9579,18-24,Male,Black
2173,10879214,10879214-9581,18-24,Male,White
2174,10879225,10879225-9599,Unknown,Male,Black
2175,10953940,10953940-9646,18-24,Male,Black
2176,11118196,11118196-9702,25-44,Male,Black Hispanic
2177,11118202,11118202-9717,18-24,Male,Black
2178,11118204,11118204-9719,18-24,Male,Black
2179,11118204,11118204-11503,25-44,Male,Black
2180,12835942,12835942-9820,Unknown,Unknown,Unknown
2181,15400561,15400561-9881,Unknown,Unknown,Unknown
2182,15400568,15400568-9895,25-44,Male,Black
2183,16631428,16631428-9903,18-24,Male,Black
2184,16631436,16631436-9918,<18,Male,Black
2185,16631437,16631437-9919,Unknown,Unknown,Unknown
2186,16631447,16631447-9931,18-24,Male,Black
2187,16631472,16631472-9973,25-44,Male,Black
2188,16631502,16631502-10023,18-24,Male,Black
2189,16814022,16814022-10137,Unknown,Male,Unknown
2190,16814026,16814026-10141,Unknown,Unknown,Unknown
2191,16895041,16895041-10227,18-24,Male,White Hispanic
2192,16895049,16895049-10237,Unknown,Male,Black
2193,23354050,23354050-10244,Unknown,Male,Black
2194,23354050,23354050-10245,Unknown,Male,Black
2195,23354121,23354121-10354,25-44,Male,Black
2196,23354126,23354126-10359,Unknown,Unknown,Unknown
2197,23354128,23354128-10361,25-44,Male,White Hispanic
2198,23354138,23354138-10380,Unknown,Male,Black
2199,23421784,23421784-10419,25-44,Male,White Hispanic
2200,23421801,23421801-10439,Unknown,Unknown,Unknown
2201,23444494,23444494-10463,18-24,Male,Black
2202,23444494,23444494-11795,Unknown,Male,Black
2203,23444494,23444494-11796,Unknown,Male,Black
2204,23501817,23501817-10497,18-24,Male,White Hispanic
2205,23501822,23501822-10503,18-24,Male,Black
2206,23525527,23525527-10524,Unknown,Male,Black
2207,23588713,23588713-10565,Unknown,Unknown,Unknown
2208,23588716,23588716-10614,18-24,Male,Black
2209,23625565,23625565-10597,Unknown,Unknown,Unknown
2210,23749367,23749367-10671,25-44,Male,Black
2211,23791859,23791859-10707,18-24,Male,White Hispanic
2212,23822594,23822594-10734,Unknown,Male,Black
2213,23846693,23846693-10758,25-44,Male,Black
2214,23888270,23888270-10776,Unknown,Male,Black
2215,23888272,23888272-10782,Unknown,Male,Black
2216,23934579,23934579-11439,18-24,Male,Black
2217,24078698,24078698-10907,18-24,Male,White Hispanic
2218,24157445,24157445-10951,18-24,Male,Black
2219,24157445,24157445-10972,25-44,Male,Black
2220,24187297,24187297-10982,Unknown,Unknown,Unknown
2221,24187298,24187298-10983,Unknown,Male,Black
2222,24224968,24224968-10994,Unknown,Male,Black
2223,24264432,24264432-11023,25-44,Male,Black
2224,24378760,24378760-11060,18-24,Male,Black
2225,24460720,24460720-11116,25-44,Male,Black
2226,24491442,24491442-11838,Unknown,Unknown,Unknown
2227,24491451,24491451-11159,18-24,Male,Black Hispanic
2228,24717010,24717010-11304,18-24,Male,White Hispanic
2229,24717014,24717014-11221,Unknown,Male,White Hispanic
2230,24814500,24814500-11267,Unknown,Male,Black
2231,24814503,24814503-11361,Unknown,Male,Black Hispanic
2232,24814505,24814505-11272,18-24,Male,Black
2233,24888642,24888642-11313,Unknown,Male,Black
2234,24930769,24930769-11342,Unknown,Male,Unknown
2235,24930770,24930770-11343,Unknown,Male,Black Hispanic
2236,25012784,25012784-26671,25-44,Male,White Hispanic
2237,25012784,25012784-26672,25-44,Male,Black Hispanic
2238,25012784,25012784-26673,25-44,Male,Black Hispanic
2239,25012784,25012784-26674,25-44,Male,Black Hispanic
2240,25036118,25036118-11404,Unknown,Unknown,Unknown
2241,25217937,25217937-11458,18-24,Male,Black Hispanic
2242,25217937,25217937-11462,25-44,Male,White Hispanic
2243,25283461,25283461-11482,25-44,Male,Black Hispanic
2244,25359019,25359019-11510,Unknown,Male,Black
2245,25359022,25359022-11514,Unknown,Male,Black
2246,25359022,25359022-11515,Unknown,Male,Black
2247,25384534,25384534-11519,Unknown,Male,Black
2248,25452378,25452378-11927,Unknown,Unknown,Unknown
2249,25466212,25466212-11544,45-64,Male,Black Hispanic
2250,25527196,25527196-11661,18-24,Male,Black
2251,25607887,25607887-11648,25-44,Male,Black
2252,25607887,25607887-11649,18-24,Male,Black
2253,25640828,25640828-12160,25-44,Male,Black
2254,25786522,25786522-11682,<18,Male,White Hispanic
2255,25786522,25786522-11683,<18,Male,White Hispanic
2256,25812420,25812420-11678,Unknown,Male,Black
2257,25921479,25921479-11728,Unknown,Unknown,Unknown
2258,25950259,25950259-11740,25-44,Male,Black
2259,26035863,26035863-11776,25-44,Male,Black
2260,26035863,26035863-12223,18-24,Male,Black
2261,26035870,26035870-11767,25-44,Male,Black
2262,26035870,26035870-11791,18-24,Female,Black
2263,26035870,26035870-11792,25-44,Male,Black
2264,26054097,26054097-12258,Unknown,Unknown,Unknown
2265,26054097,26054097-12259,18-24,Male,Black
2266,26103370,26103370-11812,18-24,Male,Black
2267,26269973,26269973-11881,25-44,Male,Black
2268,26282954,26282954-11928,25-44,Male,Black
2269,26513633,26513633-11987,Unknown,Male,Black
2270,26805793,26805793-12010,Unknown,Male,White
2271,26901375,26901375-12071,25-44,Male,Black
2272,27078636,27078636-12066,25-44,Male,Black
2273,27224671,27224671-12100,Unknown,Male,Black
2274,27275899,27275899-12107,18-24,Male,Black
2275,27476265,27476265-12194,<18,Male,Black
2276,27476265,27476265-12308,25-44,Male,Black
2277,28135658,28135658-12179,Unknown,Unknown,Unknown
2278,28224892,28224892-12197,25-44,Male,Black
2279,28349209,28349209-12233,<18,Male,Black
2280,28523999,28523999-12270,18-24,Male,Black
2281,28590675,28590675-12305,Unknown,Male,Black
2282,28635701,28635701-12299,Unknown,Male,Black Hispanic
2283,28635701,28635701-12300,Unknown,Male,Black Hispanic
2284,28635701,28635701-12301,Unknown,Male,Black Hispanic
2285,28635702,28635702-12332,25-44,Male,Black
2286,28635706,28635706-12302,18-24,Male,White Hispanic
2287,28654487,28654487-12307,Unknown,Male,Black
2288,28848167,28848167-12529,18-24,Male,Black
2289,28926742,28926742-16229,18-24,Male,Black
2290,28966096,28966096-12388,25-44,Male,Black
2291,28980866,28980866-12393,Unknown,Unknown,Unknown
2292,28993505,28993505-12415,Unknown,Unknown,Unknown
2293,28993506,28993506-12580,Unknown,Male,Black
2294,29098921,29098921-12442,Unknown,Male,Black
2295,29098921,29098921-13096,Unknown,Male,Black
2296,29301880,29301880-12531,18-24,Male,White Hispanic
2297,29301880,29301880-12532,<18,Male,White Hispanic
2298,29301882,29301882-12517,45-64,Male,White
2299,29301885,29301885-12521,Unknown,Unknown,Unknown
2300,29320285,29320285-12591,18-24,Male,Black
2301,29320285,29320285-12682,18-24,Male,Black
2302,29320285,29320285-13426,18-24,Male,Black
2303,29320285,29320285-13427,<18,Male,Black
2304,32303927,32303927-12678,Unknown,Male,Unknown
2305,32704128,32704128-12711,Unknown,Male,Black
2306,32786998,32786998-12750,25-44,Male,Black
2307,32835035,32835035-12773,<18,Male,Black
2308,32914993,32914993-12793,Unknown,Male,Unknown
2309,32914994,32914994-12794,18-24,Male,Black
2310,32914997,32914997-12799,18-24,Male,Black
2311,32933393,32933393-12811,Unknown,Male,Black
2312,32933393,32933393-12812,Unknown,Male,Black
2313,32949485,32949485-12820,18-24,Male,Black
2314,32949486,32949486-12801,Unknown,Male,Black
2315,32988709,32988709-12829,Unknown,Male,Black
2316,33108414,33108414-12861,Unknown,Male,Black
2317,33110760,33110760-12862,Unknown,Male,Black
2318,33123786,33123786-12868,25-44,Male,Black
2319,33134571,33134571-12870,18-24,Male,Black
2320,33176862,33176862-12889,Unknown,Male,Black
2321,33176862,33176862-12890,Unknown,Male,Black
2322,33176862,33176862-12891,Unknown,Male,Black
2323,33253265,33253265-12908,18-24,Male,Black
2324,33397046,33397046-12928,Unknown,Unknown,Unknown
2325,33413507,33413507-13507,25-44,Male,Black
2326,33445722,33445722-12946,Unknown,Male,Black
2327,33445722,33445722-12947,Unknown,Male,Black
2328,33445722,33445722-12948,Unknown,Male,Black
2329,33552561,33552561-12997,25-44,Male,White Hispanic
2330,33588503,33588503-13016,18-24,Male,Black
2331,33588503,33588503-13113,18-24,Male,Black
2332,33588511,33588511-13110,18-24,Male,White Hispanic
2333,33635599,33635599-13034,18-24,Male,Black
2334,33635599,33635599-13035,Unknown,Male,Unknown
2335,33635599,33635599-13036,18-24,Male,Black Hispanic
2336,33826603,33826603-13131,Unknown,Male,Black
2337,33861151,33861151-13128,Unknown,Male,Black
2338,33861152,33861152-13136,Unknown,Male,Black
2339,33915028,33915028-13144,Unknown,Male,Black
2340,33915028,33915028-13355,Unknown,Male,Black
2341,33962074,33962074-13156,Unknown,Male,Black
2342,33962074,33962074-13157,Unknown,Male,Black
2343,34078660,34078660-13214,Unknown,Male,Black
2344,34114132,34114132-13311,18-24,Male,Black
2345,34129868,34129868-13217,Unknown,Male,Black
2346,34129868,34129868-13218,Unknown,Male,Asian / Pacific Islander
2347,34129874,34129874-13229,Unknown,Male,Black
2348,34129874,34129874-13230,Unknown,Male,Black
2349,34129874,34129874-13231,Unknown,Male,Black
2350,34307318,34307318-13284,Unknown,Unknown,Unknown
2351,34307322,34307322-13264,18-24,Male,White Hispanic
2352,34449566,34449566-13317,Unknown,Unknown,Unknown
2353,34545402,34545402-13372,Unknown,Unknown,Unknown
2354,34687230,34687230-13399,45-64,Male,Black
2355,34741680,34741680-13414,Unknown,Unknown,Unknown
2356,34824226,34824226-13439,Unknown,Unknown,Unknown
2357,34864270,34864270-13462,18-24,Male,Black
2358,34979904,34979904-14837,18-24,Male,Black
2359,35158624,35158624-13534,Unknown,Unknown,Unknown
2360,35215535,35215535-13551,Unknown,Male,Black
2361,35323544,35323544-13585,Unknown,Male,Black
2362,35323547,35323547-14343,18-24,Male,Black
2363,35386254,35386254-13597,25-44,Male,Black
2364,35693361,35693361-13675,18-24,Male,Black
2365,35716736,35716736-13671,Unknown,Male,Black Hispanic
2366,35890093,35890093-13736,18-24,Male,Black
2367,35992427,35992427-13749,Unknown,Male,Black
2368,36091664,36091664-14398,25-44,Male,Black
2369,36091664,36091664-14404,25-44,Male,Black
2370,36199626,36199626-13794,18-24,Male,Black Hispanic
2371,36213046,36213046-13792,25-44,Male,White Hispanic
2372,36326004,36326004-13813,Unknown,Female,Black
2373,37244148,37244148-13843,25-44,Male,Black
2374,37467066,37467066-13937,Unknown,Male,Black
2375,37674578,37674578-13931,18-24,Male,Black
2376,38517492,38517492-13994,Unknown,Male,Black Hispanic
2377,38517492,38517492-13995,Unknown,Male,Black Hispanic
2378,39008805,39008805-14060,18-24,Male,Black
2379,41609542,41609542-14150,18-24,Male,White Hispanic
2380,44390631,44390631-14331,<18,Male,Black
2381,44662318,44662318-14642,18-24,Male,Black
2382,44662318,44662318-19197,25-44,Male,Black
2383,44662318,44662318-19240,18-24,Female,Black
2384,44843424,44843424-17374,18-24,Male,Black
2385,44874422,44874422-14258,18-24,Male,White Hispanic
2386,44936760,44936760-14277,25-44,Male,Black
2387,44936760,44936760-14419,18-24,Male,Black
2388,44936762,44936762-14267,Unknown,Male,Black
2389,44936762,44936762-14268,Unknown,Male,Black
2390,45789778,45789778-14421,Unknown,Male,Black
2391,45789778,45789778-14422,Unknown,Male,Black
2392,45809560,45809560-21237,25-44,Male,Black
2393,45872838,45872838-14387,25-44,Male,Black
2394,45872838,45872838-14394,25-44,Male,Black
2395,45970311,45970311-14401,Unknown,Male,Unknown
2396,45970311,45970311-14414,Unknown,Male,Black
2397,45990065,45990065-14415,Unknown,Male,White Hispanic
2398,45990065,45990065-14416,Unknown,Male,Black Hispanic
2399,46048905,46048905-15664,18-24,Unknown,Black
2400,46322241,46322241-14546,18-24,Male,Black
2401,46452057,46452057-15656,Unknown,Unknown,Unknown
2402,46751777,46751777-14915,18-24,Male,Black
2403,46869852,46869852-14605,18-24,Male,Black
2404,46904597,46904597-14622,18-24,Male,Black
2405,46931039,46931039-14618,18-24,Male,Black Hispanic
2406,46931039,46931039-15429,18-24,Male,White Hispanic
2407,46931039,46931039-15430,25-44,Male,Black
2408,47024511,47024511-14647,Unknown,Male,Black
2409,47156715,47156715-14685,18-24,Male,Black
2410,47156721,47156721-14687,25-44,Male,Black
2411,47405918,47405918-14753,18-24,Male,Black
2412,47447799,47447799-14765,18-24,Male,Black
2413,47487789,47487789-14787,18-24,Male,Black
2414,47792594,47792594-14796,Unknown,Male,Black
2415,47792594,47792594-14797,Unknown,Male,Black
2416,47792594,47792594-14798,Unknown,Male,Black
2417,47792600,47792600-14819,25-44,Male,Black
2418,47851702,47851702-14829,25-44,Male,White
2419,47851702,47851702-14830,25-44,Male,White
2420,47916278,47916278-14834,Unknown,Unknown,Unknown
2421,47916281,47916281-14838,Unknown,Male,Black
2422,48006252,48006252-14864,Unknown,Unknown,Unknown
2423,48006260,48006260-15676,18-24,Male,Black
2424,48220463,48220463-14901,18-24,Male,Black
2425,48304782,48304782-15105,Unknown,Unknown,Unknown
2426,48344584,48344584-14944,18-24,Male,Black
2427,48395050,48395050-14958,<18,Male,Black
2428,48480860,48480860-14977,Unknown,Unknown,Unknown
2429,48521444,48521444-15481,18-24,Male,Black
2430,48521445,48521445-14985,Unknown,Male,Black
2431,48521445,48521445-14986,Unknown,Male,Black
2432,49255307,49255307-15007,18-24,Male,Black
2433,49294880,49294880-15234,Unknown,Unknown,Unknown
2434,49514584,49514584-15053,Unknown,Male,Black
2435,49863680,49863680-15088,Unknown,Male,Black
2436,49935066,49935066-15119,Unknown,Unknown,Unknown
2437,50122011,50122011-15188,Unknown,Male,Black
2438,50163478,50163478-15211,Unknown,Male,White Hispanic
2439,50433506,50433506-15245,25-44,Male,Black
2440,50459050,50459050-15246,Unknown,Unknown,Unknown
2441,50743482,50743482-15331,Unknown,Male,Unknown
2442,50743487,50743487-15557,18-24,Male,Black
2443,51110047,51110047-15374,25-44,Male,White Hispanic
2444,51110049,51110049-15380,<18,Male,Black
2445,51110049,51110049-15413,18-24,Male,Black
2446,51110049,51110049-15435,25-44,Male,Black
2447,51239108,51239108-15382,Unknown,Unknown,Unknown
2448,51338337,51338337-15438,Unknown,Male,Black
2449,51559653,51559653-15606,Unknown,Unknown,Unknown
2450,51578430,51578430-15458,Unknown,Male,Black
2451,51599978,51599978-15467,45-64,Male,Black
2452,51653352,51653352-15477,25-44,Male,Black
2453,51724142,51724142-15490,18-24,Male,Black
2454,51764338,51764338-15508,18-24,Male,Black
2455,52269756,52269756-15666,Unknown,Unknown,Unknown
2456,52294532,52294532-15645,<18,Male,Black
2457,52409036,52409036-15665,Unknown,Male,Black
2458,52490461,52490461-15702,Unknown,Unknown,Unknown
2459,52723655,52723655-15734,18-24,Male,White Hispanic
2460,53955256,53955256-15783,Unknown,Unknown,Unknown
2461,54120281,54120281-15825,25-44,Male,Asian / Pacific Islander
2462,54120281,54120281-15826,25-44,Male,Black
2463,54120281,54120281-15853,25-44,Male,Black
2464,54120281,54120281-15854,Unknown,Unknown,Unknown
2465,54324348,54324348-15886,18-24,Male,Black Hispanic
2466,54346521,54346521-15857,<18,Male,Black
2467,54346521,54346521-15945,<18,Male,Black Hispanic
2468,54696004,54696004-15927,Unknown,Male,Black
2469,54696009,54696009-15920,Unknown,Male,Black
2470,54715248,54715248-19451,25-44,Male,Black Hispanic
2471,55215086,55215086-16043,Unknown,Unknown,Unknown
2472,55299653,55299653-16065,18-24,Male,Black
2473,55299653,55299653-16075,Unknown,Unknown,Unknown
2474,55299658,55299658-16083,25-44,Male,Asian / Pacific Islander
2475,55299658,55299658-16222,25-44,Male,Asian / Pacific Islander
2476,55346826,55346826-16089,25-44,Male,Black
2477,55346826,55346826-16113,18-24,Female,Black
2478,55670673,55670673-16152,Unknown,Unknown,Unknown
2479,55756427,55756427-16158,25-44,Male,Black
2480,55953374,55953374-16182,25-44,Male,White Hispanic
2481,56020057,56020057-16217,25-44,Male,Black
2482,58921844,58921844-21150,25-44,Male,Black
2483,59120367,59120367-16382,25-44,Male,Black
2484,59260540,59260540-16377,Unknown,Unknown,Unknown
2485,59260541,59260541-16378,45-64,Male,Black
2486,59457129,59457129-16398,Unknown,Male,Black
2487,59457129,59457129-16399,Unknown,Male,Black
2488,59457129,59457129-16402,Unknown,Male,Black
2489,59930746,59930746-16461,18-24,Male,Black
2490,60025214,60025214-16472,Unknown,Male,Black
2491,60097568,60097568-16485,25-44,Male,Black
2492,60217269,60217269-16496,Unknown,Male,Unknown
2493,60249700,60249700-16532,Unknown,Unknown,Unknown
2494,60371008,60371008-16535,25-44,Male,White Hispanic
2495,60954930,60954930-16663,18-24,Male,Black
2496,10038633,10038633-9074,45-64,Male,Black
2497,10137411,10137411-9110,<18,Male,Black
2498,10137411,10137411-9257,18-24,Male,White
2499,10137411,10137411-9258,18-24,Male,Asian / Pacific Islander
2500,10137433,10137433-9153,Unknown,Male,Unknown
2501,10137433,10137433-9159,Unknown,Male,Unknown
2502,10137433,10137433-9160,Unknown,Male,Unknown
2503,10137433,10137433-9161,Unknown,Male,Unknown
2504,10137435,10137435-9164,Unknown,Male,Black
2505,10187492,10187492-9175,18-24,Male,Black
2506,10187492,10187492-9176,18-24,Male,White Hispanic
2507,10187492,10187492-9183,18-24,Male,White Hispanic
2508,10187493,10187493-9315,Unknown,Male,Unknown
2509,10240246,10240246-9237,Unknown,Unknown,Unknown
2510,10333308,10333308-9269,Unknown,Male,Black
2511,10333342,10333342-9310,Unknown,Unknown,Unknown
2512,10411009,10411009-9325,25-44,Male,Black
2513,10411013,10411013-9329,25-44,Male,Black
2514,10411014,10411014-9331,<18,Male,Black
2515,10454360,10454360-9339,<18,Female,Black
2516,10454360,10454360-9398,18-24,Male,Black
2517,10454360,10454360-9426,18-24,Male,Black
2518,10454360,10454360-10703,18-24,Male,Black
2519,10454373,10454373-9362,Unknown,Unknown,Unknown
2520,10454380,10454380-9371,18-24,Male,Black
2521,10619054,10619054-9396,Unknown,Male,Black
2522,10619054,10619054-9397,Unknown,Male,Black
2523,10619070,10619070-9422,<18,Male,Black
2524,10619081,10619081-9438,Unknown,Unknown,Unknown
2525,10660752,10660752-9467,Unknown,Male,Black
2526,10764205,10764205-9511,Unknown,Unknown,Unknown
2527,10879218,10879218-9590,25-44,Male,Black
2528,10953932,10953932-9631,Unknown,Unknown,Unknown
2529,10969344,10969344-9655,Unknown,Unknown,Unknown
2530,11118206,11118206-9721,25-44,Male,Black
2531,11118217,11118217-9733,Unknown,Male,Black
2532,11118217,11118217-9736,Unknown,Male,Black
2533,11118225,11118225-9746,25-44,Male,White Hispanic
2534,11118229,11118229-9755,25-44,Male,White Hispanic
2535,12835940,12835940-9816,<18,Male,Black
2536,12835944,12835944-9822,Unknown,Unknown,Unknown
2537,15400554,15400554-9873,18-24,Male,Black
2538,15400555,15400555-9874,Unknown,Male,Black
2539,15400557,15400557-9877,18-24,Male,Black
2540,16631468,16631468-9966,25-44,Male,Black
2541,16631495,16631495-10009,18-24,Male,Black
2542,16631498,16631498-10013,18-24,Male,White Hispanic
2543,16692668,16692668-10044,Unknown,Unknown,Unknown
2544,16692669,16692669-10046,Unknown,Unknown,Unknown
2545,16814011,16814011-10122,25-44,Male,Black
2546,16814012,16814012-10123,45-64,Male,White
2547,16814019,16814019-10133,Unknown,Unknown,Unknown
2548,16814037,16814037-10163,18-24,Male,Black
2549,16895007,16895007-10181,18-24,Male,Black
2550,16895015,16895015-10191,Unknown,Unknown,Unknown
2551,23354059,23354059-10256,25-44,Male,Black
2552,23354068,23354068-10269,Unknown,Unknown,Unknown
2553,23354076,23354076-10283,18-24,Male,Black
2554,23354079,23354079-10286,25-44,Male,Black
2555,23354079,23354079-10320,<18,Male,Black
2556,23354079,23354079-10321,18-24,Male,Black
2557,23354125,23354125-10358,18-24,Male,Black
2558,23354131,23354131-10367,Unknown,Unknown,Unknown
2559,23354134,23354134-10376,Unknown,Male,White Hispanic
2560,23444497,23444497-10466,Unknown,Unknown,Unknown
2561,23471266,23471266-10488,<18,Male,Black
2562,23625561,23625561-10587,Unknown,Male,Unknown
2563,23722474,23722474-10657,Unknown,Unknown,Unknown
2564,23722476,23722476-10682,18-24,Male,Black
2565,23749374,23749374-10689,Unknown,Unknown,Unknown
2566,23749374,23749374-10690,Unknown,Unknown,Unknown
2567,23749375,23749375-10691,25-44,Male,Black
2568,23749375,23749375-10773,18-24,Male,Black
2569,23749375,23749375-10842,<18,Male,Black
2570,23749375,23749375-25837,25-44,Male,Black
2571,23807435,23807435-10720,25-44,Male,White Hispanic
2572,23822598,23822598-10738,25-44,Male,Black
2573,23822598,23822598-10762,25-44,Male,Black
2574,23846689,23846689-10752,Unknown,Male,Black
2575,23957544,23957544-10825,Unknown,Male,Black
2576,23974391,23974391-10841,<18,Male,Black
2577,23999558,23999558-10844,25-44,Male,Black
2578,24050484,24050484-10885,25-44,Male,White
2579,24103839,24103839-10916,<18,Male,Black
2580,24103852,24103852-10935,18-24,Male,Black
2581,24157452,24157452-10957,18-24,Male,Black
2582,24157455,24157455-10963,18-24,Male,Black
2583,24157455,24157455-10964,18-24,Male,Black
2584,24236347,24236347-11004,25-44,Male,Black
2585,24264430,24264430-11021,25-44,Male,Black
2586,24287319,24287319-11026,Unknown,Unknown,Unknown
2587,24287320,24287320-11034,Unknown,Male,Black
2588,24303623,24303623-11038,Unknown,Male,Black
2589,24320684,24320684-11062,18-24,Male,Black
2590,24347273,24347273-11055,Unknown,Male,Black
2591,24474755,24474755-11119,<18,Male,White Hispanic
2592,24474757,24474757-11099,18-24,Male,Black
2593,24474758,24474758-11192,Unknown,Male,Black
2594,24474758,24474758-11193,Unknown,Male,Black
2595,24474758,24474758-11194,Unknown,Male,Black
2596,24474758,24474758-11195,Unknown,Male,Black
2597,24516762,24516762-11120,<18,Female,Black
2598,24516762,24516762-11196,18-24,Male,Black
2599,24565930,24565930-11138,25-44,Male,Black
2600,24626219,24626219-11181,18-24,Male,Black
2601,24626219,24626219-11184,18-24,Male,Black
2602,24687026,24687026-11253,Unknown,Male,Black
2603,24839839,24839839-11278,Unknown,Unknown,Unknown
2604,24888645,24888645-11320,Unknown,Male,Black
2605,24888645,24888645-11321,Unknown,Male,Black
2606,24913682,24913682-11457,25-44,Male,Black
2607,24997737,24997737-11390,Unknown,Unknown,Unknown
2608,25095839,25095839-11429,Unknown,Unknown,Unknown
2609,25195150,25195150-11446,Unknown,Male,Black
2610,25207005,25207005-11454,18-24,Male,Black
2611,25283463,25283463-11488,18-24,Male,Black
2612,25344913,25344913-11917,Unknown,Unknown,Unknown
2613,25476052,25476052-11581,25-44,Male,Black
2614,25586127,25586127-11604,Unknown,Male,Black
2615,25607879,25607879-11605,18-24,Male,Black
2616,25625020,25625020-11622,18-24,Male,Black
2617,25625020,25625020-11623,25-44,Male,Black
2618,25625020,25625020-11624,18-24,Male,Black
2619,25625020,25625020-11673,18-24,Female,Black
2620,25786519,25786519-11799,25-44,Male,Black
2621,25786519,25786519-11833,25-44,Male,Black
2622,25932834,25932834-11732,25-44,Male,Black Hispanic
2623,25950255,25950255-11737,45-64,Male,White
2624,25950261,25950261-11829,Unknown,Unknown,Unknown
2625,26022834,26022834-11840,Unknown,Male,Black
2626,26022834,26022834-11841,Unknown,Male,Black Hispanic
2627,26035864,26035864-11779,18-24,Male,White Hispanic
2628,26035864,26035864-11780,Unknown,Male,White Hispanic
2629,26035872,26035872-11768,Unknown,Male,Black
2630,26035872,26035872-11769,Unknown,Male,Black
2631,26069307,26069307-11798,Unknown,Unknown,Unknown
2632,26251922,26251922-11866,Unknown,Male,Black
2633,26311393,26311393-11878,Unknown,Male,Black
2634,26311393,26311393-11880,Unknown,Male,Black
2635,26603706,26603706-11982,Unknown,Male,Black
2636,26625289,26625289-11984,Unknown,Male,Black
2637,26805790,26805790-12009,25-44,Male,Black
2638,27126160,27126160-12072,Unknown,Male,Black
2639,27126160,27126160-12073,Unknown,Male,Black
2640,27126160,27126160-12074,Unknown,Male,Black
2641,27126160,27126160-12082,Unknown,Female,Black
2642,27258377,27258377-12102,Unknown,Male,Black
2643,27258377,27258377-12103,Unknown,Male,Black
2644,27294341,27294341-12350,<18,Male,Black
2645,27459792,27459792-12126,25-44,Male,Black
2646,27501001,27501001-12145,Unknown,Male,White Hispanic
2647,27606751,27606751-12166,25-44,Male,Black
2648,27606752,27606752-12162,<18,Male,Black
2649,27606752,27606752-12163,18-24,Male,White Hispanic
2650,27606752,27606752-12168,25-44,Male,Black
2651,27606752,27606752-12169,25-44,Female,Black
2652,28224891,28224891-12196,Unknown,Unknown,Unknown
2653,28234044,28234044-12209,25-44,Male,Black
2654,28446320,28446320-12251,<18,Male,Black
2655,28523998,28523998-12271,Unknown,Male,Black
2656,28523998,28523998-12272,Unknown,Male,Unknown
2657,28523998,28523998-12273,Unknown,Male,Unknown
2658,28523998,28523998-12274,Unknown,Male,Unknown
2659,28575968,28575968-12523,18-24,Male,Black
2660,28609132,28609132-12285,Unknown,Male,Black
2661,28609132,28609132-12343,Unknown,Male,Black
2662,28755030,28755030-12333,Unknown,Male,Black
2663,28755030,28755030-12334,Unknown,Male,Black
2664,28907940,28907940-12577,18-24,Male,Black
2665,28926744,28926744-12386,<18,Male,Black Hispanic
2666,28926748,28926748-12920,18-24,Male,Black
2667,29013343,29013343-12410,Unknown,Male,Black
2668,29013343,29013343-12411,Unknown,Male,Black
2669,29013344,29013344-12399,25-44,Male,Black
2670,29059035,29059035-12420,Unknown,Unknown,Unknown
2671,29080493,29080493-12429,45-64,Male,Black
2672,29098918,29098918-12437,25-44,Male,White
2673,29098918,29098918-12446,25-44,Male,White
2674,29129305,29129305-12688,18-24,Male,White Hispanic
2675,29145871,29145871-12452,25-44,Male,Black
2676,29174605,29174605-12473,Unknown,Male,Black
2677,29174605,29174605-12474,Unknown,Male,Black
2678,29191549,29191549-12533,Unknown,Male,Black
2679,29191556,29191556-12481,18-24,Male,Black
2680,29259598,29259598-12497,18-24,Male,Black
2681,29301878,29301878-12536,25-44,Male,Black
2682,29301878,29301878-12537,25-44,Male,Black
2683,29406947,29406947-12561,<18,Male,White Hispanic
2684,32155713,32155713-13632,<18,Male,Black
2685,32155739,32155739-12625,25-44,Male,White Hispanic
2686,32288649,32288649-12660,25-44,Male,Black
2687,32303926,32303926-12668,Unknown,Unknown,Unknown
2688,32320688,32320688-12676,Unknown,Male,Black
2689,32320688,32320688-12677,Unknown,Male,Black
2690,32320696,32320696-12672,25-44,Male,White Hispanic
2691,32527925,32527925-12683,18-24,Male,Black
2692,32690335,32690335-12706,45-64,Male,White Hispanic
2693,32690338,32690338-12709,18-24,Male,Black
2694,32723811,32723811-12721,Unknown,Male,Black
2695,32748945,32748945-12728,Unknown,Unknown,Unknown
2696,32786996,32786996-12741,Unknown,Male,Black
2697,32786996,32786996-12742,Unknown,Male,Black
2698,32807472,32807472-12761,18-24,Male,White Hispanic
2699,32807472,32807472-12762,Unknown,Male,White Hispanic
2700,32807472,32807472-12763,Unknown,Male,Unknown
2701,32807472,32807472-12764,Unknown,Male,Unknown
2702,32807472,32807472-12765,Unknown,Male,Unknown
2703,32821781,32821781-12771,Unknown,Unknown,Unknown
2704,32898442,32898442-12791,Unknown,Male,White Hispanic
2705,32966721,32966721-12806,18-24,Male,White Hispanic
2706,32966721,32966721-12965,<18,Male,White Hispanic
2707,32966721,32966721-12974,<18,Male,Black
2708,32966725,32966725-12803,18-24,Male,White Hispanic
2709,32966725,32966725-12864,18-24,Male,Black Hispanic
2710,32966725,32966725-12865,18-24,Male,Black Hispanic
2711,33008211,33008211-12822,18-24,Male,Black
2712,33159754,33159754-12876,18-24,Male,Black
2713,33159754,33159754-12877,Unknown,Male,Black
2714,33196043,33196043-12907,<18,Male,White Hispanic
2715,33227816,33227816-12909,<18,Male,White Hispanic
2716,33227816,33227816-13037,<18,Male,Black
2717,33478096,33478096-12973,<18,Male,Black
2718,33500102,33500102-12983,Unknown,Male,Black
2719,33654458,33654458-13049,Unknown,Male,Black
2720,33672011,33672011-13062,18-24,Male,Black
2721,33672011,33672011-13063,<18,Male,Black Hispanic
2722,33672011,33672011-13064,<18,Male,Black Hispanic
2723,33672011,33672011-13065,<18,Male,White Hispanic
2724,33672011,33672011-13066,18-24,Male,Black
2725,33725002,33725002-13061,Unknown,Male,Black Hispanic
2726,33725002,33725002-13068,Unknown,Male,Black Hispanic
2727,33977876,33977876-13162,<18,Male,Black
2728,33992790,33992790-13180,Unknown,Unknown,Unknown
2729,34021453,34021453-13256,25-44,Male,Black
2730,34078659,34078659-13354,Unknown,Unknown,Unknown
2731,34078661,34078661-13213,Unknown,Male,Black
2732,34162746,34162746-13237,Unknown,Male,Black
2733,34162747,34162747-13239,25-44,Male,Black
2734,34162748,34162748-13265,<18,Male,Black
2735,34162748,34162748-13774,18-24,Male,Black
2736,34356454,34356454-13340,18-24,Male,Black
2737,34414959,34414959-13326,18-24,Male,Black Hispanic
2738,34460161,34460161-13341,Unknown,Male,Black
2739,34460161,34460161-13342,Unknown,Male,Black
2740,34545400,34545400-13395,18-24,Male,Black
2741,34562747,34562747-13367,18-24,Male,White Hispanic
2742,34562747,34562747-13495,25-44,Male,White Hispanic
2743,34597535,34597535-13384,18-24,Male,Unknown
2744,34774110,34774110-13417,<18,Male,White Hispanic
2745,35002051,35002051-13494,18-24,Female,White Hispanic
2746,35002051,35002051-13508,25-44,Male,White Hispanic
2747,35135745,35135745-13532,25-44,Male,Black
2748,35135748,35135748-13527,18-24,Male,Black
2749,35192359,35192359-13549,<18,Male,Black
2750,35215533,35215533-13544,Unknown,Male,Black
2751,35215536,35215536-13548,18-24,Male,Black
2752,35406557,35406557-13601,Unknown,Unknown,Unknown
2753,35502294,35502294-13628,18-24,Male,White Hispanic
2754,35955489,35955489-13773,<18,Unknown,Black
2755,36039855,36039855-13763,18-24,Male,Black
2756,36120872,36120872-13766,25-44,Male,Black
2757,36362031,36362031-13817,18-24,Male,Black Hispanic
2758,37169447,37169447-14120,18-24,Male,Black
2759,37402758,37402758-13919,18-24,Male,Black
2760,37402758,37402758-13920,18-24,Male,Black
2761,37402758,37402758-13993,<18,Male,Black
2762,37463223,37463223-13888,25-44,Male,Black
2763,37464273,37464273-13890,Unknown,Male,Black Hispanic
2764,37635119,37635119-14038,Unknown,Male,Black
2765,38404503,38404503-13976,25-44,Male,White
2766,38404503,38404503-14030,25-44,Male,White
2767,38769796,38769796-14006,25-44,Male,Black
2768,38769796,38769796-14096,25-44,Male,Black
2769,38936881,38936881-14044,18-24,Male,Black
2770,38936881,38936881-14045,18-24,Male,Black
2771,39297213,39297213-14103,Unknown,Unknown,Unknown
2772,39371115,39371115-14886,Unknown,Unknown,Unknown
2773,39378654,39378654-14554,18-24,Male,White Hispanic
2774,39378654,39378654-14808,18-24,Male,Black
2775,44445749,44445749-14172,25-44,Male,Black
2776,44662319,44662319-14221,<18,Male,Black
2777,44688049,44688049-14231,18-24,Male,Black
2778,44936764,44936764-14274,<18,Male,White Hispanic
2779,44936765,44936765-14272,Unknown,Unknown,Unknown
2780,44936767,44936767-14269,Unknown,Male,Black
2781,45652262,45652262-14353,25-44,Male,White Hispanic
2782,45652262,45652262-14354,25-44,Male,Black
2783,45652264,45652264-14337,25-44,Male,Black Hispanic
2784,45789784,45789784-14377,Unknown,Male,Asian / Pacific Islander
2785,45926422,45926422-14396,Unknown,Male,Black
2786,45926432,45926432-14581,18-24,Male,Black
2787,46221908,46221908-14470,Unknown,Male,Black
2788,46221908,46221908-14471,Unknown,Male,Black
2789,46361469,46361469-14497,Unknown,Male,Black
2790,46715550,46715550-14560,25-44,Male,Black
2791,46715550,46715550-14561,25-44,Male,Black
2792,46715568,46715568-14630,25-44,Male,Black
2793,46729833,46729833-15568,<18,Male,Black
2794,46889812,46889812-14611,18-24,Male,Black
2795,46889817,46889817-14606,Unknown,Male,Black
2796,47044338,47044338-14659,<18,Male,White Hispanic
2797,47064978,47064978-14682,Unknown,Unknown,Unknown
2798,47102198,47102198-14734,Unknown,Unknown,Unknown
2799,47156718,47156718-14761,18-24,Male,White Hispanic
2800,47182989,47182989-14692,Unknown,Male,Black
2801,47447794,47447794-14757,65+,Male,Black
2802,47447806,47447806-14772,<18,Male,Black
2803,47945810,47945810-14847,18-24,Male,Black
2804,48066956,48066956-14895,Unknown,Male,Black
2805,48285498,48285498-15033,18-24,Male,Black
2806,48304775,48304775-15070,18-24,Male,Black
2807,48304777,48304777-14925,25-44,Male,Black
2808,48304783,48304783-14929,18-24,Male,Black
2809,48440046,48440046-14975,<18,Male,Black
2810,48480857,48480857-14963,Unknown,Male,Black
2811,49294881,49294881-15048,Unknown,Male,Black
2812,49294881,49294881-15049,Unknown,Male,Black
2813,49976947,49976947-15164,Unknown,Male,Black
2814,49993795,49993795-15123,18-24,Male,Black
2815,50163465,50163465-15221,Unknown,Male,Black
2816,50163465,50163465-15222,Unknown,Male,Black
2817,50163465,50163465-15223,Unknown,Male,Black
2818,50163465,50163465-15224,Unknown,Male,Black
2819,50163465,50163465-15225,Unknown,Male,Black
2820,50163465,50163465-15226,Unknown,Male,Black
2821,50665291,50665291-15308,18-24,Male,White Hispanic
2822,50665291,50665291-15441,18-24,Male,Black
2823,50685001,50685001-15317,18-24,Male,Black
2824,50703399,50703399-15332,25-44,Male,Black Hispanic
2825,50703399,50703399-15333,18-24,Male,White Hispanic
2826,51292618,51292618-15387,18-24,Male,Black
2827,51292618,51292618-15388,18-24,Male,Black
2828,51292618,51292618-15442,18-24,Male,Black
2829,51315183,51315183-15452,<18,Male,Black
2830,51412519,51412519-15416,18-24,Male,Black
2831,51559652,51559652-15456,25-44,Male,Black
2832,51678620,51678620-15510,Unknown,Male,White Hispanic
2833,51704076,51704076-15526,<18,Male,Black
2834,51704076,51704076-15584,<18,Male,Black
2835,51724134,51724134-15511,18-24,Male,Black
2836,51745756,51745756-15535,25-44,Male,Black
2837,51745756,51745756-15536,Unknown,Male,Black Hispanic
2838,51745759,51745759-15539,18-24,Male,Black
2839,51787774,51787774-15521,25-44,Male,Black
2840,52050047,52050047-15622,18-24,Male,Black
2841,52050049,52050049-15585,18-24,Male,Black
2842,52078124,52078124-23453,25-44,Male,Black
2843,52100734,52100734-15591,Unknown,Male,White Hispanic
2844,52100734,52100734-15624,Unknown,Male,White Hispanic
2845,9953246,9953246-9039,25-44,Male,White Hispanic
2846,10038629,10038629-9068,Unknown,Male,White Hispanic
2847,10038629,10038629-9069,Unknown,Male,White Hispanic
2848,10038632,10038632-9073,25-44,Male,White Hispanic
2849,10038635,10038635-9094,Unknown,Male,Black
2850,10038635,10038635-9095,Unknown,Male,Black
2851,10137410,10137410-9109,Unknown,Unknown,Unknown
2852,10137432,10137432-9151,Unknown,Male,Black
2853,10187491,10187491-9170,25-44,Male,Black
2854,10187514,10187514-9207,18-24,Male,Black
2855,10333326,10333326-9291,Unknown,Male,White Hispanic
2856,10333341,10333341-9308,18-24,Male,Black
2857,10411006,10411006-9322,25-44,Male,Black
2858,10411011,10411011-9327,Unknown,Male,Unknown
2859,10454361,10454361-9340,Unknown,Unknown,Unknown
2860,10454379,10454379-9370,Unknown,Male,Black
2861,10454381,10454381-9372,18-24,Male,Black
2862,10454384,10454384-9384,25-44,Male,White Hispanic
2863,10454384,10454384-10025,25-44,Male,White Hispanic
2864,10619094,10619094-9453,Unknown,Unknown,Unknown
2865,10619096,10619096-9457,25-44,Male,White
2866,10660764,10660764-9484,Unknown,Male,Black
2867,10713399,10713399-9707,18-24,Male,Black
2868,10713402,10713402-9499,<18,Male,Black
2869,10764213,10764213-9527,25-44,Male,Black
2870,10804583,10804583-9532,Unknown,Male,Black
2871,10804583,10804583-9575,Unknown,Male,Black
2872,10879205,10879205-9565,Unknown,Unknown,Unknown
2873,10904915,10904915-9610,45-64,Male,White Hispanic
2874,10904919,10904919-9614,Unknown,Unknown,Unknown
2875,11118209,11118209-9725,Unknown,Unknown,Unknown
2876,11118218,11118218-9735,18-24,Male,White Hispanic
2877,11118218,11118218-9786,25-44,Male,Black
2878,11118243,11118243-9773,<18,Male,Black
2879,11118243,11118243-9808,<18,Male,Black
2880,11118844,11118844-9674,Unknown,Unknown,Unknown
2881,12835947,12835947-9825,Unknown,Male,Black
2882,12835947,12835947-9833,Unknown,Male,Black
2883,12835947,12835947-9834,Unknown,Male,Black
2884,15400541,15400541-9850,18-24,Male,Black
2885,15400547,15400547-9860,Unknown,Male,Black
2886,15400547,15400547-9861,Unknown,Male,Black
2887,15400551,15400551-9868,18-24,Male,Black
2888,15400558,15400558-9878,Unknown,Unknown,Unknown
2889,16631431,16631431-9908,25-44,Male,Black
2890,16631484,16631484-9991,18-24,Male,White Hispanic
2891,16692664,16692664-10040,18-24,Male,Black
2892,16692670,16692670-10047,Unknown,Male,Black
2893,16692670,16692670-10048,Unknown,Male,Black
2894,16733759,16733759-10088,Unknown,Male,Black
2895,16733765,16733765-10097,18-24,Male,Black
2896,16733780,16733780-10116,Unknown,Unknown,Unknown
2897,16814025,16814025-10140,25-44,Male,Black
2898,16814032,16814032-10150,<18,Male,Black
2899,16895016,16895016-10193,18-24,Male,Black
2900,16895034,16895034-10218,Unknown,Male,Unknown
2901,16895035,16895035-10219,Unknown,Unknown,Unknown
2902,23354065,23354065-10263,45-64,Male,Black
2903,23354100,23354100-10309,Unknown,Unknown,Unknown
2904,23354142,23354142-10387,Unknown,Male,Black
2905,23421790,23421790-10425,Unknown,Unknown,Unknown
2906,23512409,23512409-10512,18-24,Male,Black
2907,23625567,23625567-10599,Unknown,Male,Black
2908,23650229,23650229-10618,Unknown,Unknown,Unknown
2909,23678696,23678696-10633,18-24,Male,White Hispanic
2910,23694319,23694319-10641,18-24,Male,Black
2911,23733988,23733988-10663,Unknown,Male,Black
2912,23733992,23733992-10668,18-24,Male,White Hispanic
2913,23749365,23749365-10670,18-24,Male,White Hispanic
2914,23749365,23749365-10700,Unknown,Male,White Hispanic
2915,23749365,23749365-10701,Unknown,Male,White Hispanic
2916,23749365,23749365-10702,Unknown,Male,White Hispanic
2917,23750589,23750589-10693,Unknown,Unknown,Unknown
2918,23775801,23775801-10695,25-44,Male,White Hispanic
2919,23888271,23888271-10781,Unknown,Male,Black Hispanic
2920,23920280,23920280-11018,25-44,Male,Black
2921,23920283,23920283-10798,25-44,Male,Black
2922,23934578,23934578-10805,Unknown,Male,Black
2923,23957546,23957546-10828,Unknown,Male,Unknown
2924,24027563,24027563-10856,Unknown,Unknown,Unknown
2925,24050472,24050472-10873,<18,Male,Black
2926,24050472,24050472-10890,18-24,Male,Black
2927,24050487,24050487-10887,Unknown,Male,Black
2928,24050491,24050491-10895,25-44,Male,Black
2929,24103845,24103845-10927,25-44,Male,Black
2930,24129968,24129968-10944,Unknown,Male,Black
2931,24142870,24142870-10946,Unknown,Unknown,Unknown
2932,24224969,24224969-10995,18-24,Male,Black
2933,24224969,24224969-11028,<18,Male,Black
2934,24224969,24224969-11029,<18,Male,Black
2935,24224969,24224969-11030,18-24,Male,Black
2936,24264429,24264429-11019,Unknown,Male,Unknown
2937,24264429,24264429-11020,Unknown,Male,Unknown
2938,24335997,24335997-11054,Unknown,Unknown,Unknown
2939,24335999,24335999-11066,Unknown,Male,Black
2940,24347271,24347271-11064,18-24,Male,Black
2941,24347271,24347271-11065,18-24,Male,Black
2942,24347274,24347274-11056,45-64,Male,Black Hispanic
2943,24449550,24449550-11190,18-24,Male,Black
2944,24814501,24814501-11297,Unknown,Male,Black
2945,24814501,24814501-11298,Unknown,Male,Black
2946,24814501,24814501-11299,Unknown,Male,Black
2947,24814506,24814506-11362,25-44,Male,Black
2948,24913680,24913680-11335,18-24,Male,White Hispanic
2949,24913680,24913680-11351,18-24,Male,White Hispanic
2950,24913680,24913680-11355,<18,Male,White Hispanic
2951,24913680,24913680-11356,18-24,Male,White Hispanic
2952,24930765,24930765-11368,Unknown,Unknown,Unknown
2953,24980018,24980018-11385,Unknown,Unknown,Unknown
2954,25023634,25023634-11411,25-44,Male,White Hispanic
2955,25036119,25036119-11414,25-44,Male,Black Hispanic
2956,25055207,25055207-11416,Unknown,Male,Black
2957,25055207,25055207-11419,Unknown,Female,Black
2958,25111765,25111765-11902,Unknown,Unknown,Unknown
2959,25384540,25384540-11524,Unknown,Unknown,Unknown
2960,25408352,25408352-11537,<18,Male,Black
2961,25490108,25490108-11565,Unknown,Male,Black
2962,25490113,25490113-11556,Unknown,Male,Unknown
2963,25586125,25586125-11601,Unknown,Male,Black
2964,25586125,25586125-11602,Unknown,Male,Black
2965,25586125,25586125-11603,Unknown,Male,Black
2966,25832923,25832923-11690,18-24,Male,Black
2967,26022842,26022842-11764,Unknown,Unknown,Unknown
2968,26069303,26069303-11802,Unknown,Unknown,Unknown
2969,26311394,26311394-11891,Unknown,Male,Black
2970,26311394,26311394-11892,Unknown,Male,Black
2971,26383072,26383072-11905,Unknown,Male,Black
2972,26513635,26513635-11956,Unknown,Male,Unknown
2973,26658045,26658045-11989,18-24,Male,Black
2974,26658045,26658045-13631,18-24,Male,Black
2975,26805792,26805792-12026,Unknown,Male,Black
2976,26805792,26805792-12027,Unknown,Male,Black
2977,26916113,26916113-12039,25-44,Male,Black
2978,27105894,27105894-12070,18-24,Male,Black
2979,27105896,27105896-12078,18-24,Male,Black
2980,27196490,27196490-12089,Unknown,Male,Black Hispanic
2981,27588791,27588791-12167,Unknown,Male,Unknown
2982,28119644,28119644-12175,<18,Male,Black
2983,28206270,28206270-12191,18-24,Male,Asian / Pacific Islander
2984,28206270,28206270-12242,18-24,Male,White Hispanic
2985,28224889,28224889-12193,Unknown,Male,Black
2986,28446321,28446321-12252,Unknown,Unknown,Unknown
2987,28575967,28575967-12296,25-44,Male,Black
2988,28620016,28620016-12298,18-24,Male,Black
2989,28635704,28635704-12372,25-44,Male,Black
2990,28694444,28694444-12313,18-24,Male,Black
2991,28712370,28712370-12322,Unknown,Male,Black
2992,28863611,28863611-12356,Unknown,Male,Black
2993,28863611,28863611-12357,Unknown,Male,Black
2994,28892745,28892745-12374,18-24,Male,Black
2995,28980862,28980862-12466,25-44,Male,White
2996,29155995,29155995-12470,18-24,Male,Black Hispanic
2997,29373512,29373512-12551,25-44,Male,Black Hispanic
2998,29444851,29444851-12589,18-24,Male,Black
2999,29444851,29444851-12593,Unknown,Male,Black
3000,29444851,29444851-12594,Unknown,Male,Black
3001,29444851,29444851-12595,Unknown,Male,Black
3002,29444852,29444852-12590,Unknown,Male,Black
3003,32155727,32155727-12618,18-24,Male,Black
3004,32288650,32288650-12661,25-44,Male,Black Hispanic
3005,32723804,32723804-12723,18-24,Male,Black
3006,32786999,32786999-12749,Unknown,Unknown,Unknown
3007,33073967,33073967-12991,Unknown,Male,Unknown
3008,33073967,33073967-12992,Unknown,Male,Unknown
3009,33136582,33136582-12872,Unknown,Male,Black
3010,33139206,33139206-12878,Unknown,Male,Black
3011,33139206,33139206-12879,Unknown,Male,Black
3012,33139206,33139206-12880,Unknown,Male,Black
3013,33196044,33196044-12896,Unknown,Male,Black
3014,33353737,33353737-12924,25-44,Male,Black
3015,33353737,33353737-12925,18-24,Male,White Hispanic
3016,33413506,33413506-12933,45-64,Male,White Hispanic
3017,33569319,33569319-13191,25-44,Male,White Hispanic
3018,33635440,33635440-13025,25-44,Male,Black
3019,33635440,33635440-13026,18-24,Male,Black
3020,33635440,33635440-13027,45-64,Male,Black
3021,33635440,33635440-13109,<18,Male,Black
3022,33654455,33654455-13111,Unknown,Male,Unknown
3023,33671895,33671895-13047,18-24,Male,Black
3024,33706907,33706907-13059,65+,Male,Black
3025,33725001,33725001-13088,18-24,Male,Black
3026,33725015,33725015-13069,Unknown,Male,Black
3027,33977875,33977875-13161,Unknown,Male,Black
3028,33977879,33977879-13170,25-44,Male,Black
3029,33992788,33992788-13165,25-44,Male,Black
3030,34010735,34010735-13183,Unknown,Unknown,Unknown
3031,34270246,34270246-13349,Unknown,Unknown,Unknown
3032,34307320,34307320-13278,Unknown,Unknown,Unknown
3033,34319319,34319319-13275,18-24,Male,Black Hispanic
3034,34396682,34396682-13343,25-44,Male,White Hispanic
3035,34396682,34396682-13344,18-24,Male,White Hispanic
3036,34667538,34667538-13398,25-44,Male,Black
3037,34741677,34741677-13406,18-24,Male,Black
3038,34774113,34774113-13425,18-24,Male,Black
3039,34824227,34824227-13434,18-24,Male,Black
3040,34843895,34843895-13441,Unknown,Male,Black
3041,34900579,34900579-24976,25-44,Male,Black
3042,34900583,34900583-13457,18-24,Male,Black
3043,34900583,34900583-13458,Unknown,Male,Black
3044,34911950,34911950-13465,18-24,Male,Black
3045,34930537,34930537-13481,18-24,Male,White
3046,35056392,35056392-13509,Unknown,Unknown,Black
3047,35244531,35244531-13557,18-24,Male,Black
3048,35244533,35244533-13559,Unknown,Unknown,Unknown
3049,35306477,35306477-13690,18-24,Male,Black
3050,35306477,35306477-13753,18-24,Male,Black
3051,35406555,35406555-13599,Unknown,Unknown,Unknown
3052,35480310,35480310-13624,25-44,Male,White Hispanic
3053,35502293,35502293-13617,18-24,Male,White Hispanic
3054,35502293,35502293-13626,18-24,Male,White Hispanic
3055,35502297,35502297-13622,Unknown,Male,Unknown
3056,35502298,35502298-13618,Unknown,Male,Black
3057,35855614,35855614-13713,25-44,Male,Black
3058,35855621,35855621-13729,25-44,Male,Asian / Pacific Islander
3059,35920649,35920649-13734,Unknown,Unknown,Unknown
3060,35920670,35920670-13725,25-44,Male,Black
3061,35920670,35920670-13733,18-24,Male,Black
3062,36055940,36055940-13762,Unknown,Unknown,Unknown
3063,36120956,36120956-13770,Unknown,Male,Black
3064,36212993,36212993-13797,Unknown,Male,Black
3065,37190391,37190391-13832,Unknown,Male,Unknown
3066,37231961,37231961-13943,<18,Male,Black Hispanic
3067,37336000,37336000-13914,Unknown,Male,Black
3068,37401723,37401723-13882,18-24,Male,Black
3069,37401723,37401723-13915,25-44,Male,Black
3070,37401723,37401723-13916,25-44,Male,Black
3071,37422035,37422035-13917,18-24,Male,Black
3072,37422035,37422035-13918,18-24,Male,Black
3073,37422035,37422035-13923,<18,Female,Black
3074,37583023,37583023-13913,Unknown,Male,Unknown
3075,37756790,37756790-13944,Unknown,Male,Black
3076,37756790,37756790-13945,Unknown,Male,Black
3077,37902711,37902711-14040,Unknown,Unknown,Unknown
3078,38077249,38077249-14114,18-24,Male,Black
3079,38453879,38453879-14032,Unknown,Unknown,Unknown
3080,38991147,38991147-14054,Unknown,Male,Black
3081,39177470,39177470-14083,<18,Male,Black
3082,39339921,39339921-14109,Unknown,Male,Black Hispanic
3083,44365346,44365346-14155,45-64,Female,Black
3084,44421025,44421025-14170,Unknown,Male,Black
3085,44445748,44445748-14178,<18,Male,White Hispanic
3086,44515780,44515780-14183,<18,Male,Black
3087,44590455,44590455-14204,Unknown,Male,Black
3088,44751688,44751688-14237,Unknown,Unknown,Unknown
3089,44797786,44797786-14437,25-44,Male,Black
3090,44797786,44797786-14438,25-44,Male,Black
3091,44849721,44849721-14380,18-24,Male,Black
3092,44975420,44975420-14328,18-24,Male,Black
3093,45295553,45295553-14315,Unknown,Male,Black
3094,45295553,45295553-14317,Unknown,Male,Black
3095,45295553,45295553-14318,Unknown,Male,Black
3096,45610182,45610182-16760,Unknown,Unknown,Unknown
3097,45652258,45652258-14339,18-24,Male,Black
3098,46009200,46009200-14412,18-24,Male,Black
3099,46072797,46072797-14656,25-44,Male,White
3100,46072797,46072797-14657,25-44,Male,White Hispanic
3101,46322238,46322238-16239,18-24,Male,White Hispanic
3102,46342068,46342068-14494,<18,Male,Unknown
3103,46361472,46361472-14492,Unknown,Unknown,Unknown
3104,46361475,46361475-14498,Unknown,Unknown,Unknown
3105,46425488,46425488-14558,18-24,Female,Black
3106,46538074,46538074-15227,18-24,Male,White Hispanic
3107,46579215,46579215-14550,<18,Male,Black
3108,46579215,46579215-14551,<18,Male,Black
3109,46631393,46631393-14556,25-44,Male,White
3110,46676419,46676419-14559,18-24,Male,White Hispanic
3111,46676419,46676419-14640,18-24,Male,White Hispanic
3112,46676419,46676419-14641,18-24,Male,White Hispanic
3113,46715558,46715558-14578,18-24,Male,Black
3114,46803516,46803516-16246,Unknown,Unknown,Unknown
3115,46849915,46849915-14599,18-24,Male,Black
3116,46904598,46904598-14608,25-44,Male,Black Hispanic
3117,46998152,46998152-14634,Unknown,Male,Black
3118,47182988,47182988-14694,<18,Male,White Hispanic
3119,47229777,47229777-14698,Unknown,Unknown,Unknown
3120,47229780,47229780-14720,Unknown,Male,Black
3121,47487788,47487788-14777,Unknown,Male,Black
3122,47487788,47487788-14778,Unknown,Male,Black
3123,47487788,47487788-14779,Unknown,Male,Black
3124,47515488,47515488-14786,25-44,Male,Black
3125,47792601,47792601-14806,<18,Male,Black
3126,47792601,47792601-16654,18-24,Male,Black Hispanic
3127,47812337,47812337-14823,25-44,Male,Black
3128,47851705,47851705-14809,Unknown,Unknown,Unknown
3129,47890652,47890652-14839,25-44,Male,Black
3130,47945812,47945812-14855,<18,Male,White Hispanic
3131,47986432,47986432-14870,Unknown,Unknown,Unknown
3132,48006254,48006254-15086,Unknown,Male,Black
3133,48066957,48066957-14893,Unknown,Male,Black
3134,48243734,48243734-14907,18-24,Male,Black
3135,48285500,48285500-14936,<18,Male,Unknown
3136,48285500,48285500-15138,<18,Male,Unknown
3137,48395044,48395044-14953,18-24,Male,Black
3138,48418960,48418960-14957,25-44,Male,Black
3139,49255305,49255305-16247,Unknown,Unknown,Unknown
3140,49255306,49255306-15087,Unknown,Unknown,Unknown
3141,49255317,49255317-15018,18-24,Male,Black
3142,49255317,49255317-15019,<18,Male,Black
3143,49255324,49255324-15028,Unknown,Male,Unknown
3144,49834894,49834894-15083,18-24,Male,White Hispanic
3145,49935068,49935068-15120,Unknown,Male,Unknown
3146,49935068,49935068-15121,Unknown,Male,Unknown
3147,50122008,50122008-15208,18-24,Male,White Hispanic
3148,50203588,50203588-15218,25-44,Male,White Hispanic
3149,50229844,50229844-15428,Unknown,Unknown,Unknown
3150,50433504,50433504-15269,25-44,Male,Asian / Pacific Islander
3151,50479069,50479069-15258,Unknown,Unknown,Unknown
3152,50499442,50499442-15270,Unknown,Unknown,Unknown
3153,50499446,50499446-15249,18-24,Male,Black Hispanic
3154,50499446,50499446-15250,25-44,Male,Black Hispanic
3155,50499446,50499446-15263,25-44,Male,White Hispanic
3156,50499446,50499446-15264,25-44,Male,Black
3157,50665287,50665287-15305,25-44,Male,Black
3158,50703411,50703411-15314,18-24,Male,Black
3159,50743484,50743484-15326,<18,Male,Black
3160,50743485,50743485-15328,Unknown,Male,Black
3161,51292620,51292620-15415,25-44,Male,Black
3162,51315179,51315179-15391,Unknown,Male,Unknown
3163,51315179,51315179-15392,Unknown,Male,Unknown
3164,51315180,51315180-15393,Unknown,Male,Black
3165,51359392,51359392-15407,18-24,Male,Black
3166,51678153,51678153-15618,18-24,Male,Black Hispanic
3167,51787778,51787778-15605,Unknown,Male,Black
3168,51914732,51914732-15583,18-24,Male,Black
3169,52122542,52122542-15596,Unknown,Unknown,Unknown
3170,52214157,52214157-15632,Unknown,Male,Black
3171,52214157,52214157-15636,Unknown,Male,Black
3172,52438323,52438323-15672,Unknown,Unknown,Unknown
3173,52438324,52438324-15674,18-24,Male,Black
3174,52550582,52550582-15746,18-24,Male,Black
3175,52550582,52550582-15831,18-24,Male,Black
3176,52550582,52550582-16325,18-24,Male,Black
3177,52682621,52682621-15732,Unknown,Male,Black
3178,53765755,53765755-15751,Unknown,Male,Black
3179,53765755,53765755-15752,Unknown,Male,White Hispanic
3180,53891789,53891789-15766,Unknown,Unknown,Unknown
3181,53891790,53891790-15775,Unknown,Unknown,Unknown
3182,53912981,53912981-15781,Unknown,Male,Black
3183,53912981,53912981-15782,Unknown,Male,Black
3184,54346523,54346523-15861,25-44,Male,Black
3185,54458330,54458330-15917,Unknown,Unknown,Unknown
3186,54495006,54495006-15880,Unknown,Male,Black
3187,54535003,54535003-15896,18-24,Male,Black
3188,54610401,54610401-15910,Unknown,Male,White Hispanic
3189,54858240,54858240-16006,Unknown,Unknown,Unknown
3190,54858244,54858244-15954,18-24,Male,Black
3191,54858244,54858244-15982,18-24,Male,Black
3192,54858247,54858247-16016,Unknown,Unknown,Unknown
3193,54896839,54896839-16464,25-44,Male,Black
3194,54942501,54942501-15966,18-24,Male,White Hispanic
3195,54968480,54968480-15977,<18,Female,Black
3196,54968480,54968480-15979,18-24,Female,Black
3197,54968480,54968480-15980,18-24,Male,Black
3198,55215087,55215087-16028,Unknown,Unknown,Unknown
3199,55237635,55237635-16054,Unknown,Unknown,Unknown
3200,55368936,55368936-16106,Unknown,Male,Black
3201,55368939,55368939-16104,25-44,Male,Black
3202,55388867,55388867-16098,Unknown,Unknown,Unknown
3203,10137414,10137414-9116,25-44,Male,Black
3204,10137414,10137414-9839,18-24,Male,Black
3205,10137423,10137423-9142,<18,Male,Black
3206,10137430,10137430-9149,25-44,Male,White Hispanic
3207,10187498,10187498-9186,25-44,Male,Black
3208,10240254,10240254-9313,25-44,Male,Black
3209,10333329,10333329-9294,Unknown,Unknown,Unknown
3210,10411016,10411016-9333,45-64,Male,Black
3211,10454365,10454365-9344,Unknown,Male,Black
3212,10454378,10454378-9367,Unknown,Male,Unknown
3213,10454378,10454378-9368,Unknown,Male,Unknown
3214,10454378,10454378-9369,Unknown,Male,Unknown
3215,10619053,10619053-9395,18-24,Male,Black
3216,10619076,10619076-9432,Unknown,Male,Black
3217,10764206,10764206-9515,18-24,Male,Black
3218,10804584,10804584-9533,18-24,Male,White Hispanic
3219,10879203,10879203-9563,Unknown,Unknown,Unknown
3220,10953943,10953943-9649,Unknown,Male,Black
3221,10953943,10953943-9650,Unknown,Male,Black
3222,10953943,10953943-9651,Unknown,Male,Black
3223,11118197,11118197-9708,25-44,Male,Black
3224,11118205,11118205-9720,18-24,Male,White Hispanic
3225,11118224,11118224-9745,Unknown,Male,Black
3226,11118224,11118224-9747,Unknown,Male,Black
3227,12835946,12835946-9824,18-24,Male,Black
3228,12835946,12835946-9840,25-44,Male,Black
3229,15400537,15400537-9837,Unknown,Unknown,Unknown
3230,15400542,15400542-9853,18-24,Male,Black
3231,15400556,15400556-9875,25-44,Male,White Hispanic
3232,16631444,16631444-9941,Unknown,Female,Unknown
3233,16631444,16631444-9942,18-24,Male,Black Hispanic
3234,16631444,16631444-9943,Unknown,Male,Unknown
3235,16631460,16631460-9955,25-44,Male,Black
3236,16631462,16631462-9958,Unknown,Male,Unknown
3237,16631485,16631485-9992,Unknown,Male,Black
3238,16631485,16631485-9993,Unknown,Male,Black
3239,16631485,16631485-9994,Unknown,Male,White Hispanic
3240,16631486,16631486-9995,25-44,Male,Black
3241,16631486,16631486-10125,25-44,Female,Black
3242,16631491,16631491-10002,Unknown,Unknown,Unknown
3243,16631511,16631511-10035,Unknown,Male,Black
3244,16631511,16631511-10039,Unknown,Male,Black
3245,16692667,16692667-10043,Unknown,Unknown,Unknown
3246,16692679,16692679-10064,25-44,Male,White Hispanic
3247,16733766,16733766-10099,Unknown,Unknown,Unknown
3248,16895021,16895021-10203,18-24,Male,Black
3249,16895038,16895038-10901,Unknown,Male,Black
3250,16895040,16895040-10226,Unknown,Male,Black
3251,23354053,23354053-10250,Unknown,Male,Black
3252,23354053,23354053-10265,Unknown,Male,Black Hispanic
3253,23354086,23354086-10293,Unknown,Unknown,Unknown
3254,23354087,23354087-10294,Unknown,Male,Black
3255,23354108,23354108-10328,25-44,Male,Black
3256,23354112,23354112-10338,Unknown,Male,Unknown
3257,23354129,23354129-10362,Unknown,Male,Black
3258,23354129,23354129-10371,Unknown,Male,Black
3259,23354129,23354129-10372,Unknown,Male,Black
3260,23354129,23354129-10373,Unknown,Male,Black
3261,23421763,23421763-10401,Unknown,Unknown,Unknown
3262,23421767,23421767-10406,18-24,Male,Black
3263,23421781,23421781-10416,18-24,Male,Black
3264,23421786,23421786-10421,18-24,Male,Black
3265,23421787,23421787-10422,45-64,Male,Black
3266,23421791,23421791-10429,Unknown,Male,Black
3267,23444493,23444493-10473,25-44,Male,White Hispanic
3268,23444495,23444495-10464,Unknown,Male,Unknown
3269,23444499,23444499-10477,25-44,Male,Black
3270,23444499,23444499-10478,25-44,Male,Black
3271,23512406,23512406-10506,Unknown,Unknown,Unknown
3272,23525522,23525522-10517,25-44,Male,Black
3273,23525522,23525522-10530,<18,Female,White Hispanic
3274,23564125,23564125-10552,Unknown,Male,Black
3275,23588710,23588710-10559,25-44,Male,Black
3276,23613984,23613984-10580,Unknown,Unknown,Unknown
3277,23722473,23722473-10656,Unknown,Male,Black
3278,23722473,23722473-10681,Unknown,Male,Black
3279,23791865,23791865-10716,Unknown,Unknown,Unknown
3280,23822595,23822595-10735,25-44,Male,Black
3281,23920282,23920282-10797,Unknown,Unknown,Unknown
3282,23957540,23957540-10821,Unknown,Unknown,Unknown
3283,23957542,23957542-10823,18-24,Male,Black
3284,23957542,23957542-11160,25-44,Male,Black
3285,23974390,23974390-10840,Unknown,Male,Unknown
3286,23974390,23974390-10905,Unknown,Male,Unknown
3287,23974390,23974390-10906,Unknown,Male,Unknown
3288,24050465,24050465-10859,25-44,Male,Black
3289,24050488,24050488-10889,Unknown,Unknown,Unknown
3290,24103843,24103843-12842,<18,Male,Black
3291,24103851,24103851-10934,Unknown,Male,Black
3292,24118984,24118984-10940,18-24,Male,Black
3293,24224971,24224971-10998,18-24,Male,White Hispanic
3294,24224972,24224972-10999,Unknown,Unknown,Unknown
3295,24360983,24360983-11057,Unknown,Unknown,Unknown
3296,24378762,24378762-11371,25-44,Male,Black
3297,24418567,24418567-11095,Unknown,Male,Black
3298,24449551,24449551-11115,25-44,Male,Black Hispanic
3299,24449551,24449551-11890,18-24,Female,White Hispanic
3300,24474752,24474752-11374,Unknown,Male,Black
3301,24474752,24474752-11375,Unknown,Male,Black
3302,24474752,24474752-11376,Unknown,Male,Black
3303,24474752,24474752-11378,Unknown,Male,Black
3304,24474752,24474752-11379,Unknown,Male,Black
3305,24565931,24565931-11165,Unknown,Male,Black
3306,24591362,24591362-11150,18-24,Male,Black
3307,24626210,24626210-11161,Unknown,Male,Black
3308,24626210,24626210-11162,Unknown,Male,Black
3309,24626215,24626215-11177,25-44,Male,Black
3310,24643626,24643626-11204,18-24,Male,Black
3311,24675458,24675458-11217,25-44,Male,Black Hispanic
3312,24814507,24814507-11274,18-24,Male,White Hispanic
3313,24814511,24814511-11395,Unknown,Male,Black
3314,24839844,24839844-11294,Unknown,Male,Black
3315,24888648,24888648-11331,<18,Male,Black
3316,24888648,24888648-11332,<18,Male,Black
3317,24888648,24888648-11333,<18,Male,Black
3318,24980014,24980014-11384,18-24,Male,Black
3319,24997736,24997736-11383,Unknown,Unknown,Unknown
3320,25078538,25078538-11425,Unknown,Male,Black
3321,25195149,25195149-11445,Unknown,Male,Black
3322,25195149,25195149-11996,Unknown,Male,Black
3323,25250528,25250528-11470,18-24,Male,Black
3324,25257125,25257125-11483,Unknown,Male,Black
3325,25313899,25313899-11494,18-24,Male,Black
3326,25359020,25359020-11511,Unknown,Male,Unknown
3327,25490119,25490119-11614,<18,Male,Black
3328,25490119,25490119-12265,<18,Male,Black
3329,25544430,25544430-11590,<18,Male,Black
3330,25586130,25586130-11960,Unknown,Male,Black
3331,25586130,25586130-11961,Unknown,Unknown,Unknown
3332,25607886,25607886-11646,Unknown,Male,Unknown
3333,25832919,25832919-11693,18-24,Male,White Hispanic
3334,25932835,25932835-11739,18-24,Male,Black
3335,25932835,25932835-11790,18-24,Male,Black
3336,25965071,25965071-11852,<18,Male,Black
3337,25965071,25965071-11887,18-24,Male,Black
3338,25980541,25980541-11749,Unknown,Male,Black
3339,25980544,25980544-11751,18-24,Male,White
3340,25980544,25980544-11879,18-24,Male,White
3341,26022838,26022838-11772,Unknown,Male,Black
3342,26069308,26069308-11800,Unknown,Unknown,Unknown
3343,26282953,26282953-11885,18-24,Male,Black
3344,26430182,26430182-11913,Unknown,Unknown,Unknown
3345,26588053,26588053-11969,18-24,Male,White Hispanic
3346,26588054,26588054-11979,45-64,Male,White
3347,26625283,26625283-11986,25-44,Male,Black
3348,26823543,26823543-12024,18-24,Male,Black
3349,26823543,26823543-12091,18-24,Male,Black
3350,26823549,26823549-12019,25-44,Male,Black
3351,26849646,26849646-12031,18-24,Male,Black
3352,26929482,26929482-12041,25-44,Male,Black
3353,27241196,27241196-12099,Unknown,Unknown,Unknown
3354,27459793,27459793-13539,18-24,Male,Black
3355,27500998,27500998-12132,Unknown,Male,Black
3356,27538784,27538784-12147,Unknown,Male,Black Hispanic
3357,28135653,28135653-12176,Unknown,Male,Unknown
3358,28224895,28224895-12200,Unknown,Male,Black
3359,28318239,28318239-12236,18-24,Male,Black
3360,28332037,28332037-12237,<18,Male,Black
3361,28349213,28349213-12235,Unknown,Male,Unknown
3362,28430535,28430535-12250,Unknown,Male,Unknown
3363,28446323,28446323-12263,18-24,Male,Black
3364,28832626,28832626-12347,Unknown,Male,Black
3365,28832626,28832626-12348,Unknown,Male,Black
3366,28832626,28832626-12349,Unknown,Male,Black
3367,28848163,28848163-12637,Unknown,Unknown,Unknown
3368,28980864,28980864-12392,Unknown,Unknown,Unknown
3369,29191550,29191550-12482,25-44,Male,Black
3370,29191553,29191553-12483,18-24,Male,Black
3371,29191554,29191554-12480,<18,Male,Black
3372,29246085,29246085-12506,Unknown,Male,Black
3373,29357211,29357211-12550,25-44,Male,Black
3374,29479156,29479156-12598,25-44,Male,Black
3375,29479157,29479157-12628,18-24,Male,Black
3376,29479157,29479157-12680,Unknown,Male,Unknown
3377,32155711,32155711-12630,25-44,Male,Black Hispanic
3378,32155711,32155711-12631,25-44,Male,White Hispanic
3379,32155711,32155711-12632,25-44,Male,Black Hispanic
3380,32155711,32155711-12633,25-44,Male,Black
3381,32155712,32155712-12605,Unknown,Unknown,Unknown
3382,32155714,32155714-12738,18-24,Male,Black
3383,32155736,32155736-12623,Unknown,Male,Black
3384,32212098,32212098-12653,Unknown,Unknown,Unknown
3385,32320697,32320697-12673,18-24,Male,Black
3386,32320697,32320697-12674,Unknown,Male,Black
3387,32320697,32320697-12675,Unknown,Male,Black
3388,32704130,32704130-12713,18-24,Male,Black
3389,32723806,32723806-12719,Unknown,Male,Black
3390,32748944,32748944-12725,25-44,Male,Black
3391,32748951,32748951-12727,25-44,Male,Black
3392,32852893,32852893-12782,45-64,Male,Black
3393,32852893,32852893-12784,<18,Male,Black
3394,32852893,32852893-12927,25-44,Female,Black
3395,32898437,32898437-12786,18-24,Male,Black
3396,33136474,33136474-13906,Unknown,Unknown,Unknown
3397,33212379,33212379-12899,Unknown,Male,Black
3398,33413505,33413505-12941,45-64,Male,Black
3399,33445715,33445715-12949,Unknown,Male,White Hispanic
3400,33478094,33478094-12968,Unknown,Unknown,Unknown
3401,33654452,33654452-13030,Unknown,Male,Black
3402,33809961,33809961-13117,45-64,Male,Black
3403,33861148,33861148-13137,<18,Male,Black
3404,33962076,33962076-13313,18-24,Male,Black
3405,34010733,34010733-13193,18-24,Male,Black
3406,34010733,34010733-13194,25-44,Male,Black
3407,34078656,34078656-13206,25-44,Male,White Hispanic
3408,34177181,34177181-13241,Unknown,Male,Black
3409,34177181,34177181-13242,Unknown,Male,Black
3410,34270248,34270248-13281,18-24,Male,Black
3411,34286631,34286631-13269,Unknown,Unknown,Unknown
3412,34286634,34286634-13273,Unknown,Male,Black
3413,34414966,34414966-13315,25-44,Male,White
3414,34864269,34864269-13466,Unknown,Male,Black
3415,35244532,35244532-13558,Unknown,Male,Black
3416,35285678,35285678-13568,Unknown,Male,Black
3417,35285678,35285678-13569,Unknown,Male,Black
3418,35357638,35357638-13683,Unknown,Male,White Hispanic
3419,35406560,35406560-13602,Unknown,Unknown,Unknown
3420,35532831,35532831-13837,25-44,Male,Black Hispanic
3421,35585102,35585102-13644,Unknown,Male,Black
3422,35768644,35768644-13700,Unknown,Unknown,Unknown
3423,35855574,35855574-13712,25-44,Male,Black
3424,35973640,35973640-13738,18-24,Male,Black
3425,36140144,36140144-13771,25-44,Male,White Hispanic
3426,36158313,36158313-13775,18-24,Male,Black
3427,36198372,36198372-13796,25-44,Male,Black
3428,37231988,37231988-14346,18-24,Male,Black
3429,37256840,37256840-13848,18-24,Male,White Hispanic
3430,37273908,37273908-13847,25-44,Male,Black
3431,37273941,37273941-13851,Unknown,Male,Black
3432,37294988,37294988-13855,Unknown,Unknown,Unknown
3433,38404490,38404490-14745,18-24,Male,Black
3434,38964279,38964279-14052,<18,Male,Black
3435,39197596,39197596-14084,45-64,Male,Black
3436,44536999,44536999-14202,Unknown,Male,Black
3437,44797785,44797785-14243,18-24,Male,Black
3438,44975423,44975423-14281,45-64,Male,White Hispanic
3439,44998952,44998952-14288,18-24,Male,Black
3440,45652261,45652261-14424,Unknown,Male,Black
3441,45667815,45667815-14356,Unknown,Male,Black
3442,45667815,45667815-14357,Unknown,Male,Black
3443,45667815,45667815-14358,Unknown,Male,Black
3444,45809563,45809563-14381,Unknown,Male,Black
3445,45898004,45898004-14390,18-24,Male,White Hispanic
3446,46097237,46097237-14432,Unknown,Unknown,Unknown
3447,46161397,46161397-14445,Unknown,Male,Black
3448,46161397,46161397-14446,Unknown,Male,Black
3449,46181706,46181706-14461,18-24,Male,Black
3450,46196997,46196997-14503,Unknown,Unknown,Unknown
3451,46248079,46248079-14475,<18,Male,Black
3452,46425492,46425492-14543,18-24,Male,Black
3453,46425492,46425492-15230,18-24,Male,Black
3454,46452059,46452059-14521,Unknown,Unknown,Unknown
3455,46553952,46553952-16560,18-24,Male,Black
3456,46553952,46553952-16572,18-24,Male,Black
3457,46715569,46715569-14564,25-44,Male,Black
3458,46849912,46849912-14597,45-64,Male,Black
3459,46889811,46889811-14614,Unknown,Male,Black Hispanic
3460,47024510,47024510-14668,Unknown,Unknown,Unknown
3461,47085790,47085790-14660,18-24,Male,Black
3462,47182986,47182986-14691,18-24,Male,Black
3463,47182986,47182986-14696,<18,Male,Black
3464,47385361,47385361-14762,18-24,Male,Black
3465,47851706,47851706-14810,25-44,Male,Black
3466,47851714,47851714-14820,25-44,Male,Black
3467,47851715,47851715-14825,25-44,Male,Black
3468,47851717,47851717-14878,25-44,Male,Black
3469,47851717,47851717-15232,18-24,Male,White Hispanic
3470,47916283,47916283-14843,Unknown,Unknown,Unknown
3471,47916283,47916283-14844,Unknown,Unknown,Unknown
3472,47945809,47945809-14845,<18,Male,Black Hispanic
3473,48006255,48006255-14879,Unknown,Unknown,Unknown
3474,48026872,48026872-14861,Unknown,Male,Black
3475,48043473,48043473-15104,Unknown,Unknown,Unknown
3476,48243735,48243735-14908,18-24,Male,Black
3477,48243739,48243739-14941,Unknown,Unknown,Unknown
3478,48266327,48266327-14917,Unknown,Unknown,Unknown
3479,48304780,48304780-14927,25-44,Male,Black
3480,48304785,48304785-14938,25-44,Male,Black
3481,48344586,48344586-14951,Unknown,Male,Black Hispanic
3482,48370405,48370405-15029,18-24,Male,Black
3483,48480862,48480862-15277,25-44,Male,Black
3484,48480862,48480862-15278,18-24,Male,Black
3485,48480865,48480865-14982,18-24,Male,Black
3486,48480865,48480865-15025,18-24,Male,Black
3487,49255304,49255304-15184,Unknown,Unknown,Unknown
3488,49255316,49255316-15014,Unknown,Male,White Hispanic
3489,49255316,49255316-15015,Unknown,Male,White Hispanic
3490,49255319,49255319-15124,Unknown,Unknown,Unknown
3491,49629693,49629693-15182,Unknown,Unknown,Unknown
3492,49935067,49935067-15136,Unknown,Unknown,Unknown
3493,49955961,49955961-15129,<18,Male,Black
3494,50163481,50163481-15202,18-24,Female,Black
3495,50203590,50203590-15233,18-24,Male,Black
3496,50433507,50433507-15247,18-24,Male,Black
3497,50499445,50499445-15272,Unknown,Male,Black Hispanic
3498,50499445,50499445-15273,Unknown,Male,Black Hispanic
3499,50561772,50561772-15280,<18,Male,Black Hispanic
3500,50640965,50640965-15302,<18,Male,Black
3501,50685009,50685009-15310,18-24,Male,Black
3502,50703400,50703400-15311,25-44,Male,Black
3503,50703401,50703401-15334,Unknown,Unknown,Unknown
3504,50703410,50703410-15318,Unknown,Male,Black
3505,50796662,50796662-15363,25-44,Male,Black
3506,50796662,50796662-26558,25-44,Male,Black Hispanic
3507,50796662,50796662-26573,25-44,Male,Black Hispanic
3508,50821750,50821750-15355,18-24,Male,White Hispanic
3509,50864318,50864318-16117,Unknown,Unknown,Unknown
3510,51110048,51110048-15375,<18,Male,Black
3511,51292614,51292614-15420,Unknown,Unknown,Unknown
3512,51412518,51412518-15410,Unknown,Unknown,Unknown
3513,51599981,51599981-15462,Unknown,Male,Black
3514,51764335,51764335-15507,Unknown,Male,Black
3515,51764337,51764337-15514,Unknown,Unknown,Unknown
3516,51844233,51844233-15530,25-44,Male,Black
3517,51844234,51844234-15531,Unknown,Unknown,Unknown
3518,51893517,51893517-15555,25-44,Male,Black
3519,51916049,51916049-15548,18-24,Unknown,Black Hispanic
3520,52183621,52183621-15617,18-24,Male,Black
3521,52533653,52533653-15704,<18,Male,White Hispanic
3522,52550583,52550583-15749,25-44,Male,Black
3523,52550583,52550583-15750,18-24,Male,Black
3524,52723808,52723808-16034,18-24,Male,Black
3525,53765754,53765754-15764,Unknown,Male,Black
3526,54474358,54474358-15879,25-44,Male,Black
3527,54495005,54495005-15891,Unknown,Male,Black
3528,54495005,54495005-15892,Unknown,Male,Unknown
3529,54515432,54515432-15919,Unknown,Unknown,Unknown
3530,54579989,54579989-15911,Unknown,Unknown,Unknown
3531,54579989,54579989-15912,Unknown,Unknown,Unknown
3532,54878647,54878647-15961,Unknown,Unknown,Unknown
3533,55237636,55237636-16029,18-24,Male,Black
3534,55237636,55237636-16030,Unknown,Male,Black
3535,55581507,55581507-16480,18-24,Male,Black
3536,55670674,55670674-16150,25-44,Male,White Hispanic
3537,55780317,55780317-16161,<18,Male,White Hispanic
3538,55780317,55780317-16168,18-24,Male,White Hispanic
3539,56199908,56199908-16477,25-44,Male,Black
3540,56662045,56662045-16275,18-24,Male,Black
3541,56662045,56662045-16435,Unknown,Male,Black
3542,58995647,58995647-16345,18-24,Male,Black
3543,59171358,59171358-16369,18-24,Male,Black
3544,59415605,59415605-16390,Unknown,Male,Black Hispanic
3545,59415605,59415605-16414,Unknown,Male,Black Hispanic
3546,59415611,59415611-16389,25-44,Male,Black
3547,59660236,59660236-16432,18-24,Male,Black
3548,59894325,59894325-16486,25-44,Male,Black
3549,60097565,60097565-16481,25-44,Male,Black
3550,60120572,60120572-16530,Unknown,Unknown,Unknown
3551,60217264,60217264-16491,18-24,Male,Black
3552,60315460,60315460-16513,18-24,Male,White Hispanic
3553,60865917,60865917-16551,18-24,Female,Black
3554,60954937,60954937-16565,<18,Male,Black
3555,61000873,61000873-16587,18-24,Male,Black
3556,61122096,61122096-16622,Unknown,Unknown,Unknown
3557,61144236,61144236-16601,Unknown,Unknown,Unknown
3558,61223904,61223904-16611,Unknown,Unknown,Unknown
3559,61400097,61400097-16865,Unknown,Unknown,Unknown
3560,61593637,61593637-16748,25-44,Male,Black
3561,61943538,61943538-16754,18-24,Male,Black
3562,62013091,62013091-16847,Unknown,Male,White Hispanic
3563,62013091,62013091-16848,Unknown,Male,White Hispanic
3564,62074233,62074233-16871,18-24,Male,White Hispanic
3565,9953249,9953249-9043,Unknown,Unknown,Unknown
3566,10038641,10038641-9086,Unknown,Unknown,Unknown
3567,10137413,10137413-9115,Unknown,Male,Black
3568,10187499,10187499-9187,18-24,Male,Black
3569,10187506,10187506-9199,25-44,Male,Black
3570,10187511,10187511-9204,Unknown,Unknown,Unknown
3571,10187518,10187518-9216,25-44,Male,White Hispanic
3572,10187518,10187518-9219,25-44,Male,White Hispanic
3573,10240256,10240256-9253,18-24,Male,Black
3574,10240256,10240256-9264,18-24,Male,Black
3575,10240256,10240256-9265,18-24,Male,Black
3576,10240256,10240256-9345,18-24,Male,Black
3577,10240256,10240256-9346,18-24,Male,Black
3578,10240256,10240256-9347,18-24,Male,Black
3579,10333315,10333315-9277,Unknown,Male,Black
3580,10333315,10333315-9280,Unknown,Male,Black
3581,10333319,10333319-9283,Unknown,Male,Black
3582,10333325,10333325-9289,25-44,Male,White Hispanic
3583,10333325,10333325-9290,Unknown,Male,Black
3584,10333343,10333343-9311,18-24,Male,Black
3585,10619058,10619058-9402,Unknown,Male,Black
3586,10619071,10619071-9423,Unknown,Unknown,Unknown
3587,10764210,10764210-9520,25-44,Male,White Hispanic
3588,10764214,10764214-9528,<18,Male,Black
3589,10804594,10804594-9550,25-44,Male,Black
3590,10879202,10879202-9562,18-24,Male,Black
3591,10879216,10879216-9585,Unknown,Male,Black
3592,10879216,10879216-9586,Unknown,Male,Black
3593,10879216,10879216-9587,Unknown,Male,Black
3594,10904918,10904918-9613,25-44,Male,White Hispanic
3595,10953934,10953934-9635,<18,Male,Black
3596,10953934,10953934-9636,18-24,Male,Black
3597,11118213,11118213-9729,Unknown,Male,Black
3598,11118231,11118231-9764,18-24,Male,Black
3599,11118835,11118835-9658,18-24,Male,Black
3600,11118850,11118850-9680,25-44,Male,Black
3601,11118850,11118850-9682,18-24,Male,Black
3602,16631477,16631477-9979,Unknown,Male,Black
3603,16631480,16631480-10019,18-24,Male,Black
3604,16631499,16631499-10014,25-44,Female,White
3605,16631504,16631504-10027,18-24,Male,Black
3606,16692666,16692666-10042,25-44,Male,White Hispanic
3607,16692687,16692687-10083,25-44,Male,White Hispanic
3608,16733775,16733775-10109,18-24,Male,White Hispanic
3609,16814013,16814013-10124,Unknown,Unknown,Unknown
3610,16814033,16814033-10151,Unknown,Male,Black
3611,16814034,16814034-10152,<18,Male,Black
3612,16895014,16895014-10190,Unknown,Male,Black
3613,16895027,16895027-10209,Unknown,Male,Black
3614,16895030,16895030-10213,Unknown,Male,Black
3615,16895036,16895036-10220,<18,Male,White Hispanic
3616,23354066,23354066-10267,18-24,Male,Black
3617,23354066,23354066-10270,18-24,Male,Black
3618,23354094,23354094-10301,<18,Male,Black
3619,23354147,23354147-10396,18-24,Male,White Hispanic
3620,23421775,23421775-10409,Unknown,Male,White Hispanic
3621,23421775,23421775-10432,Unknown,Male,White Hispanic
3622,23421775,23421775-10639,Unknown,Male,Black
3623,23444491,23444491-10460,Unknown,Unknown,Unknown
3624,23525529,23525529-10617,18-24,Male,White Hispanic
3625,23549337,23549337-10536,18-24,Male,Black
3626,23650227,23650227-10616,18-24,Male,White Hispanic
3627,23749364,23749364-10669,Unknown,Male,Black
3628,23791863,23791863-10714,Unknown,Male,Black
3629,23822596,23822596-10736,Unknown,Male,Black
3630,23822597,23822597-10737,18-24,Male,Black
3631,23846691,23846691-10754,Unknown,Male,Black
3632,23872821,23872821-11576,18-24,Male,Black
3633,23945316,23945316-10815,Unknown,Unknown,Unknown
3634,24050475,24050475-10876,Unknown,Male,White Hispanic
3635,24050481,24050481-10902,18-24,Male,Black
3636,24050481,24050481-10903,18-24,Male,Black
3637,24050490,24050490-10892,25-44,Male,Black
3638,24050490,24050490-10899,25-44,Male,Black
3639,24103836,24103836-10912,Unknown,Male,Black
3640,24157461,24157461-10970,Unknown,Unknown,Unknown
3641,24224970,24224970-10996,<18,Male,Black
3642,24224970,24224970-11123,<18,Male,Black Hispanic
3643,24224970,24224970-13407,<18,Male,Black
3644,24378769,24378769-11073,Unknown,Unknown,Unknown
3645,24434214,24434214-11090,25-44,Male,White Hispanic
3646,24491449,24491449-11114,18-24,Male,White Hispanic
3647,24550983,24550983-11300,Unknown,Male,White Hispanic
3648,24565929,24565929-11151,18-24,Male,White Hispanic
3649,24565929,24565929-11152,18-24,Male,White Hispanic
3650,24565929,24565929-11153,<18,Male,White Hispanic
3651,24565929,24565929-11359,18-24,Male,White Hispanic
3652,24626208,24626208-11409,18-24,Male,Black
3653,24699538,24699538-11448,18-24,Male,Black
3654,24773584,24773584-11240,18-24,Male,Black
3655,24773584,24773584-11249,<18,Male,Black
3656,24797479,24797479-11245,Unknown,Unknown,Unknown
3657,24797483,24797483-11778,25-44,Male,Black
3658,24814502,24814502-11268,18-24,Male,Black Hispanic
3659,24839843,24839843-11295,Unknown,Unknown,Unknown
3660,24930766,24930766-11337,25-44,Male,Black
3661,25036113,25036113-11973,Unknown,Male,Unknown
3662,25036113,25036113-11974,Unknown,Male,Unknown
3663,25260902,25260902-11472,25-44,Male,Black
3664,25260903,25260903-12029,Unknown,Unknown,Unknown
3665,25260907,25260907-11476,25-44,Male,Black
3666,25313903,25313903-11498,25-44,Male,Black Hispanic
3667,25384543,25384543-11923,Unknown,Male,Black
3668,25424624,25424624-11535,Unknown,Male,Unknown
3669,25490109,25490109-12086,18-24,Male,Black
3670,25490109,25490109-12090,18-24,Male,Black
3671,25490109,25490109-12373,18-24,Male,Black
3672,25658629,25658629-11639,18-24,Male,Black
3673,25865878,25865878-11694,25-44,Male,Black
3674,25865878,25865878-11695,18-24,Male,Black
3675,25865878,25865878-11696,25-44,Male,Black
3676,25865878,25865878-11697,18-24,Male,Black
3677,25865878,25865878-11701,<18,Male,Black
3678,25865878,25865878-11702,18-24,Male,Black
3679,25865878,25865878-13119,Unknown,Unknown,Unknown
3680,25881908,25881908-11705,25-44,Male,White Hispanic
3681,25896927,25896927-11710,25-44,Male,White Hispanic
3682,25896927,25896927-11711,25-44,Male,Black
3683,25950251,25950251-11733,25-44,Male,Black
3684,25950251,25950251-11743,25-44,Male,Black
3685,25965073,25965073-11746,25-44,Male,White Hispanic
3686,25996022,25996022-11754,25-44,Male,Black
3687,26035865,26035865-11783,25-44,Male,Black
3688,26035873,26035873-11770,25-44,Male,Black
3689,26035873,26035873-11771,25-44,Male,Black
3690,26302592,26302592-11929,Unknown,Male,Unknown
3691,26570237,26570237-13005,Unknown,Male,Black
3692,27057886,27057886-12067,18-24,Male,Black
3693,27196492,27196492-12095,18-24,Male,Black
3694,27326275,27326275-12967,25-44,Male,White Hispanic
3695,27500999,27500999-12133,18-24,Male,Black
3696,27500999,27500999-12135,25-44,Female,Black
3697,28176155,28176155-12187,18-24,Male,White Hispanic
3698,28176155,28176155-12277,18-24,Male,Black
3699,28224894,28224894-12198,Unknown,Male,Black
3700,28250388,28250388-12220,25-44,Male,Unknown
3701,28250388,28250388-12221,Unknown,Male,Unknown
3702,28412522,28412522-12248,Unknown,Unknown,Unknown
3703,28503015,28503015-12268,18-24,Male,Black
3704,28609131,28609131-12284,Unknown,Unknown,Unknown
3705,28635703,28635703-12586,Unknown,Male,Unknown
3706,28635708,28635708-12311,<18,Male,Black
3707,28635709,28635709-12310,18-24,Male,Black
3708,28742775,28742775-25910,25-44,Male,Black
3709,28772261,28772261-12339,Unknown,Male,Black
3710,28772261,28772261-12340,Unknown,Male,Black
3711,28883127,28883127-12371,18-24,Male,Black
3712,28926746,28926746-12385,25-44,Male,White Hispanic
3713,28926746,28926746-12433,18-24,Male,White Hispanic
3714,28926746,28926746-12434,18-24,Male,White Hispanic
3715,28926746,28926746-12435,18-24,Male,White Hispanic
3716,29098919,29098919-12443,18-24,Male,White Hispanic
3717,29098919,29098919-12444,18-24,Female,White Hispanic
3718,29098919,29098919-12465,25-44,Male,Black Hispanic
3719,29406950,29406950-12578,Unknown,Male,Black
3720,29406950,29406950-12579,Unknown,Male,Black
3721,29462410,29462410-12602,<18,Male,Black
3722,29462410,29462410-12603,<18,Male,White Hispanic
3723,32155716,32155716-12670,18-24,Male,Black
3724,32723810,32723810-12718,18-24,Male,Black
3725,32807475,32807475-12772,18-24,Male,Black
3726,32821777,32821777-12770,Unknown,Unknown,Unknown
3727,32878662,32878662-12779,18-24,Male,Black
3728,33227811,33227811-12903,<18,Male,Black
3729,33227811,33227811-13024,<18,Female,Black
3730,33273403,33273403-12917,25-44,Male,White
3731,33376716,33376716-13907,Unknown,Unknown,Unknown
3732,33413502,33413502-12929,25-44,Male,Black
3733,33413509,33413509-12934,25-44,Male,Black
3734,33430254,33430254-12937,18-24,Male,Black
3735,33516979,33516979-12981,Unknown,Male,Black
3736,33569322,33569322-13007,18-24,Male,White Hispanic
3737,33569322,33569322-13008,18-24,Male,White Hispanic
3738,33886853,33886853-13141,25-44,Male,Black
3739,34129867,34129867-13219,Unknown,Male,Black
3740,34286626,34286626-13258,18-24,Male,Black
3741,34286635,34286635-13261,Unknown,Male,Unknown
3742,34377234,34377234-13305,Unknown,Unknown,Unknown
3743,34449567,34449567-13318,Unknown,Unknown,Unknown
3744,34627190,34627190-13377,18-24,Female,Black
3745,34627190,34627190-14139,25-44,Male,Black Hispanic
3746,34627193,34627193-13385,Unknown,Male,Black
3747,34627195,34627195-13387,Unknown,Male,Unknown
3748,34627195,34627195-13415,18-24,Male,Unknown
3749,34647710,34647710-13392,Unknown,Male,Black
3750,34741679,34741679-13408,18-24,Male,Black
3751,34864266,34864266-13455,25-44,Male,White Hispanic
3752,34864266,34864266-13456,25-44,Male,White Hispanic
3753,34955936,34955936-13486,18-24,Male,Black
3754,35019485,35019485-13506,Unknown,Male,Unknown
3755,35192358,35192358-13546,<18,Male,Black
3756,35192358,35192358-13547,<18,Male,Black
3757,35215530,35215530-13545,18-24,Male,Black
3758,35244535,35244535-13562,18-24,Male,Black
3759,35244535,35244535-13563,18-24,Male,Black
3760,35265781,35265781-13560,18-24,Male,Black
3761,35386251,35386251-13588,Unknown,Male,White Hispanic
3762,35386251,35386251-13589,Unknown,Male,White Hispanic
3763,35480307,35480307-13627,Unknown,Unknown,Unknown
3764,35855594,35855594-13715,18-24,Male,Black
3765,35855594,35855594-13716,Unknown,Male,Black
3766,36021163,36021163-13751,25-44,Male,Black
3767,36091657,36091657-14226,25-44,Female,White
3768,37384802,37384802-13870,Unknown,Unknown,Unknown
3769,37486387,37486387-13898,Unknown,Male,Black
3770,37486387,37486387-13899,Unknown,Male,Black
3771,37695060,37695060-13948,18-24,Male,Black
3772,37695060,37695060-13949,25-44,Male,Black
3773,37781311,37781311-14088,18-24,Male,Black
3774,38745304,38745304-14004,25-44,Male,Black
3775,38745793,38745793-14002,Unknown,Unknown,Unknown
3776,38852686,38852686-14022,Unknown,Male,Black
3777,38917884,38917884-14039,25-44,Male,Black
3778,38940940,38940940-14041,25-44,Male,Black
3779,39158291,39158291-14089,18-24,Male,Black Hispanic
3780,39158291,39158291-14090,18-24,Male,Black Hispanic
3781,44492037,44492037-14182,18-24,Male,Black
3782,44515783,44515783-14330,18-24,Male,White Hispanic
3783,44537000,44537000-14200,Unknown,Male,Black
3784,44537000,44537000-14201,Unknown,Male,Black
3785,44823479,44823479-14293,18-24,Male,Black
3786,44823479,44823479-14294,18-24,Male,Black
3787,44823479,44823479-14295,<18,Male,Black
3788,44823479,44823479-14296,18-24,Male,Black
3789,44916670,44916670-14273,Unknown,Male,White Hispanic
3790,44998949,44998949-14287,25-44,Male,Black
3791,44998953,44998953-14283,18-24,Male,Black
3792,45218812,45218812-14290,Unknown,Male,Black
3793,45218812,45218812-14291,Unknown,Male,Black
3794,45260035,45260035-14297,Unknown,Male,White Hispanic
3795,45320620,45320620-14322,Unknown,Unknown,Unknown
3796,45320621,45320621-14323,Unknown,Male,Black
3797,46141345,46141345-14456,Unknown,Unknown,Unknown
3798,46162093,46162093-14460,18-24,Male,Black Hispanic
3799,46275276,46275276-14477,25-44,Male,Black
3800,46452065,46452065-15515,25-44,Male,Black
3801,46497459,46497459-14540,Unknown,Male,Black
3802,46497459,46497459-14541,Unknown,Male,Black
3803,46538077,46538077-14530,25-44,Male,Black
3804,46538077,46538077-14626,Unknown,Male,Black
3805,47085789,47085789-14669,18-24,Male,Black
3806,47156717,47156717-14684,18-24,Male,Black
3807,47207551,47207551-14717,Unknown,Unknown,Unknown
3808,47447804,47447804-15183,Unknown,Unknown,Unknown
3809,47851707,47851707-14812,18-24,Male,Black
3810,47986431,47986431-14869,18-24,Male,Black
3811,48006249,48006249-14858,18-24,Male,Black
3812,48006251,48006251-14875,Unknown,Unknown,Unknown
3813,48006258,48006258-14868,<18,Male,Unknown
3814,48066960,48066960-16240,Unknown,Unknown,Unknown
3815,48304784,48304784-14930,18-24,Male,White Hispanic
3816,48304784,48304784-14945,<18,Male,Black Hispanic
3817,48460098,48460098-14962,Unknown,Male,Black
3818,49236358,49236358-15031,18-24,Male,Black
3819,49255303,49255303-15364,18-24,Male,Black
3820,49255308,49255308-15051,<18,Male,Black
3821,49255314,49255314-15012,18-24,Male,Black
3822,49255314,49255314-15013,18-24,Male,Black
3823,49255326,49255326-15020,18-24,Male,Black Hispanic
3824,49271460,49271460-15052,18-24,Male,Black
3825,49629692,49629692-15126,Unknown,Unknown,Unknown
3826,49834895,49834895-15075,18-24,Male,White Hispanic
3827,49834895,49834895-15076,18-24,Male,Unknown
3828,49913265,49913265-15108,18-24,Male,White Hispanic
3829,49913265,49913265-15439,Unknown,Male,White Hispanic
3830,49935073,49935073-15112,<18,Male,Black
3831,49935073,49935073-15113,<18,Male,Black Hispanic
3832,50142671,50142671-15215,18-24,Male,Black
3833,50163467,50163467-15220,Unknown,Male,Black Hispanic
3834,50433505,50433505-16749,18-24,Male,Black
3835,50459048,50459048-15296,<18,Male,Black
3836,50499444,50499444-15427,18-24,Male,Black
3837,50640964,50640964-15499,18-24,Male,Black
3838,10038637,10038637-9078,18-24,Male,Black
3839,10038637,10038637-9096,18-24,Male,Black
3840,10038637,10038637-9097,25-44,Male,Black
3841,10038649,10038649-9100,Unknown,Male,Unknown
3842,10038649,10038649-9106,Unknown,Male,Unknown
3843,10038649,10038649-9107,Unknown,Male,Unknown
3844,10137416,10137416-9124,Unknown,Male,White
3845,10137434,10137434-9154,18-24,Male,Black
3846,10187509,10187509-9202,18-24,Male,Black
3847,10240263,10240263-9266,25-44,Male,Black
3848,10411004,10411004-9320,Unknown,Unknown,Unknown
3849,10454376,10454376-9365,Unknown,Male,Black
3850,10454376,10454376-9412,Unknown,Male,Black
3851,10454376,10454376-9413,Unknown,Male,Black
3852,10454376,10454376-9414,Unknown,Male,Black
3853,10454386,10454386-9386,Unknown,Unknown,Unknown
3854,10619075,10619075-9428,Unknown,Male,Black
3855,10619082,10619082-9439,25-44,Male,Black
3856,10619082,10619082-9801,25-44,Male,Black
3857,10660763,10660763-9483,25-44,Male,Black
3858,10713400,10713400-9497,25-44,Male,Black
3859,10713401,10713401-9498,Unknown,Male,White Hispanic
3860,10713403,10713403-9500,Unknown,Unknown,Unknown
3861,10804587,10804587-9538,Unknown,Male,White Hispanic
3862,10804587,10804587-9576,Unknown,Male,White Hispanic
3863,10879221,10879221-9594,18-24,Male,Black
3864,10953931,10953931-9630,Unknown,Unknown,Unknown
3865,10953938,10953938-9640,Unknown,Male,Black
3866,11118192,11118192-9696,<18,Male,Black
3867,11118192,11118192-10021,18-24,Male,Black
3868,11118192,11118192-10022,25-44,Male,Black
3869,11118192,11118192-10891,18-24,Male,Black
3870,11118195,11118195-9700,25-44,Male,Black
3871,11118234,11118234-9761,25-44,Male,Black
3872,11118846,11118846-9676,25-44,Male,Black
3873,11118846,11118846-9690,25-44,Male,Black
3874,12835950,12835950-9944,18-24,Male,White Hispanic
3875,12835952,12835952-9830,Unknown,Unknown,Black
3876,15400565,15400565-9888,25-44,Male,Black
3877,15400569,15400569-9896,18-24,Male,White Hispanic
3878,15400569,15400569-9954,<18,Male,White Hispanic
3879,15400569,15400569-9956,<18,Male,Black
3880,16631430,16631430-9907,Unknown,Unknown,Unknown
3881,16631478,16631478-9980,<18,Male,Black
3882,16631490,16631490-10001,45-64,Male,White Hispanic
3883,16692665,16692665-10041,25-44,Male,White
3884,16692681,16692681-10071,Unknown,Male,Black
3885,16733764,16733764-10096,Unknown,Unknown,Unknown
3886,16733770,16733770-10103,18-24,Male,Black
3887,16733771,16733771-10104,Unknown,Male,Black
3888,16733773,16733773-10106,Unknown,Male,Black
3889,16733776,16733776-10110,Unknown,Unknown,Unknown
3890,16814043,16814043-10172,25-44,Male,White Hispanic
3891,16814047,16814047-10176,<18,Male,Black
3892,16895005,16895005-10179,25-44,Male,Black
3893,16895043,16895043-10229,Unknown,Unknown,Unknown
3894,23354048,23354048-10240,18-24,Male,Black
3895,23354057,23354057-10254,18-24,Male,White Hispanic
3896,23354058,23354058-10255,Unknown,Male,Black
3897,23354081,23354081-10288,45-64,Male,Black
3898,23354123,23354123-10356,18-24,Male,Black
3899,23354124,23354124-10357,Unknown,Unknown,Unknown
3900,23354130,23354130-10539,18-24,Male,Black
3901,23421774,23421774-10609,18-24,Male,Black
3902,23421774,23421774-10610,Unknown,Unknown,Unknown
3903,23650223,23650223-10601,Unknown,Unknown,Unknown
3904,23665375,23665375-10620,18-24,Male,Black
3905,23872824,23872824-12681,Unknown,Unknown,Unknown
3906,23945310,23945310-10809,18-24,Male,Black
3907,23945314,23945314-10813,Unknown,Male,Black
3908,23957541,23957541-10822,Unknown,Male,Black
3909,23974385,23974385-10832,Unknown,Unknown,Unknown
3910,24050477,24050477-10878,Unknown,Male,Black
3911,24129967,24129967-10943,Unknown,Male,Black
3912,24129967,24129967-10948,Unknown,Male,Black Hispanic
3913,24202180,24202180-10990,Unknown,Unknown,Unknown
3914,24236344,24236344-11000,Unknown,Male,White Hispanic
3915,24236344,24236344-11053,Unknown,Male,Black
3916,24236346,24236346-11003,45-64,Male,Black
3917,24248676,24248676-11009,Unknown,Male,Black
3918,24320685,24320685-11048,Unknown,Male,Black
3919,24347269,24347269-11158,25-44,Male,Black
3920,24360989,24360989-11437,18-24,Male,Black
3921,24378765,24378765-11306,Unknown,Unknown,Unknown
3922,24378767,24378767-11487,18-24,Male,Black
3923,24378768,24378768-11072,Unknown,Unknown,Unknown
3924,24394055,24394055-12122,18-24,Male,Black
3925,24591358,24591358-11147,18-24,Male,Black
3926,24591358,24591358-11148,18-24,Male,Black Hispanic
3927,24643627,24643627-11283,25-44,Male,Black
3928,24659051,24659051-11188,Unknown,Male,Black
3929,24659051,24659051-11242,Unknown,Male,Black
3930,24659051,24659051-11243,Unknown,Male,Black
3931,24687029,24687029-11209,Unknown,Male,Black
3932,24687029,24687029-11219,Unknown,Male,Black
3933,24814494,24814494-11261,25-44,Male,Black
3934,24814494,24814494-11262,25-44,Male,Black
3935,24888646,24888646-11324,Unknown,Male,Black
3936,25055202,25055202-11408,18-24,Male,Black
3937,25078536,25078536-11415,18-24,Male,Black
3938,25207007,25207007-11465,Unknown,Male,Black
3939,25207007,25207007-11466,Unknown,Male,Black
3940,25207007,25207007-11467,Unknown,Male,Black
3941,25217938,25217938-11575,Unknown,Male,Unknown
3942,25240993,25240993-11463,Unknown,Male,Black
3943,25240993,25240993-11464,Unknown,Male,Black
3944,25257130,25257130-11469,45-64,Male,Black
3945,25260906,25260906-11475,Unknown,Male,Black
3946,25370562,25370562-11518,Unknown,Unknown,Unknown
3947,25452379,25452379-11563,25-44,Male,White Hispanic
3948,25452379,25452379-11666,18-24,Male,Black Hispanic
3949,25466216,25466216-11562,Unknown,Male,Black
3950,25544431,25544431-11589,18-24,Male,Black Hispanic
3951,25574779,25574779-11677,18-24,Male,Black
3952,25640830,25640830-11995,18-24,Male,Black Hispanic
3953,25658624,25658624-11635,Unknown,Male,Unknown
3954,25658624,25658624-11636,Unknown,Male,Unknown
3955,25658624,25658624-11637,Unknown,Male,Unknown
3956,25658624,25658624-11638,Unknown,Male,Unknown
3957,25658628,25658628-11633,Unknown,Male,Unknown
3958,25658628,25658628-11634,Unknown,Male,Unknown
3959,25689177,25689177-11653,Unknown,Male,Black
3960,25754261,25754261-11670,Unknown,Male,Black
3961,25754261,25754261-11671,Unknown,Male,Black
3962,25980540,25980540-11757,<18,Male,Black
3963,25980540,25980540-11855,25-44,Male,Black
3964,25980540,25980540-11856,25-44,Male,Unknown
3965,25980540,25980540-11857,25-44,Male,Black
3966,25980543,25980543-11750,25-44,Male,Black
3967,26087355,26087355-11975,Unknown,Male,Asian / Pacific Islander
3968,26216710,26216710-11850,25-44,Male,White Hispanic
3969,26475582,26475582-11926,25-44,Male,White Hispanic
3970,26475585,26475585-11932,Unknown,Male,Black
3971,26475585,26475585-11933,Unknown,Male,Black
3972,26475585,26475585-11934,Unknown,Male,Black
3973,26562471,26562471-11955,18-24,Male,Black Hispanic
3974,26570236,26570236-11968,Unknown,Male,Unknown
3975,26672216,26672216-12007,Unknown,Male,White
3976,26823550,26823550-12021,Unknown,Unknown,Unknown
3977,26916114,26916114-12244,25-44,Male,White Hispanic
3978,27196489,27196489-12088,Unknown,Unknown,Unknown
3979,27415044,27415044-12120,25-44,Male,White
3980,28135651,28135651-12173,18-24,Male,Black
3981,28250387,28250387-25635,25-44,Male,Black
3982,28285978,28285978-12229,18-24,Male,Black
3983,28332038,28332038-12238,Unknown,Male,Black
3984,28349214,28349214-12234,Unknown,Unknown,Unknown
3985,28742773,28742773-12315,18-24,Male,Black
3986,28742773,28742773-12316,18-24,Male,Black
3987,28742773,28742773-12318,18-24,Male,Black
3988,28742773,28742773-12320,18-24,Male,Black
3989,28742773,28742773-13428,18-24,Male,Black
3990,28883126,28883126-12363,18-24,Male,Black Hispanic
3991,29040552,29040552-12421,18-24,Male,Black
3992,29040552,29040552-22964,18-24,Male,Black
3993,29080492,29080492-12440,18-24,Male,Black
3994,29080492,29080492-12441,18-24,Male,Black
3995,29114163,29114163-12454,Unknown,Male,Black
3996,29145870,29145870-12451,18-24,Male,Black
3997,29174607,29174607-12476,18-24,Male,White Hispanic
3998,29246087,29246087-12503,18-24,Male,Black
3999,29246087,29246087-12504,Unknown,Male,Black
4000,29246087,29246087-12505,Unknown,Male,Black
4001,29259599,29259599-12581,45-64,Male,Black
4002,29277332,29277332-12534,Unknown,Male,Unknown
4003,29357208,29357208-16228,18-24,Male,Black
4004,29373508,29373508-12730,18-24,Male,Black
4005,29444850,29444850-12588,18-24,Male,Black
4006,32155723,32155723-12617,25-44,Male,White Hispanic
4007,32155725,32155725-12640,Unknown,Unknown,Unknown
4008,32303924,32303924-12665,Unknown,Male,Black
4009,32564594,32564594-12704,Unknown,Male,White Hispanic
4010,32690339,32690339-12710,Unknown,Male,White Hispanic
4011,32748948,32748948-12875,25-44,Male,Black
4012,32768845,32768845-13089,25-44,Male,Black
4013,32768845,32768845-13388,25-44,Female,Black
4014,32768845,32768845-14547,18-24,Male,Black
4015,32807471,32807471-12796,Unknown,Male,Black
4016,32821775,32821775-12755,18-24,Male,Black
4017,32821775,32821775-13348,18-24,Male,Black
4018,32821780,32821780-12774,18-24,Male,Black
4019,32949487,32949487-12802,18-24,Male,Black
4020,32981961,32981961-12804,25-44,Male,Black
4021,33008212,33008212-12837,18-24,Male,Black
4022,33074879,33074879-12857,Unknown,Male,Black
4023,33074879,33074879-12858,Unknown,Male,Black
4024,33074879,33074879-12859,Unknown,Male,Black
4025,33110745,33110745-12860,<18,Male,White Hispanic
4026,33154114,33154114-14693,18-24,Male,Black
4027,33196050,33196050-13043,Unknown,Male,Black
4028,33196050,33196050-13044,Unknown,Female,Black
4029,33196050,33196050-13045,Unknown,Male,White Hispanic
4030,33227809,33227809-12911,25-44,Male,White Hispanic
4031,33478090,33478090-12979,18-24,Male,Black
4032,33552563,33552563-13240,Unknown,Male,Unknown
4033,33569320,33569320-15820,Unknown,Unknown,Unknown
4034,33635598,33635598-13028,18-24,Male,Black
4035,33654454,33654454-13032,18-24,Male,Black
4036,33691633,33691633-13076,25-44,Male,Black
4037,33932096,33932096-13149,25-44,Male,Black
4038,33977871,33977871-13338,Unknown,Unknown,Unknown
4039,34057962,34057962-13205,25-44,Male,Black
4040,34129869,34129869-13224,Unknown,Male,Black
4041,34129869,34129869-13225,Unknown,Male,Black
4042,34129869,34129869-13226,Unknown,Male,Black
4043,34162749,34162749-16172,18-24,Male,Black
4044,34229139,34229139-13244,18-24,Male,Black
4045,34356457,34356457-13293,25-44,Male,Black
4046,34356457,34356457-13337,25-44,Male,Black
4047,34396686,34396686-13331,Unknown,Unknown,Unknown
4048,34555284,34555284-13396,Unknown,Unknown,Unknown
4049,34627192,34627192-13389,18-24,Male,Black
4050,34647711,34647711-13393,25-44,Male,Black
4051,34647711,34647711-13394,25-44,Male,Black
4052,34667539,34667539-13708,Unknown,Unknown,Unknown
4053,34687233,34687233-13410,Unknown,Male,Unknown
4054,34755921,34755921-13419,18-24,Male,Black
4055,34755921,34755921-13501,18-24,Male,Black
4056,34755921,34755921-13540,18-24,Male,Black
4057,34824225,34824225-13433,18-24,Male,Black
4058,35158622,35158622-13529,<18,Male,Black
4059,35323545,35323545-13583,Unknown,Male,Black Hispanic
4060,35446119,35446119-13605,Unknown,Male,Black
4061,35446121,35446121-13609,18-24,Male,Black
4062,35552369,35552369-13638,18-24,Male,Black
4063,35565367,35565367-13643,Unknown,Male,Unknown
4064,35565367,35565367-13752,Unknown,Male,Unknown
4065,35585277,35585277-13646,Unknown,Male,Unknown
4066,35652561,35652561-13663,Unknown,Unknown,Unknown
4067,35737612,35737612-13747,<18,Male,White Hispanic
4068,35768677,35768677-13695,Unknown,Male,Unknown
4069,35768677,35768677-13696,Unknown,Male,Unknown
4070,35785829,35785829-13688,Unknown,Male,Black
4071,35785829,35785829-13704,Unknown,Male,Black
4072,35785829,35785829-13705,Unknown,Male,Black
4073,35855634,35855634-13719,25-44,Male,Black
4074,35920663,35920663-13724,<18,Male,Black
4075,35920705,35920705-13731,Unknown,Male,Black
4076,36091711,36091711-13761,Unknown,Male,Black
4077,36213053,36213053-13789,Unknown,Unknown,Unknown
4078,37207632,37207632-13833,Unknown,Male,Black
4079,37207632,37207632-13840,Unknown,Male,Black
4080,37207632,37207632-13841,Unknown,Male,Black
4081,37401730,37401730-13877,Unknown,Male,White Hispanic
4082,37505868,37505868-13896,18-24,Male,Black Hispanic
4083,37522996,37522996-13900,<18,Male,Black
4084,37522996,37522996-13909,<18,Male,Black
4085,37695073,37695073-13961,25-44,Male,Black
4086,37806332,37806332-13947,18-24,Male,Black
4087,38434936,38434936-13981,Unknown,Male,Black
4088,38434936,38434936-13982,Unknown,Male,Black
4089,38434936,38434936-13983,Unknown,Male,Black
4090,38817501,38817501-14016,25-44,Male,Black
4091,39177400,39177400-14076,18-24,Male,Black
4092,39505761,39505761-14140,Unknown,Male,Black
4093,44390705,44390705-14159,18-24,Male,Black
4094,44390705,44390705-14251,25-44,Male,Black
4095,44537003,44537003-14188,18-24,Male,White Hispanic
4096,44537003,44537003-14212,18-24,Male,Unknown
4097,44537003,44537003-14213,18-24,Unknown,Unknown
4098,44576543,44576543-14198,Unknown,Male,Black
4099,44576543,44576543-14199,Unknown,Male,Black
4100,44576546,44576546-14255,18-24,Male,White Hispanic
4101,44613472,44613472-14211,25-44,Male,Black
4102,44692772,44692772-14233,<18,Male,Black
4103,44692772,44692772-14234,18-24,Male,Black
4104,44692772,44692772-14235,25-44,Male,Black
4105,44713183,44713183-14227,25-44,Male,Black
4106,44936763,44936763-14265,Unknown,Male,Black
4107,44936763,44936763-14266,Unknown,Male,Black
4108,45491760,45491760-14329,18-24,Male,Black
4109,45610181,45610181-14340,25-44,Male,Black
4110,45789777,45789777-14373,18-24,Male,Black
4111,45872837,45872837-14435,25-44,Male,Black
4112,45898003,45898003-14391,<18,Male,Black
4113,45898003,45898003-14392,<18,Male,Black
4114,45926423,45926423-14395,18-24,Male,Black
4115,45926423,45926423-14526,18-24,Male,Black
4116,45926426,45926426-14397,25-44,Male,Black
4117,45926429,45926429-14409,Unknown,Male,Unknown
4118,45990088,45990088-14596,18-24,Male,Black Hispanic
4119,46009198,46009198-14413,Unknown,Male,Black
4120,46097239,46097239-14457,18-24,Male,Black
4121,46221906,46221906-14464,25-44,Male,Black
4122,46221906,46221906-14465,25-44,Male,Black
4123,46221906,46221906-14466,25-44,Male,Black
4124,46538072,46538072-14537,25-44,Male,Black
4125,46696212,46696212-14566,Unknown,Male,Black
4126,46696213,46696213-14644,25-44,Male,Black
4127,46715559,46715559-14670,18-24,Male,Black
4128,46869854,46869854-14612,18-24,Male,Black
4129,46869854,46869854-14799,18-24,Male,Black
4130,46887451,46887451-14603,18-24,Male,Black
4131,46889820,46889820-14686,25-44,Male,Black
4132,46931040,46931040-14619,25-44,Male,Black
4133,46931040,46931040-14902,18-24,Male,Black
4134,47266779,47266779-14712,25-44,Male,Black
4135,47266779,47266779-14714,25-44,Male,Black
4136,47405917,47405917-14764,Unknown,Unknown,Unknown
4137,47405920,47405920-14769,18-24,Male,Black Hispanic
4138,47405920,47405920-14770,18-24,Male,White Hispanic
4139,47405920,47405920-14771,Unknown,Unknown,Unknown
4140,10137422,10137422-9140,Unknown,Male,White Hispanic
4141,10137422,10137422-9141,Unknown,Male,Black
4142,10187512,10187512-9205,Unknown,Unknown,Unknown
4143,10333312,10333312-9274,Unknown,Male,White Hispanic
4144,10333322,10333322-9286,Unknown,Unknown,Unknown
4145,10411008,10411008-9324,18-24,Male,Black
4146,10411017,10411017-9334,18-24,Male,Black
4147,10454370,10454370-9357,Unknown,Male,Unknown
4148,10619051,10619051-9393,Unknown,Male,Black
4149,10619062,10619062-9407,18-24,Male,Black
4150,10619077,10619077-9433,Unknown,Unknown,Unknown
4151,10619084,10619084-9441,25-44,Male,Black
4152,10713411,10713411-9510,Unknown,Unknown,Unknown
4153,10764207,10764207-9517,18-24,Male,Black
4154,10764207,10764207-9523,<18,Male,Black
4155,10804582,10804582-9531,25-44,Male,Black
4156,10879212,10879212-9578,18-24,Male,Black
4157,10904917,10904917-9612,45-64,Male,Black
4158,10904922,10904922-26555,25-44,Male,Black
4159,11118220,11118220-9740,Unknown,Male,Black
4160,11118220,11118220-9751,Unknown,Male,Black
4161,11118221,11118221-9741,Unknown,Male,Black
4162,11118221,11118221-9742,Unknown,Male,Black
4163,11118245,11118245-9778,Unknown,Male,Black
4164,11118847,11118847-9677,Unknown,Unknown,Unknown
4165,11118849,11118849-9679,Unknown,Unknown,Unknown
4166,12835945,12835945-9823,25-44,Male,Black
4167,12835948,12835948-9826,18-24,Male,Black
4168,15400539,15400539-10007,25-44,Male,Black
4169,15400548,15400548-9862,25-44,Male,White Hispanic
4170,15400549,15400549-9863,Unknown,Unknown,Unknown
4171,15400552,15400552-9869,Unknown,Unknown,Unknown
4172,16631427,16631427-9901,Unknown,Male,Black
4173,16631427,16631427-9902,Unknown,Male,Black Hispanic
4174,16631453,16631453-9939,Unknown,Unknown,Unknown
4175,16631461,16631461-9957,Unknown,Male,Black
4176,16631476,16631476-9977,Unknown,Male,Black
4177,16692680,16692680-10070,Unknown,Unknown,Unknown
4178,16692682,16692682-10073,25-44,Male,Black
4179,16692682,16692682-10077,25-44,Male,Black
4180,16733758,16733758-10086,25-44,Male,Black
4181,16733781,16733781-10117,25-44,Male,Black
4182,16733781,16733781-10121,18-24,Male,Black
4183,16814018,16814018-10132,Unknown,Unknown,Unknown
4184,16814020,16814020-10135,Unknown,Unknown,Unknown
4185,16814040,16814040-10169,Unknown,Unknown,Unknown
4186,16814048,16814048-10177,18-24,Male,Black
4187,16895006,16895006-10238,Unknown,Male,Black
4188,16895012,16895012-10188,Unknown,Male,Black
4189,16895022,16895022-10204,25-44,Male,Black
4190,16895023,16895023-10205,25-44,Male,Black
4191,16895031,16895031-10214,Unknown,Male,Black
4192,16895031,16895031-10547,Unknown,Male,Black
4193,23354047,23354047-10239,<18,Male,Black
4194,23354047,23354047-10242,<18,Male,Black
4195,23354054,23354054-10251,Unknown,Male,Black
4196,23354080,23354080-10287,Unknown,Unknown,Unknown
4197,23354084,23354084-10291,25-44,Male,White Hispanic
4198,23354084,23354084-11187,25-44,Male,Black Hispanic
4199,23354092,23354092-10299,Unknown,Unknown,Unknown
4200,23354102,23354102-10311,Unknown,Male,Black
4201,23354102,23354102-10312,Unknown,Male,Black
4202,23354102,23354102-10313,Unknown,Male,Black
4203,23354103,23354103-10319,Unknown,Male,Black
4204,23354103,23354103-10393,Unknown,Male,Black
4205,23354119,23354119-10352,Unknown,Male,Black
4206,23354135,23354135-10377,<18,Male,Black
4207,23421765,23421765-10404,Unknown,Male,Black
4208,23501819,23501819-10499,25-44,Male,Black
4209,23549336,23549336-10537,18-24,Male,Black
4210,23549341,23549341-10542,25-44,Male,Black
4211,23549341,23549341-11572,18-24,Male,Black
4212,23613985,23613985-10581,Unknown,Male,Black
4213,23613987,23613987-10583,18-24,Male,Black
4214,23749369,23749369-10673,Unknown,Male,White
4215,23749369,23749369-10685,Unknown,Male,White
4216,23822599,23822599-10739,18-24,Male,Black
4217,23920281,23920281-10793,Unknown,Male,Black
4218,23920284,23920284-10799,Unknown,Unknown,Unknown
4219,23934580,23934580-10807,18-24,Male,Black
4220,23934580,23934580-10861,18-24,Male,Black
4221,23934580,23934580-10862,18-24,Male,Black
4222,24050466,24050466-10865,25-44,Male,White
4223,24050468,24050468-10868,25-44,Male,White
4224,24050479,24050479-10883,Unknown,Unknown,Unknown
4225,24050489,24050489-10888,Unknown,Male,Black
4226,24103846,24103846-10928,Unknown,Male,White Hispanic
4227,24157447,24157447-10952,Unknown,Unknown,Unknown
4228,24157449,24157449-10953,18-24,Male,Black
4229,24248675,24248675-11041,25-44,Male,Asian / Pacific Islander
4230,24248677,24248677-11010,Unknown,Male,Black
4231,24248677,24248677-11031,Unknown,Male,Black
4232,24248677,24248677-11032,Unknown,Male,Black
4233,24248677,24248677-11033,Unknown,Male,Black
4234,24248679,24248679-11012,Unknown,Unknown,Unknown
4235,24335998,24335998-11617,25-44,Male,Black
4236,24360982,24360982-11118,Unknown,Male,Unknown
4237,24360985,24360985-11068,Unknown,Male,Black
4238,24378766,24378766-11070,Unknown,Unknown,Unknown
4239,24591357,24591357-11145,Unknown,Male,Black
4240,24687025,24687025-11230,Unknown,Male,Black
4241,24699536,24699536-11232,Unknown,Male,White Hispanic
4242,24717011,24717011-11225,Unknown,Male,Black
4243,24717011,24717011-11226,Unknown,Male,Black
4244,24717011,24717011-11227,Unknown,Male,Black
4245,24717011,24717011-11228,Unknown,Male,Black
4246,24814496,24814496-11311,Unknown,Male,Black
4247,25078539,25078539-11428,Unknown,Male,Black
4248,25170414,25170414-14536,25-44,Male,Black
4249,25207006,25207006-11453,25-44,Male,White Hispanic
4250,25344915,25344915-11509,18-24,Male,White Hispanic
4251,25370563,25370563-11753,18-24,Male,Black
4252,25466214,25466214-11546,25-44,Male,Black
4253,25476051,25476051-11570,Unknown,Male,Black
4254,25490111,25490111-11554,25-44,Male,Black
4255,25490111,25490111-11555,25-44,Male,Black
4256,25574777,25574777-11612,Unknown,Male,Black
4257,25674499,25674499-11654,Unknown,Male,Unknown
4258,25738130,25738130-11662,25-44,Male,Black
4259,25881910,25881910-11719,Unknown,Unknown,Unknown
4260,25896932,25896932-11722,18-24,Male,Black
4261,25896932,25896932-11744,18-24,Male,Black
4262,25896932,25896932-11748,18-24,Male,Black
4263,25911846,25911846-11831,Unknown,Unknown,Unknown
4264,25950260,25950260-11741,25-44,Male,Black
4265,26103372,26103372-11819,25-44,Male,Black
4266,26269971,26269971-11884,Unknown,Male,Black
4267,26269974,26269974-11882,18-24,Male,Black
4268,26269974,26269974-11883,18-24,Male,Black
4269,26302596,26302596-11876,25-44,Male,Black
4270,26302596,26302596-11877,25-44,Male,Black
4271,26430180,26430180-11910,Unknown,Male,Black
4272,26430180,26430180-11911,Unknown,Male,Black
4273,26805788,26805788-12015,Unknown,Unknown,Unknown
4274,26884361,26884361-12035,18-24,Male,Black
4275,26929480,26929480-12040,25-44,Male,Black
4276,27008268,27008268-12053,18-24,Male,White Hispanic
4277,27008268,27008268-12054,Unknown,Male,Black Hispanic
4278,27126162,27126162-12084,25-44,Male,Black
4279,27126162,27126162-12104,25-44,Male,Black Hispanic
4280,27126162,27126162-12105,18-24,Male,Black
4281,27432646,27432646-12123,<18,Male,Black
4282,27432646,27432646-12128,<18,Male,Black
4283,28234043,28234043-12206,Unknown,Male,Black
4284,28268451,28268451-12215,25-44,Male,Black
4285,28609129,28609129-12327,18-24,Male,Black
4286,28772260,28772260-12335,<18,Male,Black
4287,28772260,28772260-12336,18-24,Male,Black
4288,28892743,28892743-12375,Unknown,Unknown,Unknown
4289,28907942,28907942-12377,Unknown,Male,Black
4290,28907942,28907942-12378,Unknown,Male,Black
4291,28907942,28907942-12379,Unknown,Male,Black
4292,28926743,28926743-12380,Unknown,Male,Black Hispanic
4293,28926743,28926743-12381,Unknown,Male,Black Hispanic
4294,28926743,28926743-12382,Unknown,Male,Black Hispanic
4295,29013342,29013342-12401,18-24,Male,Black
4296,29024303,29024303-12403,18-24,Male,Black Hispanic
4297,29024303,29024303-12404,<18,Male,Black Hispanic
4298,29024303,29024303-12405,<18,Male,Black Hispanic
4299,29040548,29040548-12652,<18,Male,Black
4300,29040550,29040550-12626,18-24,Male,Black
4301,29059032,29059032-12425,<18,Male,Black
4302,29114165,29114165-12460,Unknown,Male,White Hispanic
4303,29174606,29174606-12475,Unknown,Unknown,Unknown
4304,29246081,29246081-12496,25-44,Male,Black
4305,29338474,29338474-12548,25-44,Male,Black
4306,29388843,29388843-12553,Unknown,Unknown,Unknown
4307,32155734,32155734-12641,18-24,Male,Black
4308,32527921,32527921-12684,Unknown,Male,Black
4309,32564595,32564595-12695,18-24,Male,Black
4310,32564595,32564595-13437,18-24,Male,White Hispanic
4311,32564596,32564596-12696,<18,Male,Black
4312,32672563,32672563-12714,25-44,Male,White Hispanic
4313,32672564,32672564-12705,25-44,Male,Black Hispanic
4314,32690337,32690337-12708,Unknown,Male,Black
4315,32768842,32768842-12747,25-44,Male,Black
4316,32786997,32786997-12746,25-44,Male,Black
4317,32821779,32821779-12767,18-24,Male,White Hispanic
4318,32852896,32852896-12780,<18,Male,Black
4319,32878660,32878660-12777,Unknown,Male,Black
4320,32878660,32878660-12788,Unknown,Male,Black
4321,32914996,32914996-12795,25-44,Male,Black
4322,33047083,33047083-12846,18-24,Male,White Hispanic
4323,33063847,33063847-12853,18-24,Male,Black
4324,33074915,33074915-13418,25-44,Male,Black
4325,33136531,33136531-12871,<18,Male,White Hispanic
4326,33136950,33136950-12882,18-24,Male,Black
4327,33136950,33136950-13040,25-44,Male,Black
4328,33175434,33175434-12892,18-24,Male,White
4329,33227818,33227818-12993,Unknown,Male,White Hispanic
4330,33376717,33376717-12926,25-44,Male,Black
4331,33445717,33445717-12959,Unknown,Male,Black
4332,33445717,33445717-12960,Unknown,Male,Black
4333,33516978,33516978-12985,Unknown,Male,Unknown
4334,33600829,33600829-13039,Unknown,Male,Black
4335,33754538,33754538-13100,18-24,Male,Black
4336,33754540,33754540-13097,Unknown,Male,Black
4337,33791632,33791632-22577,18-24,Male,Black
4338,34010725,34010725-13192,Unknown,Unknown,Unknown
4339,34010727,34010727-13176,18-24,Male,White Hispanic
4340,34010730,34010730-13178,Unknown,Male,Black
4341,34010730,34010730-13179,Unknown,Male,Black Hispanic
4342,34021451,34021451-13185,Unknown,Male,Black Hispanic
4343,34057958,34057958-13196,18-24,Male,Black
4344,34098084,34098084-13210,Unknown,Male,Black
4345,34129870,34129870-13220,Unknown,Male,Black
4346,34229140,34229140-13353,18-24,Male,Black
4347,34286624,34286624-13271,Unknown,Male,Black
4348,34286625,34286625-13272,Unknown,Unknown,Unknown
4349,34319320,34319320-13279,<18,Male,Black
4350,34578684,34578684-13374,Unknown,Male,Black
4351,34687231,34687231-13420,18-24,Male,Black
4352,34687232,34687232-13402,18-24,Male,Black Hispanic
4353,34687232,34687232-13413,25-44,Male,Black
4354,34704627,34704627-13411,Unknown,Male,Black
4355,34774112,34774112-13421,Unknown,Male,Black
4356,35019484,35019484-13745,Unknown,Unknown,Unknown
4357,35502285,35502285-13655,25-44,Male,White Hispanic
4358,35502285,35502285-13798,18-24,Male,White Hispanic
4359,35502285,35502285-15398,25-44,Male,White Hispanic
4360,35502285,35502285-15399,18-24,Male,White Hispanic
4361,35502299,35502299-13629,25-44,Male,Black Hispanic
4362,35552366,35552366-13670,25-44,Male,Black
4363,35585291,35585291-13658,Unknown,Male,Black
4364,35585291,35585291-13659,Unknown,Male,Black
4365,35585437,35585437-13668,45-64,Male,Black
4366,35585563,35585563-13661,<18,Male,Black
4367,35716722,35716722-13672,Unknown,Male,Unknown
4368,35768684,35768684-13701,18-24,Male,Black
4369,35768684,35768684-13709,18-24,Male,Black
4370,36073817,36073817-13758,Unknown,Unknown,Unknown
4371,37190370,37190370-13938,Unknown,Unknown,Unknown
4372,37190377,37190377-13830,18-24,Male,Black
4373,37190377,37190377-13831,18-24,Male,Black Hispanic
4374,37256918,37256918-13846,25-44,Male,Black
4375,37384809,37384809-13876,25-44,Male,Black Hispanic
4376,37559153,37559153-13908,Unknown,Unknown,Unknown
4377,37674478,37674478-13932,45-64,Male,Black
4378,37917244,37917244-13959,Unknown,Male,Unknown
4379,38834277,38834277-14019,18-24,Male,Black
4380,38834277,38834277-14027,18-24,Male,Black
4381,38834277,38834277-14028,18-24,Male,Black
4382,38940926,38940926-14047,Unknown,Male,Black
4383,39158224,39158224-14119,<18,Male,Black
4384,39177456,39177456-14308,18-24,Male,Black
4385,39197603,39197603-14077,Unknown,Male,Black
4386,39295440,39295440-14105,25-44,Male,Black
4387,39505760,39505760-14131,Unknown,Male,Black
4388,44445746,44445746-14179,Unknown,Male,Black
4389,44445746,44445746-14180,Unknown,Male,Black
4390,44576544,44576544-14205,18-24,Male,Black
4391,44751687,44751687-14236,Unknown,Male,Unknown
4392,45280065,45280065-14306,Unknown,Male,Unknown
4393,45280065,45280065-14307,Unknown,Male,Unknown
4394,45652265,45652265-14344,Unknown,Male,Black
4395,45768384,45768384-14369,Unknown,Male,Black
4396,46009066,46009066-14459,18-24,Male,Black
4397,46173679,46173679-14448,Unknown,Unknown,Unknown
4398,46248086,46248086-14472,18-24,Male,Black
4399,46361476,46361476-14487,25-44,Male,Black
4400,46729834,46729834-15034,<18,Male,Black
4401,46729834,46729834-15127,<18,Male,Black
4402,46803515,46803515-14588,<18,Male,Black
4403,46803515,46803515-14621,<18,Male,Black
4404,46803515,46803515-14725,18-24,Male,Black
4405,46849914,46849914-14666,18-24,Male,Black
4406,46998150,46998150-14631,18-24,Male,Black
4407,47126080,47126080-15228,Unknown,Unknown,Unknown
4408,47156719,47156719-14727,Unknown,Male,Black
4409,47360925,47360925-14749,Unknown,Unknown,Unknown
4410,47385362,47385362-14763,18-24,Male,Black
4411,47447800,47447800-14766,18-24,Male,Black Hispanic
4412,47447805,47447805-14947,18-24,Male,White Hispanic
4413,47464796,47464796-14780,Unknown,Male,Black
4414,47464796,47464796-14781,Unknown,Male,Black
4415,47768912,47768912-14832,25-44,Male,Black
4416,47768914,47768914-14793,18-24,Male,Black
4417,47768914,47768914-14794,<18,Male,Black Hispanic
4418,47792595,47792595-14792,25-44,Male,Black
4419,47851711,47851711-14811,Unknown,Male,White Hispanic
4420,48006246,48006246-14874,18-24,Male,Black
4421,48006246,48006246-15094,18-24,Male,Black
4422,48006262,48006262-14860,18-24,Male,Black
4423,48006262,48006262-15038,<18,Male,Black
4424,48220461,48220461-14897,18-24,Female,Black
4425,48220461,48220461-14961,18-24,Male,Black
4426,48480861,48480861-14978,Unknown,Male,Black Hispanic
4427,48480861,48480861-14979,Unknown,Male,Black Hispanic
4428,48480861,48480861-14980,Unknown,Male,Black Hispanic
4429,48480861,48480861-14981,Unknown,Male,Black Hispanic
4430,48480864,48480864-14974,Unknown,Male,Unknown
4431,48521447,48521447-14992,<18,Male,Black
4432,49236359,49236359-15050,25-44,Male,Black
4433,49255312,49255312-15153,18-24,Male,Black
4434,49271461,49271461-15093,<18,Male,Black
4435,49609148,49609148-15064,Unknown,Male,Black
4436,49863679,49863679-15101,Unknown,Unknown,Unknown
4437,50142669,50142669-15216,Unknown,Male,Black
4438,50142670,50142670-15209,Unknown,Unknown,Unknown
4439,50163473,50163473-15194,18-24,Male,Black
4440,50433508,50433508-15240,25-44,Male,Black
4441,50521330,50521330-15254,<18,Male,Black Hispanic
4442,50589208,50589208-15286,18-24,Female,White Hispanic
4443,50589208,50589208-15297,25-44,Male,Black
4444,50589208,50589208-15484,18-24,Male,Black
4445,50770495,50770495-15341,25-44,Male,Black
4446,50770495,50770495-15346,25-44,Male,Black
4447,50864316,50864316-15384,<18,Male,White Hispanic
4448,51239106,51239106-15383,25-44,Male,Black
4449,51467491,51467491-15440,18-24,Male,Black
4450,51494663,51494663-15939,Unknown,Unknown,Unknown
4451,51559646,51559646-15479,25-44,Male,White Hispanic
4452,51559646,51559646-15480,45-64,Male,White Hispanic
4453,51559646,51559646-15769,25-44,Male,Black Hispanic
4454,51559646,51559646-15770,18-24,Male,Black Hispanic
4455,51559646,51559646-17927,18-24,Male,White Hispanic
4456,51559646,51559646-22496,25-44,Male,White Hispanic
4457,51704075,51704075-15540,18-24,Male,Black
4458,51745752,51745752-15532,25-44,Male,White Hispanic
4459,51745752,51745752-15533,25-44,Male,White Hispanic
4460,51816575,51816575-15541,18-24,Male,Black
4461,51957027,51957027-15556,Unknown,Male,Black
4462,52242401,52242401-15662,Unknown,Unknown,Unknown
4463,52294533,52294533-15646,Unknown,Male,Black
4464,52380391,52380391-15683,18-24,Male,Black
4465,52582191,52582191-15719,Unknown,Unknown,Unknown
4466,53761678,53761678-15745,45-64,Male,Black
4467,53761678,53761678-16258,45-64,Male,Black
4468,53790044,53790044-15754,18-24,Male,Black
4469,53955257,53955257-15784,Unknown,Unknown,Unknown
4470,54035525,54035525-15801,18-24,Male,Black
4471,54101448,54101448-15818,<18,Male,Black
4472,54101448,54101448-15819,Unknown,Male,Black
4473,54154419,54154419-15840,18-24,Male,Black Hispanic
4474,54179955,54179955-15837,25-44,Male,Black
4475,54273339,54273339-15844,18-24,Male,Black
4476,54535002,54535002-15889,Unknown,Unknown,Unknown
4477,54552017,54552017-15893,25-44,Male,White Hispanic
4478,54579982,54579982-15894,25-44,Male,Black Hispanic
4479,9953261,9953261-9058,25-44,Male,White Hispanic
4480,10038625,10038625-9061,18-24,Male,Black Hispanic
4481,10137424,10137424-9143,18-24,Male,Black
4482,10187487,10187487-9166,Unknown,Unknown,Unknown
4483,10187516,10187516-9211,18-24,Male,Black
4484,10240241,10240241-9224,Unknown,Male,White Hispanic
4485,10240241,10240241-9231,Unknown,Male,White Hispanic
4486,10333309,10333309-9270,Unknown,Male,Unknown
4487,10333309,10333309-9279,Unknown,Male,Unknown
4488,10333314,10333314-9276,65+,Male,White
4489,10333327,10333327-9292,Unknown,Unknown,Unknown
4490,10619068,10619068-9417,Unknown,Unknown,Unknown
4491,10619095,10619095-9456,18-24,Male,Black
4492,10660760,10660760-9477,25-44,Male,Black
4493,10660760,10660760-9600,Unknown,Male,Unknown
4494,10660760,10660760-9601,Unknown,Male,Unknown
4495,10713404,10713404-9501,Unknown,Unknown,Unknown
4496,10804590,10804590-9543,25-44,Male,Black
4497,10879207,10879207-9568,Unknown,Male,Black
4498,10879224,10879224-9598,Unknown,Male,Black
4499,10879224,10879224-9602,Unknown,Male,Black
4500,10879224,10879224-9603,Unknown,Male,Black
4501,11118199,11118199-9712,Unknown,Unknown,Unknown
4502,11118201,11118201-9715,18-24,Male,Black
4503,11118201,11118201-9832,18-24,Male,White Hispanic
4504,11118201,11118201-10017,25-44,Male,Black Hispanic
4505,11118214,11118214-9730,Unknown,Unknown,Unknown
4506,11118223,11118223-9744,Unknown,Male,Black
4507,11118223,11118223-9748,Unknown,Male,Black
4508,11118223,11118223-9749,Unknown,Male,Black
4509,11118223,11118223-9750,Unknown,Male,Black
4510,11118841,11118841-9668,25-44,Male,Black
4511,11118841,11118841-12057,25-44,Male,Black
4512,11118841,11118841-22639,25-44,Male,Black
4513,11118845,11118845-9675,Unknown,Unknown,Unknown
4514,12679348,12679348-9795,25-44,Male,Black
4515,12679354,12679354-9802,Unknown,Male,Black
4516,12679354,12679354-9809,Unknown,Male,Black
4517,15400562,15400562-9882,Unknown,Unknown,Unknown
4518,16631434,16631434-9915,25-44,Male,Black
4519,16631435,16631435-9916,25-44,Male,White Hispanic
4520,16631435,16631435-9917,25-44,Male,Black
4521,16631438,16631438-9936,Unknown,Male,Black
4522,16631438,16631438-9937,Unknown,Male,Black
4523,16631483,16631483-9988,Unknown,Unknown,Unknown
4524,16631496,16631496-10011,Unknown,Unknown,Unknown
4525,16631500,16631500-10018,18-24,Male,Black
4526,16692672,16692672-10051,18-24,Female,Black
4527,16692672,16692672-10052,Unknown,Male,Black
4528,16692672,16692672-10053,Unknown,Male,Black
4529,16692673,16692673-10054,Unknown,Male,Unknown
4530,16692675,16692675-10059,18-24,Male,Black
4531,16692675,16692675-14113,18-24,Male,Black
4532,16692688,16692688-10084,Unknown,Unknown,Unknown
4533,16814014,16814014-10127,25-44,Male,Black
4534,16895013,16895013-10189,Unknown,Unknown,Unknown
4535,16895020,16895020-10202,18-24,Male,Black
4536,16895026,16895026-10208,18-24,Male,Black
4537,16895046,16895046-10232,Unknown,Unknown,Unknown
4538,23354049,23354049-10241,Unknown,Male,Unknown
4539,23354073,23354073-10278,Unknown,Unknown,Unknown
4540,23354077,23354077-10284,Unknown,Unknown,Unknown
4541,23354085,23354085-10292,25-44,Male,Black Hispanic
4542,23354090,23354090-10297,Unknown,Unknown,Unknown
4543,23354091,23354091-10298,18-24,Male,Black
4544,23354091,23354091-10476,18-24,Male,Black
4545,23354105,23354105-10324,18-24,Male,Black
4546,23354105,23354105-14220,18-24,Male,Black
4547,23354118,23354118-10351,25-44,Male,Black
4548,23421773,23421773-10412,<18,Male,White Hispanic
4549,23421778,23421778-10413,Unknown,Male,Black
4550,23421785,23421785-10420,Unknown,Unknown,Unknown
4551,23444490,23444490-10459,Unknown,Male,Black
4552,23471261,23471261-10480,45-64,Male,Black
4553,23501821,23501821-10502,Unknown,Unknown,Unknown
4554,23601896,23601896-10577,Unknown,Unknown,Unknown
4555,23678693,23678693-10622,18-24,Male,Black
4556,23678693,23678693-10794,18-24,Male,Black
4557,23833841,23833841-10740,Unknown,Male,Black
4558,23846684,23846684-10744,Unknown,Male,Black
4559,23846684,23846684-10858,Unknown,Male,Black
4560,23846688,23846688-10749,<18,Male,Black
4561,23846688,23846688-10750,18-24,Male,Black
4562,23934581,23934581-10808,Unknown,Unknown,Unknown
4563,23957539,23957539-10820,Unknown,Unknown,Unknown
4564,24050469,24050469-10869,25-44,Male,Black
4565,24103847,24103847-10929,Unknown,Unknown,Unknown
4566,24129969,24129969-10945,Unknown,Male,Black Hispanic
4567,24157458,24157458-10967,18-24,Male,Black
4568,24236345,24236345-11001,25-44,Male,Black Hispanic
4569,24248674,24248674-11007,18-24,Male,Black
4570,24287321,24287321-11035,25-44,Male,Black Hispanic
4571,24320688,24320688-11051,Unknown,Male,Black
4572,24394057,24394057-11091,<18,Male,Black
4573,24577496,24577496-11139,Unknown,Male,Black
4574,24577496,24577496-11140,Unknown,Male,Black
4575,24577496,24577496-11141,Unknown,Male,Black
4576,24591355,24591355-11897,18-24,Male,White Hispanic
4577,24626213,24626213-11178,Unknown,Male,Black
4578,24675457,24675457-11924,18-24,Male,Black
4579,24773582,24773582-11238,Unknown,Unknown,Unknown
4580,24773591,24773591-11244,Unknown,Male,Black
4581,24773591,24773591-11247,Unknown,Male,Black
4582,24773591,24773591-11248,Unknown,Male,Black
4583,24814498,24814498-11264,Unknown,Male,Black
4584,24814498,24814498-11265,Unknown,Male,Black
4585,24814498,24814498-11266,Unknown,Male,Black
4586,24930771,24930771-11346,Unknown,Male,Black
4587,24930771,24930771-11347,Unknown,Male,Black
4588,24930771,24930771-11348,Unknown,Male,Black
4589,25260905,25260905-11478,25-44,Male,Black
4590,25283460,25283460-11486,25-44,Male,Asian / Pacific Islander
4591,25359021,25359021-11512,25-44,Male,White Hispanic
4592,25359021,25359021-11513,25-44,Male,White Hispanic
4593,25384535,25384535-11520,Unknown,Male,Black
4594,25490114,25490114-11557,25-44,Male,White Hispanic
4595,25490114,25490114-11558,45-64,Male,White Hispanic
4596,25689178,25689178-11651,Unknown,Male,Black
4597,25689178,25689178-11652,Unknown,Male,Black
4598,25801104,25801104-11686,Unknown,Male,Black
4599,25832922,25832922-11970,Unknown,Male,Black
4600,25832922,25832922-11971,Unknown,Male,Black
4601,25850195,25850195-11692,Unknown,Male,Black
4602,25896931,25896931-11721,Unknown,Unknown,Unknown
4603,25911850,25911850-11725,18-24,Male,White Hispanic
4604,25911850,25911850-11726,Unknown,Male,White Hispanic
4605,25911850,25911850-11727,Unknown,Male,Black
4606,25932833,25932833-11731,18-24,Male,White Hispanic
4607,25965070,25965070-11847,25-44,Male,Black
4608,26035869,26035869-12138,Unknown,Unknown,Unknown
4609,26035869,26035869-12139,Unknown,Unknown,Unknown
4610,26685422,26685422-11991,Unknown,Unknown,Unknown
4611,26755981,26755981-12005,18-24,Male,Black
4612,26755983,26755983-12006,Unknown,Male,Black
4613,26774009,26774009-12008,18-24,Male,Black
4614,26823548,26823548-12017,25-44,Male,Black Hispanic
4615,26823548,26823548-12018,25-44,Female,White Hispanic
4616,27105892,27105892-12068,<18,Male,Black
4617,27326277,27326277-12137,Unknown,Male,Black
4618,28176154,28176154-12184,18-24,Male,Black Hispanic
4619,28176154,28176154-12185,18-24,Male,Black
4620,28176154,28176154-12222,18-24,Male,White Hispanic
4621,28268457,28268457-12227,Unknown,Unknown,Unknown
4622,28609130,28609130-12283,<18,Male,Black
4623,28620017,28620017-13717,<18,Male,Black
4624,28712371,28712371-12314,18-24,Male,Black
4625,28832627,28832627-12351,25-44,Male,White
4626,28907937,28907937-12432,Unknown,Male,Black
4627,28946343,28946343-12391,18-24,Male,Black
4628,29024305,29024305-12406,Unknown,Male,Black
4629,29301881,29301881-12516,18-24,Male,Black
4630,29301883,29301883-12519,18-24,Male,Black
4631,29338472,29338472-12540,Unknown,Unknown,Unknown
4632,29406944,29406944-12583,18-24,Male,White Hispanic
4633,29406944,29406944-12584,18-24,Male,White Hispanic
4634,32155715,32155715-25774,25-44,Male,Black
4635,32178480,32178480-12654,65+,Male,Black
4636,32303925,32303925-12666,18-24,Male,Black
4637,32303925,32303925-12667,25-44,Male,Black
4638,32527922,32527922-12690,18-24,Male,Black
4639,32527922,32527922-14043,18-24,Male,Black
4640,32807474,32807474-12805,18-24,Male,White Hispanic
4641,32807474,32807474-15175,18-24,Male,Black Hispanic
4642,32821778,32821778-12756,18-24,Male,Black
4643,32878661,32878661-12923,18-24,Male,Black
4644,33196051,33196051-12897,Unknown,Male,Black Hispanic
4645,33196051,33196051-12905,Unknown,Male,Black Hispanic
4646,33196051,33196051-12906,Unknown,Male,White Hispanic
4647,33227815,33227815-12977,25-44,Male,Black
4648,33478089,33478089-26421,65+,Male,Black
4649,33478089,33478089-26422,25-44,Male,Black
4650,33478092,33478092-12972,Unknown,Male,Black Hispanic
4651,33500103,33500103-12980,25-44,Male,White Hispanic
4652,33500103,33500103-13155,Unknown,Male,White Hispanic
4653,33516982,33516982-12987,Unknown,Male,Black
4654,33535835,33535835-13022,Unknown,Male,Black
4655,33552559,33552559-12995,25-44,Male,Black
4656,33600830,33600830-13017,18-24,Male,Black
4657,33600830,33600830-13107,18-24,Male,Black
4658,33600830,33600830-13108,18-24,Male,Black
4659,33654457,33654457-13048,Unknown,Male,Black
4660,33706902,33706902-13077,<18,Male,Black
4661,33706902,33706902-13078,18-24,Male,White Hispanic
4662,33706902,33706902-13079,25-44,Male,Black
4663,33706904,33706904-13058,18-24,Male,Black
4664,33706905,33706905-13075,25-44,Male,Black
4665,33706908,33706908-13053,18-24,Male,White Hispanic
4666,33706908,33706908-13054,Unknown,Male,Unknown
4667,33861146,33861146-13129,<18,Male,Black
4668,33861146,33861146-13130,18-24,Male,Black
4669,34010731,34010731-13184,18-24,Male,Black Hispanic
4670,34010731,34010731-13201,18-24,Male,Black Hispanic
4671,34010731,34010731-13202,18-24,Male,Black
4672,34021452,34021452-13190,25-44,Male,Black
4673,34038589,34038589-13347,Unknown,Unknown,Unknown
4674,34057961,34057961-13711,25-44,Male,Black
4675,34098086,34098086-13436,18-24,Male,Black
4676,34129872,34129872-13223,<18,Male,Black
4677,34207745,34207745-13247,Unknown,Male,Black
4678,34286627,34286627-13270,<18,Male,Black
4679,34286627,34286627-13356,25-44,Male,White Hispanic
4680,34414962,34414962-13332,Unknown,Male,Black
4681,34795355,34795355-13429,25-44,Male,Black
4682,34864271,34864271-13446,<18,Male,Black
4683,34900580,34900580-14996,18-24,Male,Black
4684,35092376,35092376-13514,25-44,Male,White Hispanic
4685,35285680,35285680-13574,25-44,Male,Black
4686,35285681,35285681-13681,Unknown,Unknown,Unknown
4687,35339137,35339137-13577,Unknown,Male,Black
4688,35339140,35339140-13615,25-44,Male,White
4689,35339141,35339141-13595,<18,Male,Black
4690,35406559,35406559-13616,18-24,Male,Black
4691,35502300,35502300-13637,Unknown,Unknown,Unknown
4692,35513424,35513424-13667,Unknown,Male,Unknown
4693,35836271,35836271-13706,Unknown,Male,Black
4694,35836271,35836271-13707,Unknown,Male,Black
4695,35920698,35920698-13743,Unknown,Unknown,Unknown
4696,36243080,36243080-13799,25-44,Male,Black
4697,37172586,37172586-13827,25-44,Male,Black
4698,37172586,37172586-13853,25-44,Male,Black
4699,37172586,37172586-13854,45-64,Male,Black
4700,37172593,37172593-14300,18-24,Male,Black
4701,37231974,37231974-13836,25-44,Male,Asian / Pacific Islander
4702,37256866,37256866-13845,25-44,Male,Black
4703,37316436,37316436-13857,25-44,Male,Black
4704,37335993,37335993-13858,<18,Male,White Hispanic
4705,37401646,37401646-13941,25-44,Male,Black
4706,37917230,37917230-13960,Unknown,Male,Black
4707,38852712,38852712-14026,Unknown,Male,Unknown
4708,39086900,39086900-14068,18-24,Male,Black
4709,39273321,39273321-14104,<18,Male,Black
4710,39273321,39273321-14126,18-24,Male,Black
4711,39273321,39273321-14171,<18,Male,Black
4712,39392492,39392492-14115,18-24,Male,Black
4713,39435599,39435599-14124,<18,Male,White Hispanic
4714,39435599,39435599-14125,18-24,Male,White Hispanic
4715,39486198,39486198-14128,Unknown,Male,Black
4716,39486198,39486198-14129,Unknown,Male,Black
4717,39546148,39546148-14555,18-24,Male,Black
4718,44515782,44515782-14186,Unknown,Male,Black
4719,44515782,44515782-14325,Unknown,Male,Black
4720,44895812,44895812-14983,25-44,Male,Black
4721,45183541,45183541-16314,25-44,Male,Black
4722,45295552,45295552-14319,18-24,Male,Black
4723,45693302,45693302-14349,<18,Male,Black
4724,45789775,45789775-14482,18-24,Male,Black
4725,46141343,46141343-14454,Unknown,Male,White Hispanic
4726,46181705,46181705-14447,18-24,Male,Black
4727,46248087,46248087-14473,18-24,Male,Black
4728,46296929,46296929-14478,Unknown,Unknown,Unknown
4729,46361471,46361471-14580,18-24,Male,Black
4730,46538068,46538068-14709,18-24,Male,Black
4731,46553951,46553951-15663,25-44,Male,Black
4732,46998149,46998149-14632,18-24,Male,Black
4733,47024512,47024512-14648,Unknown,Male,Black
4734,47085788,47085788-14680,Unknown,Male,Black
4735,47102197,47102197-14671,Unknown,Male,Black
4736,47102199,47102199-19121,18-24,Female,Black
4737,47102199,47102199-19294,25-44,Male,Black
4738,47207550,47207550-14715,Unknown,Male,Black
4739,47207550,47207550-14716,Unknown,Male,Black
4740,47248382,47248382-14723,Unknown,Unknown,Unknown
4741,47447802,47447802-14768,Unknown,Unknown,Unknown
4742,47832542,47832542-14990,<18,Male,Black
4743,47851709,47851709-14824,18-24,Male,Black
4744,48006247,48006247-14867,18-24,Male,White Hispanic
4745,48066955,48066955-15810,Unknown,Unknown,Unknown
4746,48304787,48304787-14937,Unknown,Unknown,Unknown
4747,48321425,48321425-14942,<18,Male,Black
4748,48395043,48395043-14952,25-44,Male,Black
4749,48570133,48570133-15001,25-44,Male,White Hispanic
4750,49236361,49236361-15035,18-24,Male,Black Hispanic
4751,49567919,49567919-15060,25-44,Male,Black
4752,49834898,49834898-15078,25-44,Male,Black
4753,49834898,49834898-15079,18-24,Male,Black
4754,49834900,49834900-15085,Unknown,Male,Black
4755,49863673,49863673-15089,18-24,Male,Black
4756,50018407,50018407-16488,25-44,Male,Black
4757,50070599,50070599-15179,18-24,Male,Black
4758,50070602,50070602-15177,18-24,Male,White Hispanic
4759,50163477,50163477-15203,18-24,Male,White Hispanic
4760,50163479,50163479-15213,Unknown,Unknown,Unknown
4761,50459044,50459044-15257,25-44,Male,Black
4762,50459047,50459047-16383,<18,Male,Black
4763,50640967,50640967-15301,<18,Male,Black
4764,50640967,50640967-15951,18-24,Male,Black
4765,50665290,50665290-15381,65+,Male,White
4766,50685010,50685010-15322,18-24,Male,Black
4767,50703409,50703409-15312,Unknown,Male,Black Hispanic
4768,50821745,50821745-15354,18-24,Male,Black Hispanic
4769,50885244,50885244-15361,25-44,Male,Black
4770,50885247,50885247-15562,18-24,Male,White Hispanic
4771,51359382,51359382-15436,25-44,Male,Black
4772,51438900,51438900-15412,18-24,Male,Black
4773,51559654,51559654-15454,45-64,Male,Black
4774,51653743,51653743-15658,Unknown,Unknown,Unknown
4775,51787779,51787779-15527,25-44,Male,Black Hispanic
4776,51816574,51816574-15522,Unknown,Unknown,Unknown
4777,51935457,51935457-15607,25-44,Male,White Hispanic
4778,52023123,52023123-15614,Unknown,Unknown,Unknown
4779,52183622,52183622-15637,Unknown,Male,Black
4780,52183622,52183622-15638,Unknown,Female,White Hispanic
4781,52468784,52468784-15703,Unknown,Unknown,Unknown
4782,52609297,52609297-15722,25-44,Male,Black
4783,52721847,52721847-15736,25-44,Male,Black
4784,53761633,53761633-15763,Unknown,Male,Unknown
4785,53819396,53819396-15762,Unknown,Unknown,Unknown
4786,54059281,54059281-15802,18-24,Male,White
4787,54080622,54080622-15816,18-24,Male,Black
4788,54101447,54101447-15805,18-24,Male,Black
4789,54120277,54120277-15830,18-24,Male,White Hispanic
4790,54579986,54579986-15914,Unknown,Male,White Hispanic
4791,54858243,54858243-15968,18-24,Male,Black
4792,54896838,54896838-16046,Unknown,Unknown,Unknown
4793,55215081,55215081-16068,Unknown,Male,Black
4794,55215081,55215081-16076,Unknown,Male,Black
4795,55322799,55322799-16110,18-24,Male,Black
4796,55322799,55322799-18935,18-24,Male,Black
4797,55388869,55388869-16107,Unknown,Unknown,Unknown
4798,55432891,55432891-16109,25-44,Male,White Hispanic
4799,55780316,55780316-16159,<18,Male,Black
4800,56020060,56020060-16191,18-24,Male,Black
4801,56265722,56265722-16241,18-24,Male,White Hispanic
4802,56265722,56265722-16245,45-64,Male,Black
4803,56320323,56320323-16253,Unknown,Male,Unknown
4804,57259579,57259579-16339,18-24,Male,Black
4805,57259579,57259579-16340,<18,Male,Black
4806,57259579,57259579-16405,18-24,Male,Black
4807,57282440,57282440-16299,18-24,Male,White Hispanic
4808,59171357,59171357-16368,Unknown,Unknown,Unknown
4809,59193404,59193404-16371,45-64,Male,White
4810,59591609,59591609-16420,Unknown,Unknown,Unknown
4811,59753075,59753075-16444,Unknown,Unknown,Unknown
4812,59801054,59801054-16449,Unknown,Male,Black
4813,60025213,60025213-16500,Unknown,Unknown,Unknown
4814,60025215,60025215-16465,18-24,Male,Black
4815,60272800,60272800-16512,25-44,Male,Black
4816,60562017,60562017-16540,Unknown,Unknown,Unknown
4817,61144237,61144237-16593,Unknown,Unknown,Unknown
4818,61170261,61170261-18674,18-24,Male,Black
4819,61671350,61671350-16994,<18,Male,White Hispanic
4820,61826982,61826982-23812,25-44,Male,Black Hispanic
4821,61853631,61853631-17506,25-44,Male,Black
4822,62012203,62012203-17041,Unknown,Unknown,Unknown
4823,62038320,62038320-16768,Unknown,Male,Black
4824,62116328,62116328-16782,18-24,Female,Black Hispanic
4825,62172457,62172457-16802,18-24,Male,Black
4826,51764332,51764332-15503,Unknown,Male,Black
4827,51787772,51787772-16282,18-24,Male,Black
4828,51787772,51787772-16436,18-24,Male,White Hispanic
4829,51787772,51787772-16438,<18,Male,Black
4830,51787772,51787772-16451,18-24,Female,White
4831,51787776,51787776-15570,Unknown,Unknown,Unknown
4832,51787776,51787776-15582,Unknown,Unknown,Unknown
4833,51893518,51893518-15610,Unknown,Male,Black Hispanic
4834,51893518,51893518-15611,Unknown,Male,White Hispanic
4835,51935566,51935566-15572,18-24,Unknown,Black
4836,52100732,52100732-15621,25-44,Male,Black
4837,52214155,52214155-15628,25-44,Male,White Hispanic
4838,52214156,52214156-15630,<18,Male,Black
4839,52214156,52214156-15835,Unknown,Male,Black
4840,52269757,52269757-15641,18-24,Male,Black
4841,52294528,52294528-15642,Unknown,Male,Black Hispanic
4842,52380393,52380393-15677,18-24,Male,Black Hispanic
4843,52380393,52380393-15678,<18,Male,Black
4844,52380393,52380393-15680,18-24,Male,White Hispanic
4845,52380393,52380393-15681,<18,Male,White Hispanic
4846,52661602,52661602-15731,18-24,Male,Black
4847,53847341,53847341-15765,Unknown,Male,Black
4848,53891791,53891791-15767,Unknown,Unknown,Unknown
4849,53982102,53982102-15787,18-24,Male,Black
4850,53982104,53982104-15786,25-44,Male,Black
4851,54179956,54179956-15845,25-44,Male,Black
4852,54346520,54346520-15866,<18,Male,White Hispanic
4853,54346520,54346520-15870,<18,Male,White Hispanic
4854,54436075,54436075-15871,25-44,Male,Black
4855,54458331,54458331-15918,Unknown,Unknown,Unknown
4856,54579990,54579990-15908,18-24,Male,Black
4857,54784466,54784466-15946,Unknown,Unknown,Unknown
4858,55082913,55082913-16174,25-44,Male,Black
4859,55082913,55082913-17710,25-44,Male,Black
4860,55256123,55256123-16042,Unknown,Male,Black
4861,55273292,55273292-16073,18-24,Male,Black
4862,55299656,55299656-16059,18-24,Male,Black
4863,55299656,55299656-16082,25-44,Male,Black
4864,55412129,55412129-16100,18-24,Male,Black
4865,55412131,55412131-16103,25-44,Male,Black
4866,55581514,55581514-16140,25-44,Male,Black
4867,55581514,55581514-16163,25-44,Male,Black
4868,55642786,55642786-16143,18-24,Male,Black
4869,55699968,55699968-16148,Unknown,Unknown,Unknown
4870,55803385,55803385-16162,Unknown,Unknown,Unknown
4871,57938888,57938888-16326,18-24,Male,Black
4872,57938888,57938888-16327,18-24,Male,White Hispanic
4873,57938890,57938890-16328,Unknown,Male,Unknown
4874,57938890,57938890-16329,Unknown,Male,Unknown
4875,57938890,57938890-16330,Unknown,Male,Unknown
4876,59146531,59146531-16354,Unknown,Male,Black
4877,59146531,59146531-16355,Unknown,Male,Black
4878,59171355,59171355-16366,18-24,Male,White
4879,59415613,59415613-16392,18-24,Male,Black
4880,59591604,59591604-16421,18-24,Male,Black Hispanic
4881,59591610,59591610-16422,Unknown,Unknown,Unknown
4882,59660235,59660235-16430,Unknown,Unknown,Unknown
4883,59859212,59859212-16448,Unknown,Male,Black
4884,59930745,59930745-16460,18-24,Male,Black
4885,59965611,59965611-16459,Unknown,Unknown,Unknown
4886,60217228,60217228-17453,18-24,Male,Black
4887,60405702,60405702-16546,25-44,Male,White Hispanic
4888,60562016,60562016-16538,Unknown,Male,Black
4889,60828824,60828824-16549,25-44,Male,Black
4890,60828826,60828826-16552,18-24,Male,Black
4891,61170266,61170266-16697,Unknown,Unknown,Unknown
4892,61325374,61325374-16657,Unknown,Unknown,Unknown
4893,61373838,61373838-16650,25-44,Male,Black
4894,61373838,61373838-16651,Unknown,Male,Black
4895,61373840,61373840-16660,18-24,Male,Black
4896,61400092,61400092-16798,18-24,Male,Black
4897,61593630,61593630-16684,18-24,Male,Black Hispanic
4898,62074232,62074232-16777,25-44,Male,Black
4899,62074232,62074232-16922,18-24,Male,Black
4900,62085248,62085248-16864,Unknown,Unknown,Unknown
4901,62200224,62200224-16804,Unknown,Male,Black
4902,62267916,62267916-16836,<18,Male,Black
4903,62615452,62615452-16907,<18,Male,White
4904,62663564,62663564-16916,18-24,Male,Black
4905,62663564,62663564-17064,25-44,Male,Black
4906,62773203,62773203-16984,25-44,Male,White
4907,62883994,62883994-17000,25-44,Male,Black
4908,62927377,62927377-16971,18-24,Male,Black
4909,62927377,62927377-17162,25-44,Male,Black
4910,63130646,63130646-17002,18-24,Male,Black
4911,63182531,63182531-17013,Unknown,Unknown,Unknown
4912,63214325,63214325-17034,Unknown,Male,Black
4913,63265003,63265003-17049,Unknown,Unknown,Unknown
4914,63289910,63289910-17053,<18,Male,Black
4915,63405888,63405888-22092,25-44,Male,Black
4916,63472901,63472901-17083,Unknown,Unknown,Unknown
4917,63507850,63507850-17126,18-24,Male,Black
4918,63589567,63589567-17100,65+,Male,Black
4919,63633526,63633526-17117,Unknown,Unknown,Unknown
4920,63773507,63773507-17133,Unknown,Male,Black
4921,63885691,63885691-17149,Unknown,Male,Black
4922,63919429,63919429-17461,25-44,Male,Black
4923,63926768,63926768-17158,Unknown,Male,Black
4924,64010806,64010806-17166,Unknown,Male,Black
4925,64389960,64389960-17492,25-44,Male,Black
4926,64479273,64479273-17286,18-24,Male,White Hispanic
4927,64529968,64529968-17293,Unknown,Unknown,Unknown
4928,64804438,64804438-17577,25-44,Male,Black
4929,65010708,65010708-17402,25-44,Male,White Hispanic
4930,65010708,65010708-17504,25-44,Male,White Hispanic
4931,65394362,65394362-24903,<18,Male,Black
4932,65440608,65440608-24908,18-24,Male,Black
4933,65928468,65928468-17521,Unknown,Male,Black
4934,65931842,65931842-17535,Unknown,Unknown,Unknown
4935,66027258,66027258-17565,25-44,Male,White Hispanic
4936,66027258,66027258-17792,25-44,Male,Black
4937,66027258,66027258-24912,<18,Male,White Hispanic
4938,66217184,66217184-17596,Unknown,Unknown,Unknown
4939,66591579,66591579-17623,Unknown,Unknown,Unknown
4940,66629762,66629762-17645,Unknown,Unknown,Unknown
4941,66632688,66632688-17633,18-24,Male,Black
4942,66632688,66632688-17730,Unknown,Unknown,Unknown
4943,66680880,66680880-17652,18-24,Male,Black
4944,67213141,67213141-17733,Unknown,Male,Black
4945,67631482,67631482-17808,Unknown,Unknown,Unknown
4946,67847585,67847585-17829,<18,Male,Black
4947,67847586,67847586-17828,Unknown,Unknown,Unknown
4948,67848289,67848289-17819,25-44,Male,Black
4949,68057381,68057381-17859,Unknown,Male,Unknown
4950,68057381,68057381-17860,Unknown,Male,Unknown
4951,68079286,68079286-17871,Unknown,Unknown,Unknown
4952,68199158,68199158-17887,Unknown,Male,Black
4953,68326104,68326104-17900,25-44,Male,Black
4954,68613631,68613631-22625,18-24,Male,Black
4955,68613631,68613631-22642,18-24,Male,Black
4956,68613631,68613631-22707,18-24,Male,Black
4957,69203959,69203959-18000,Unknown,Unknown,Unknown
4958,69526317,69526317-18055,Unknown,Unknown,Unknown
4959,69758511,69758511-18068,Unknown,Male,Black
4960,69904683,69904683-18099,Unknown,Unknown,Unknown
4961,69914089,69914089-18110,Unknown,Male,Black
4962,69917305,69917305-18098,<18,Male,White Hispanic
4963,71024336,71024336-18156,Unknown,Unknown,Unknown
4964,71054064,71054064-18163,Unknown,Unknown,Unknown
4965,71127745,71127745-18186,Unknown,Unknown,Unknown
4966,71347602,71347602-18228,Unknown,Male,Black
4967,71347602,71347602-18229,Unknown,Male,Black
4968,71415529,71415529-18243,18-24,Male,Black
4969,71490047,71490047-18262,<18,Male,Black
4970,71841285,71841285-18752,18-24,Male,Black Hispanic
4971,71863154,71863154-18389,18-24,Male,Black
4972,71979221,71979221-18411,Unknown,Male,Black
4973,72164105,72164105-18587,25-44,Male,Unknown
4974,72164105,72164105-19118,25-44,Male,White Hispanic
4975,72236129,72236129-18539,18-24,Male,Black
4976,72236129,72236129-18553,18-24,Male,Black
4977,72294290,72294290-18506,Unknown,Male,Black
4978,72387502,72387502-18537,18-24,Male,Black
4979,72483463,72483463-18578,Unknown,Unknown,Unknown
4980,72483463,72483463-18579,Unknown,Unknown,Unknown
4981,72519493,72519493-18615,18-24,Male,Black
4982,72569994,72569994-18616,25-44,Male,Black
4983,72569994,72569994-18617,25-44,Male,Black
4984,72569994,72569994-18618,18-24,Male,Black
4985,72616285,72616285-18610,18-24,Male,Black
4986,72616285,72616285-18611,18-24,Male,Black
4987,72616285,72616285-18943,25-44,Male,Black
4988,72627097,72627097-18652,25-44,Male,Black
4989,72732793,72732793-18635,<18,Male,Black
4990,72732793,72732793-18636,18-24,Male,Black
4991,72837479,72837479-18706,25-44,Male,Black
4992,72838988,72838988-19468,18-24,Male,Black
4993,72845444,72845444-18687,25-44,Male,Black
4994,72845444,72845444-20952,25-44,Male,Black
4995,72915228,72915228-18688,Unknown,Male,Black Hispanic
4996,73274427,73274427-18755,Unknown,Male,Black Hispanic
4997,73274427,73274427-18756,Unknown,Male,White Hispanic
4998,73274427,73274427-18757,Unknown,Male,White Hispanic
4999,73290968,73290968-18764,18-24,Male,Black Hispanic
5000,73388086,73388086-18792,25-44,Male,Black
5001,73388086,73388086-18793,<18,Male,Black
5002,73405392,73405392-18800,Unknown,Unknown,Unknown
5003,73454221,73454221-18824,Unknown,Unknown,Unknown
5004,73620302,73620302-18878,Unknown,Unknown,Unknown
5005,73741757,73741757-18924,Unknown,Male,Black
5006,73840042,73840042-18959,<18,Male,Black
5007,73840042,73840042-18969,18-24,Male,Black
5008,73940040,73940040-19032,18-24,Male,Black
5009,73940040,73940040-19033,18-24,Male,Black Hispanic
5010,73950619,73950619-19125,18-24,Male,Black
5011,74007606,74007606-18996,Unknown,Unknown,Unknown
5012,74145753,74145753-19195,18-24,Male,Black
5013,74153298,74153298-19151,18-24,Male,White Hispanic
5014,74153298,74153298-19152,<18,Male,Black
5015,74155080,74155080-19085,25-44,Male,Black
5016,74356046,74356046-19107,Unknown,Unknown,Unknown
5017,74363323,74363323-19108,Unknown,Unknown,Unknown
5018,74363878,74363878-19120,Unknown,Male,White
5019,74666623,74666623-19403,18-24,Male,White Hispanic
5020,74666623,74666623-20493,18-24,Female,Black
5021,74740765,74740765-19231,18-24,Male,Black
5022,74740765,74740765-19232,25-44,Male,Black
5023,74843466,74843466-19267,<18,Male,Black Hispanic
5024,74935669,74935669-19344,<18,Male,Black
5025,74960840,74960840-19302,18-24,Male,Black Hispanic
5026,75118647,75118647-19355,<18,Male,Black
5027,75128830,75128830-19367,Unknown,Male,Black
5028,75187781,75187781-19385,Unknown,Male,Black
5029,75233800,75233800-19427,25-44,Male,Black Hispanic
5030,75330409,75330409-19425,25-44,Male,Black Hispanic
5031,75330409,75330409-19426,18-24,Male,White Hispanic
5032,75340694,75340694-19448,18-24,Male,Black
5033,75696994,75696994-19494,<18,Male,Black
5034,75760197,75760197-19513,45-64,Male,White Hispanic
5035,75948844,75948844-19544,25-44,Male,Black
5036,75948844,75948844-19545,25-44,Male,Black
5037,76865005,76865005-22436,25-44,Male,Black
5038,76880712,76880712-19680,18-24,Male,Black
5039,77211917,77211917-19773,<18,Male,White Hispanic
5040,77324090,77324090-19770,25-44,Male,Black
5041,77634190,77634190-19870,25-44,Male,Black
5042,77685240,77685240-19856,18-24,Male,Black
5043,77792812,77792812-19882,25-44,Male,Black
5044,78149440,78149440-19959,18-24,Male,Black
5045,78267684,78267684-19973,25-44,Male,Black
5046,78309904,78309904-19983,18-24,Male,Black
5047,78406428,78406428-20008,18-24,Male,Black
5048,78498782,78498782-20030,Unknown,Male,Unknown
5049,79196798,79196798-20226,18-24,Male,Black
5050,79550482,79550482-20265,Unknown,Male,Black
5051,79624389,79624389-20343,18-24,Male,Black
5052,79624389,79624389-20344,18-24,Male,Black
5053,79624389,79624389-26037,18-24,Male,Black
5054,79624389,79624389-26059,25-44,Male,Black
5055,79853880,79853880-20372,25-44,Male,Black
5056,79862495,79862495-20388,<18,Male,Black
5057,79939860,79939860-25265,25-44,Male,White Hispanic
5058,79939860,79939860-25318,25-44,Male,Black
5059,79970079,79970079-20408,25-44,Male,White Hispanic
5060,80004689,80004689-20763,<18,Male,Black
5061,80017616,80017616-20428,18-24,Male,Black
5062,80084964,80084964-20534,<18,Male,Unknown
5063,80084964,80084964-20590,<18,Male,Black Hispanic
5064,80165927,80165927-20551,18-24,Male,Black
5065,80200183,80200183-20499,18-24,Male,Black
5066,80200183,80200183-20714,18-24,Male,Black
5067,80200183,80200183-20753,18-24,Male,Black
5068,80283555,80283555-20752,18-24,Male,Black Hispanic
5069,80573513,80573513-20705,25-44,Male,White Hispanic
5070,80573513,80573513-20706,25-44,Male,Black
5071,80627757,80627757-20681,18-24,Male,Black
5072,80627757,80627757-20683,25-44,Male,Black
5073,80667853,80667853-22014,18-24,Male,White Hispanic
5074,80667853,80667853-22015,18-24,Male,Black
5075,80991314,80991314-21185,18-24,Male,Black
5076,81217008,81217008-20980,18-24,Male,Black
5077,81232260,81232260-20859,18-24,Male,Black Hispanic
5078,81291677,81291677-20881,Unknown,Unknown,Unknown
5079,81291677,81291677-21008,18-24,Male,Black
5080,81446347,81446347-20944,18-24,Male,Black
5081,81701068,81701068-21142,45-64,Male,Black
5082,81778269,81778269-20983,18-24,Male,Black
5083,81896000,81896000-21013,<18,Male,Black
5084,82009456,82009456-21027,25-44,Male,Black
5085,82122313,82122313-21066,25-44,Male,Black
5086,82141824,82141824-21773,25-44,Male,Black
5087,82141824,82141824-21774,25-44,Male,Black
5088,82228822,82228822-21123,18-24,Male,Black
5089,82340788,82340788-21112,45-64,Male,White Hispanic
5090,82419907,82419907-22003,18-24,Male,White Hispanic
5091,82442839,82442839-21151,18-24,Male,Black
5092,82504512,82504512-21144,18-24,Male,Black
5093,82600438,82600438-21162,<18,Male,Black
5094,82603051,82603051-21164,18-24,Female,White Hispanic
5095,83765392,83765392-21392,25-44,Male,Black
5096,83891746,83891746-21427,18-24,Male,Black
5097,84117574,84117574-21476,25-44,Male,Black
5098,84775389,84775389-24042,25-44,Male,Black
5099,84782384,84782384-23084,18-24,Male,Black Hispanic
5100,84816002,84816002-21606,18-24,Male,Black
5101,84854142,84854142-21586,45-64,Male,Black
5102,84854142,84854142-21587,18-24,Male,Black
5103,84953665,84953665-21700,18-24,Male,Black
5104,84998803,84998803-22049,18-24,Male,Black
5105,85238048,85238048-21666,25-44,Male,White Hispanic
5106,85416761,85416761-21708,25-44,Male,Black
5107,85420868,85420868-21878,18-24,Male,White Hispanic
5108,85500512,85500512-21736,18-24,Male,White
5109,85556013,85556013-21810,25-44,Male,Black
5110,85556013,85556013-21811,18-24,Male,Black
5111,85556013,85556013-21896,25-44,Male,Black
5112,85717168,85717168-21799,25-44,Male,Black Hispanic
5113,85744502,85744502-22054,45-64,Female,Black
5114,85744502,85744502-22055,25-44,Male,Black
5115,86096900,86096900-24088,18-24,Male,Black
5116,86325045,86325045-21920,18-24,Male,Black
5117,86325045,86325045-21921,18-24,Male,Black
5118,86607093,86607093-22129,18-24,Male,Black
5119,86772745,86772745-22019,18-24,Male,Black
5120,87001214,87001214-27315,18-24,Male,Black
5121,87020674,87020674-22193,25-44,Male,Black
5122,87494807,87494807-22454,25-44,Male,Black
5123,87531795,87531795-22170,18-24,Male,Black
5124,87632782,87632782-22447,25-44,Male,Black
5125,87632782,87632782-22448,18-24,Male,Black
5126,87632782,87632782-22449,<18,Male,Black
5127,87915621,87915621-22238,25-44,Male,White Hispanic
5128,87915621,87915621-22246,18-24,Male,White Hispanic
5129,88068429,88068429-22262,25-44,Male,Black
5130,88342733,88342733-22533,<18,Male,Black
5131,88405640,88405640-22336,25-44,Male,White
5132,88442130,88442130-22344,18-24,Male,Black
5133,88618115,88618115-22398,Unknown,Male,Black Hispanic
5134,88618115,88618115-22403,25-44,Male,Black
5135,88690811,88690811-22418,25-44,Male,Black
5136,88690811,88690811-27287,Unknown,Male,Unknown
5137,89519104,89519104-22579,18-24,Female,Black
5138,89552804,89552804-22518,45-64,Male,Black Hispanic
5139,89695415,89695415-22538,25-44,Male,Black
5140,90075275,90075275-22607,18-24,Male,Black
5141,90215684,90215684-22644,25-44,Male,Black
5142,90215684,90215684-22645,25-44,Male,Black
5143,90333300,90333300-22769,Unknown,Male,Black
5144,90616235,90616235-22684,18-24,Male,Black
5145,90677637,90677637-22706,<18,Male,Black
5146,90884669,90884669-26192,45-64,Male,Black
5147,90925984,90925984-22891,18-24,Male,Black
5148,90928718,90928718-22725,18-24,Male,Black
5149,90984934,90984934-22749,18-24,Male,Black
5150,91182068,91182068-23329,25-44,Male,Black
5151,91182068,91182068-23330,25-44,Male,Black
5152,91285416,91285416-22782,18-24,Male,White Hispanic
5153,91285416,91285416-22784,18-24,Male,Black
5154,91285416,91285416-22785,18-24,Male,White Hispanic
5155,91285416,91285416-22786,25-44,Male,Black
5156,91324170,91324170-22820,18-24,Male,Black
5157,91428019,91428019-22800,18-24,Male,Black
5158,91472649,91472649-23263,18-24,Male,Black
5159,91801776,91801776-23491,18-24,Male,Black
5160,91962980,91962980-22877,25-44,Male,Black
5161,92134212,92134212-24040,18-24,Male,Black
5162,92152091,92152091-22952,25-44,Male,White Hispanic
5163,92275693,92275693-22942,25-44,Male,Black
5164,92283061,92283061-23006,Unknown,Unknown,Unknown
5165,92403281,92403281-22973,18-24,Male,Black
5166,92507603,92507603-23015,25-44,Male,Black
5167,92587460,92587460-23159,25-44,Male,Black
5168,92747298,92747298-23026,18-24,Male,Black
5169,92802627,92802627-23068,25-44,Male,Black
5170,92858310,92858310-25283,18-24,Male,Black Hispanic
5171,92941490,92941490-23046,25-44,Male,Black
5172,92952535,92952535-23081,18-24,Male,Black
5173,93031136,93031136-23122,18-24,Male,Black
5174,93053470,93053470-23115,25-44,Male,Black
5175,93053470,93053470-23116,25-44,Male,Black
5176,93285851,93285851-23423,18-24,Male,Black
5177,93785791,93785791-23185,18-24,Male,Black Hispanic
5178,93867900,93867900-23180,18-24,Male,White Hispanic
5179,93942448,93942448-23190,45-64,Male,Black
5180,94182832,94182832-23361,<18,Male,Black
5181,94199818,94199818-23253,18-24,Male,Black Hispanic
5182,94738552,94738552-23368,18-24,Male,Black
5183,94738552,94738552-23369,18-24,Male,Black Hispanic
5184,95358498,95358498-23527,18-24,Male,Black
5185,95358499,95358499-23438,25-44,Male,Unknown
5186,95504871,95504871-23460,18-24,Male,Black
5187,95504871,95504871-23463,25-44,Male,Black
5188,136393517,136393517-23534,18-24,Male,Asian / Pacific Islander
5189,136463544,136463544-23558,18-24,Male,Black
5190,136463810,136463810-23652,18-24,Male,Black
5191,136506640,136506640-23553,25-44,Male,Black
5192,136563288,136563288-24836,25-44,Male,White Hispanic
5193,136598716,136598716-23683,25-44,Male,Black
5194,136696663,136696663-23599,18-24,Male,Black
5195,136802073,136802073-23880,<18,Male,Black
5196,136867075,136867075-23620,25-44,Male,Black
5197,136931242,136931242-23876,25-44,Male,Black Hispanic
5198,136939283,136939283-25366,18-24,Male,Black
5199,137047328,137047328-23648,25-44,Male,Black
5200,137047328,137047328-23790,25-44,Male,Black
5201,137067716,137067716-23656,18-24,Male,Black
5202,137108328,137108328-23658,25-44,Female,Black
5203,137109371,137109371-23661,25-44,Male,Black
5204,137366592,137366592-23730,18-24,Male,Black
5205,137585670,137585670-23862,25-44,Male,Black
5206,137585671,137585671-23772,18-24,Male,Black Hispanic
5207,137696446,137696446-23860,25-44,Male,White Hispanic
5208,137696446,137696446-24138,18-24,Male,White Hispanic
5209,138145342,138145342-23899,25-44,Male,White
5210,138154767,138154767-23900,25-44,Male,Black
5211,138255972,138255972-23815,<18,Male,Black
5212,138364298,138364298-23851,18-24,Male,Black
5213,138364299,138364299-23857,18-24,Male,Black
5214,138364299,138364299-23858,18-24,Male,Black
5215,138364631,138364631-23922,25-44,Male,Black
5216,138477082,138477082-23918,18-24,Male,Black
5217,138533040,138533040-23963,18-24,Male,Black
5218,138533040,138533040-23984,18-24,Male,Black
5219,138579728,138579728-24181,18-24,Male,Black
5220,138811933,138811933-24084,25-44,Male,Black
5221,138826417,138826417-23958,18-24,Male,Black
5222,138833195,138833195-23924,25-44,Male,Black
5223,138899428,138899428-23944,18-24,Male,Black
5224,139213880,139213880-23990,25-44,Male,Black
5225,139213880,139213880-24000,45-64,Male,Black
5226,139242206,139242206-24019,18-24,Male,White Hispanic
5227,139461308,139461308-24024,25-44,Male,Black
5228,139474289,139474289-24021,18-24,Male,White Hispanic
5229,139621460,139621460-24057,18-24,Male,Black
5230,139621460,139621460-24058,18-24,Male,Black
5231,139621460,139621460-24059,18-24,Male,Black
5232,140168265,140168265-24219,18-24,Male,White Hispanic
5233,140340267,140340267-24215,25-44,Male,Black
5234,140340267,140340267-24228,25-44,Male,Black
5235,140340336,140340336-25051,25-44,Male,Black
5236,140340336,140340336-25052,18-24,Male,Black
5237,140340336,140340336-25053,18-24,Male,Black
5238,140351125,140351125-24392,18-24,Male,Black
5239,140351125,140351125-24393,<18,Male,Black
5240,140480086,140480086-25602,18-24,Male,Black
5241,140670949,140670949-24300,18-24,Male,Black
5242,140965517,140965517-24330,25-44,Male,Black
5243,141265343,141265343-24424,18-24,Male,Black
5244,141392654,141392654-24360,18-24,Male,Black
5245,141392654,141392654-24361,18-24,Male,Black
5246,141546979,141546979-24515,<18,Male,Black
5247,141799308,141799308-24952,25-44,Male,Black
5248,142091374,142091374-24957,25-44,Male,White Hispanic
5249,142247303,142247303-24481,18-24,Male,Black
5250,142414015,142414015-24570,18-24,Male,Black
5251,143008673,143008673-24669,18-24,Male,Black
5252,143300498,143300498-24523,<18,Male,Black
5253,143582955,143582955-27296,25-44,Male,Black
5254,143582955,143582955-27303,25-44,Male,Black
5255,143613173,143613173-24597,45-64,Male,Black
5256,143613173,143613173-24598,45-64,Male,Black
5257,143871850,143871850-24575,18-24,Male,Black Hispanic
5258,143907466,143907466-24594,18-24,Male,Black Hispanic
5259,143922865,143922865-24595,18-24,Male,Black
5260,143922865,143922865-24596,18-24,Male,Black
5261,144055498,144055498-25399,<18,Male,Black
5262,144641364,144641364-24653,25-44,Male,Black
5263,145066207,145066207-24892,18-24,Female,Black
5264,145066207,145066207-27072,25-44,Male,Black
5265,145283860,145283860-24709,25-44,Male,Black
5266,145627019,145627019-25405,25-44,Male,Black
5267,145627020,145627020-24736,18-24,Male,Black
5268,145778391,145778391-24779,<18,Male,Black
5269,145872192,145872192-24763,25-44,Male,Black
5270,146096126,146096126-24804,18-24,Male,Black
5271,146322369,146322369-24791,45-64,Male,Black
5272,146417252,146417252-24828,25-44,Male,Black
5273,146564482,146564482-24863,18-24,Male,Black
5274,146564482,146564482-24875,18-24,Male,Black
5275,147117756,147117756-24966,25-44,Male,Black
5276,147609591,147609591-25014,25-44,Male,Black
5277,147609591,147609591-25017,18-24,Male,Black
5278,147654906,147654906-25000,25-44,Male,White
5279,147654906,147654906-25047,18-24,Male,White Hispanic
5280,147843406,147843406-25034,25-44,Male,Black
5281,147843406,147843406-25035,25-44,Male,Black
5282,147843406,147843406-25036,25-44,Male,Black
5283,148429887,148429887-25070,18-24,Male,Black
5284,148649687,148649687-25202,25-44,Male,Black
5285,149347432,149347432-25147,<18,Male,Black
5286,149454098,149454098-25354,25-44,Male,Black
5287,149745527,149745527-25160,25-44,Male,White
5288,150399303,150399303-25224,18-24,Male,White Hispanic
5289,151113817,151113817-25337,25-44,Male,Black
5290,152216263,152216263-25510,25-44,Male,Black
5291,153273026,153273026-25435,25-44,Male,White Hispanic
5292,153332426,153332426-25580,25-44,Male,Black
5293,153575113,153575113-25478,18-24,Male,Black
5294,153575113,153575113-25502,18-24,Male,Black
5295,153655025,153655025-25517,18-24,Male,Black
5296,153710637,153710637-25462,25-44,Male,Black
5297,154049393,154049393-25492,25-44,Male,Black
5298,154080950,154080950-25585,25-44,Male,Black
5299,154563862,154563862-25570,18-24,Male,White Hispanic
5300,154563862,154563862-25571,18-24,Male,Black Hispanic
5301,154650615,154650615-25549,18-24,Male,Black
5302,154837221,154837221-25568,18-24,Male,White Hispanic
5303,154999119,154999119-25584,18-24,Male,Black Hispanic
5304,155036099,155036099-26209,25-44,Male,White Hispanic
5305,155372444,155372444-25595,25-44,Male,Black
5306,155372446,155372446-25692,25-44,Male,Black
5307,155372446,155372446-25693,18-24,Female,Black
5308,155509200,155509200-25630,18-24,Female,Black
5309,155552963,155552963-25965,18-24,Male,Black
5310,155995755,155995755-25669,25-44,Male,Black
5311,156245994,156245994-26270,25-44,Male,Black
5312,156456020,156456020-25718,25-44,Male,Black Hispanic
5313,156456020,156456020-25719,25-44,Male,White Hispanic
5314,156610142,156610142-26633,18-24,Male,White Hispanic
5315,156756671,156756671-25808,25-44,Male,Black
5316,156853220,156853220-25758,18-24,Male,Black
5317,156853220,156853220-25762,18-24,Male,Black
5318,157055740,157055740-26406,<18,Male,White Hispanic
5319,157531374,157531374-25830,18-24,Male,Black Hispanic
5320,157531374,157531374-25842,18-24,Male,White Hispanic
5321,157629233,157629233-25834,25-44,Male,Black
5322,159259635,159259635-25971,18-24,Male,Black Hispanic
5323,159259635,159259635-25984,45-64,Male,Black
5324,159801498,159801498-26038,18-24,Male,Black
5325,160509027,160509027-26135,18-24,Male,Black
5326,160509027,160509027-26496,25-44,Female,Black
5327,161304125,161304125-26092,18-24,Male,Black
5328,161304127,161304127-26103,25-44,Male,White Hispanic
5329,161304127,161304127-26138,25-44,Male,White Hispanic
5330,161531703,161531703-26175,25-44,Male,Black
5331,161644002,161644002-26115,18-24,Female,Black
5332,162514439,162514439-26167,25-44,Male,Black
5333,162549434,162549434-26170,45-64,Male,White
5334,163401573,163401573-1,45-64,Male,Black
5335,163703970,163703970-26275,18-24,Male,Black
5336,164577213,164577213-26316,<18,Male,Black
5337,164781178,164781178-26320,25-44,Male,Asian / Pacific Islander
5338,165492097,165492097-26367,25-44,Male,Black
5339,165492105,165492105-26380,25-44,Male,Black
5340,166660831,166660831-26459,<18,Male,Black
5341,166886662,166886662-26464,25-44,Male,Black
5342,167468073,167468073-26518,25-44,Male,Black
5343,168231380,168231380-26819,25-44,Male,Black
5344,168338045,168338045-26776,45-64,Male,Black
5345,168461316,168461316-26975,25-44,Male,Black
5346,168608859,168608859-26611,25-44,Male,Black
5347,168608859,168608859-26765,18-24,Male,Black
5348,169103887,169103887-26715,25-44,Male,Black
5349,169340774,169340774-26693,25-44,Male,Black
5350,169680755,169680755-26658,18-24,Male,Black Hispanic
5351,170014773,170014773-26692,18-24,Male,Black
5352,170634286,170634286-26723,45-64,Male,Black Hispanic
5353,171254026,171254026-26992,18-24,Male,Black
5354,171826203,171826203-26817,25-44,Male,Black
5355,172026679,172026679-26815,18-24,Male,Black
5356,172712527,172712527-26917,25-44,Male,White Hispanic
5357,172795957,172795957-27172,25-44,Male,Black
5358,173661540,173661540-26924,25-44,Male,Black
5359,174159493,174159493-26958,18-24,Male,Black
5360,174405030,174405030-1,18-24,Male,White Hispanic
5361,174405030,174405030-2,18-24,Male,White Hispanic
5362,174405030,174405030-3,18-24,Male,Black
5363,174405030,174405030-4,18-24,Male,Black
5364,174405030,174405030-5,18-24,Male,White Hispanic
5365,174579538,174579538-27007,18-24,Male,Black Hispanic
5366,175444214,175444214-27283,25-44,Male,Black
5367,178203197,178203197-27067,18-24,Male,Black
5368,178203198,178203198-27068,25-44,Female,White Hispanic
5369,183190791,183190791-27197,25-44,Male,White Hispanic
5370,183565220,183565220-27191,18-24,Male,Black
5371,184921285,184921285-27273,25-44,Male,Black
5372,185063609,185063609-27278,<18,Male,Black
5373,185246019,185246019-27334,25-44,Male,Black Hispanic
5374,186046951,186046951-1,25-44,Male,White Hispanic
5375,186047193,186047193-1,25-44,Male,Black
5376,186047193,186047193-27361,18-24,Male,Black
5377,186091850,186091850-27371,25-44,Male,Black
5378,186329309,186329309-27379,18-24,Male,White Hispanic
5379,187867631,187867631-1,25-44,Male,Black
5380,187954068,187954068-1,45-64,Male,Black Hispanic
5381,188524122,188524122-1,18-24,Male,Black
5382,188524122,188524122-3,18-24,Male,Black
5383,189136471,189136471-1,25-44,Male,Black Hispanic
5384,189435390,189435390-1,<18,Male,Black
5385,189435390,189435390-2,<18,Male,Black
5386,189437137,189437137-1,<18,Male,White Hispanic
5387,190144578,190144578-1,25-44,Male,Unknown
5388,190144578,190144578-2,45-64,Male,Asian / Pacific Islander
5389,190183452,190183452-1,<18,Female,White
5390,190183452,190183452-2,<18,Male,Black
5391,190467157,190467157-1,18-24,Male,Black
5392,192834302,192834302-1,25-44,Male,Black
5393,192834302,192834302-2,18-24,Male,Black
5394,193118593,193118593-1,18-24,Male,Black
5395,193118593,193118593-2,25-44,Male,White
5396,195102366,195102366-1,25-44,Male,Black
5397,195397264,195397264-1,25-44,Male,Black
5398,195440618,195440618-1,18-24,Male,Black
5399,195604250,195604250-1,25-44,Male,Black
5400,195854214,195854214-1,18-24,Male,Black
5401,196276908,196276908-1,18-24,Male,Black
5402,197293450,197293450-1,<18,Male,Black
5403,197475508,197475508-1,<18,Male,Black
5404,197953471,197953471-1,18-24,Male,Black
5405,197953471,197953471-2,<18,Male,Black
5406,199134403,199134403-1,45-64,Male,Black
5407,199401908,199401908-1,18-24,Male,White Hispanic
5408,199637606,199637606-1,18-24,Male,Unknown
5409,199637606,199637606-2,18-24,Male,White Hispanic
5410,200056610,200056610-1,<18,Male,Black
5411,200155465,200155465-1,18-24,Male,White Hispanic
5412,200209680,200209680-2,25-44,Male,Black
5413,200209680,200209680-4,25-44,Male,Black
5414,200263247,200263247-1,25-44,Male,Black
5415,200263247,200263247-2,25-44,Male,Black
5416,200263247,200263247-3,25-44,Male,Black
5417,200263247,200263247-4,25-44,Male,Black
5418,200263247,200263247-5,25-44,Male,Unknown
5419,202325345,202325345-1,25-44,Male,Black
5420,202566072,202566072-1,25-44,Male,Black
5421,202770947,202770947-1,18-24,Male,Black
5422,203041427,203041427-1,18-24,Male,Black
5423,203348700,203348700-1,25-44,Male,Black
5424,203676928,203676928-1,45-64,Male,Black
5425,203676928,203676928-2,25-44,Male,Black
5426,203676931,203676931-1,25-44,Male,White Hispanic
5427,204154391,204154391-1,18-24,Male,White Hispanic
5428,205124100,205124100-1,18-24,Male,Black
5429,206570260,206570260-1,25-44,Male,Unknown
5430,206570261,206570261-2,18-24,Male,Black
5431,207868258,207868258-1,65+,Male,White Hispanic
5432,208008880,208008880-1,18-24,Male,Black
5433,208437740,208437740-1,25-44,Male,White Hispanic
5434,209747701,209747701-1,45-64,Male,Black
5435,210025100,210025100-1,18-24,Male,Black
5436,212336415,212336415-1,18-24,Male,Black
5437,213188078,213188078-1,25-44,Female,Black
5438,213499948,213499948-1,25-44,Male,Black Hispanic
5439,213943826,213943826-1,25-44,Male,Black
5440,214183639,214183639-1,18-24,Male,Black
5441,214215423,214215423-1,25-44,Male,White Hispanic
5442,214215424,214215424-1,18-24,Male,Black
5443,214215424,214215424-2,18-24,Male,Black
5444,214693510,214693510-1,18-24,Male,Black
5445,214693787,214693787-1,25-44,Male,White Hispanic
5446,214729488,214729488-1,25-44,Male,White Hispanic
5447,214778542,214778542-1,18-24,Male,Black Hispanic
5448,214778542,214778542-2,18-24,Male,White Hispanic
5449,215223443,215223443-1,25-44,Male,White Hispanic
5450,215223443,215223443-2,25-44,Male,Black Hispanic
5451,215223443,215223443-3,25-44,Male,Black Hispanic
5452,215223443,215223443-4,45-64,Male,Black Hispanic
5453,215226536,215226536-1,18-24,Male,Black
5454,215226536,215226536-2,18-24,Male,Black
5455,215303002,215303002-1,18-24,Male,Black
5456,215536323,215536323-1,25-44,Male,Black
5457,215767017,215767017-1,25-44,Male,Black
5458,216055254,216055254-1,<18,Male,Black Hispanic
5459,216055254,216055254-2,18-24,Male,Black Hispanic
5460,216157556,216157556-1,25-44,Male,Black
5461,216355701,216355701-1,25-44,Male,Black
5462,216922895,216922895-1,18-24,Male,Black
5463,216930291,216930291-1,18-24,Male,Black
5464,216930291,216930291-2,18-24,Male,Black
5465,216930291,216930291-3,25-44,Male,Black
5466,217076772,217076772-1,18-24,Female,Black
5467,217220150,217220150-1,25-44,Male,Black
5468,218116166,218116166-1,45-64,Male,Black
5469,218513676,218513676-1,25-44,Male,Black
5470,219604251,219604251-1,25-44,Male,Black
5471,219811966,219811966-1,25-44,Male,Black
5472,219862699,219862699-1,25-44,Male,Black
5473,219862699,219862699-2,25-44,Male,Black
5474,220116256,220116256-1,25-44,Male,Black
5475,221490196,221490196-1,18-24,Male,Black
5476,221490196,221490196-2,25-44,Male,Black
5477,222075197,222075197-1,18-24,Male,White Hispanic
5478,222286863,222286863-1,25-44,Male,Black Hispanic
5479,222286863,222286863-2,18-24,Male,Black Hispanic
5480,222563766,222563766-1,18-24,Male,Black
5481,222563766,222563766-2,18-24,Male,Black
5482,222563766,222563766-3,18-24,Male,Black
5483,223046900,223046900-1,18-24,Male,Black
5484,223198985,223198985-1,18-24,Male,Black
5485,223505524,223505524-1,<18,Male,Black Hispanic
5486,223827860,223827860-1,18-24,Male,Black
5487,224354730,224354730-1,25-44,Male,White Hispanic
5488,224354730,224354730-2,25-44,Male,Black Hispanic
5489,225620486,225620486-1,25-44,Male,Black
5490,225620486,225620486-2,25-44,Male,Black
5491,225934384,225934384-1,<18,Male,White Hispanic
5492,226323779,226323779-2,25-44,Male,Black
5493,226705490,226705490-1,45-64,Male,Black
5494,226949679,226949679-1,18-24,Male,Black
5495,227000638,227000638-1,25-44,Male,Black
5496,227089749,227089749-1,25-44,Male,Black Hispanic
5497,227509416,227509416-1,25-44,Male,Black
5498,227509416,227509416-2,18-24,Male,Black
5499,227647468,227647468-1,18-24,Male,Black
5500,227987579,227987579-1,25-44,Male,Black
5501,228258633,228258633-1,25-44,Male,Black
5502,228258633,228258633-2,25-44,Female,Black
5503,228262994,228262994-1,18-24,Male,Black
5504,228587380,228587380-1,25-44,Male,Black Hispanic
5505,228672737,228672737-1,18-24,Male,Black
5506,228672737,228672737-2,<18,Male,Black
5507,228672737,228672737-3,<18,Male,Black
5508,228672737,228672737-4,18-24,Male,Black Hispanic
5509,228672737,228672737-5,18-24,Male,Black
5510,229514433,229514433-1,25-44,Male,Black
5511,229700090,229700090-1,25-44,Male,White Hispanic
5512,229822599,229822599-1,18-24,Male,White Hispanic
5513,229822599,229822599-2,18-24,Male,White Hispanic
5514,229826459,229826459-1,45-64,Male,Black
5515,230015421,230015421-1,18-24,Male,Black
5516,230015421,230015421-2,18-24,Male,Black
5517,230448646,230448646-1,25-44,Male,Black
5518,230482152,230482152-1,18-24,Male,Black
5519,230788300,230788300-1,25-44,Male,Black
5520,231008085,231008085-1,45-64,Male,Asian / Pacific Islander
5521,231133996,231133996-2,18-24,Male,Black
5522,231133996,231133996-3,18-24,Male,Black
5523,47515487,47515487-26450,25-44,Male,Black Hispanic
5524,47515487,47515487-26451,25-44,Female,Black Hispanic
5525,47515487,47515487-26472,25-44,Male,White Hispanic
5526,47792597,47792597-14960,18-24,Male,Black
5527,47916280,47916280-14846,Unknown,Unknown,Unknown
5528,48006250,48006250-14871,Unknown,Unknown,Unknown
5529,48066961,48066961-14891,Unknown,Unknown,Unknown
5530,48344583,48344583-14943,18-24,Male,Black
5531,48344583,48344583-15445,18-24,Male,Black
5532,48480867,48480867-14969,18-24,Male,White Hispanic
5533,49194497,49194497-15006,Unknown,Unknown,Unknown
5534,49255310,49255310-15008,Unknown,Male,Black
5535,49255318,49255318-15023,Unknown,Male,Black
5536,49255320,49255320-15024,18-24,Male,Black
5537,49514586,49514586-15039,18-24,Male,Black
5538,49514586,49514586-15040,18-24,Male,Black
5539,49514586,49514586-15041,18-24,Male,Black
5540,49514586,49514586-15042,25-44,Male,Black
5541,49514586,49514586-15057,18-24,Female,Black
5542,49514586,49514586-15252,18-24,Male,Black Hispanic
5543,49567920,49567920-15155,Unknown,Unknown,Unknown
5544,49589386,49589386-15122,45-64,Male,Black
5545,49913263,49913263-15116,18-24,Male,Black
5546,49955965,49955965-15335,25-44,Male,Black
5547,50100825,50100825-15204,Unknown,Male,Black
5548,50163472,50163472-15195,25-44,Male,Black
5549,50479073,50479073-15248,18-24,Male,White Hispanic
5550,50616317,50616317-15298,25-44,Male,White Hispanic
5551,50665288,50665288-15320,18-24,Male,Black
5552,50843852,50843852-15356,18-24,Male,Black
5553,50864317,50864317-16242,Unknown,Unknown,Unknown
5554,51315182,51315182-15414,Unknown,Male,Black
5555,51338333,51338333-15409,18-24,Male,Black
5556,51359390,51359390-15403,Unknown,Male,Black
5557,51467492,51467492-15431,18-24,Male,Black
5558,51538827,51538827-15455,Unknown,Male,Black
5559,51626930,51626930-15528,Unknown,Unknown,Unknown
5560,51724136,51724136-15513,18-24,Male,Black
5561,51724136,51724136-15524,18-24,Male,Black
5562,51724136,51724136-15525,<18,Male,Black
5563,51724139,51724139-15493,<18,Male,Black
5564,51724139,51724139-15494,45-64,Male,Black
5565,51724139,51724139-16125,25-44,Male,Black
5566,51724139,51724139-16135,25-44,Male,Black
5567,51724139,51724139-16169,18-24,Male,Black
5568,51724139,51724139-19202,18-24,Male,Black
5569,51724140,51724140-15487,25-44,Male,Black
5570,51916044,51916044-15932,Unknown,Unknown,Unknown
5571,52050044,52050044-15613,18-24,Male,Black Hispanic
5572,52409035,52409035-15668,<18,Male,White Hispanic
5573,52722195,52722195-15741,25-44,Male,White
5574,53765756,53765756-15753,<18,Male,Black Hispanic
5575,54101449,54101449-15811,25-44,Male,Black
5576,54273338,54273338-15843,45-64,Male,White Hispanic
5577,54474354,54474354-15890,Unknown,Unknown,Unknown
5578,54715561,54715561-15928,Unknown,Unknown,Unknown
5579,54810803,54810803-15950,18-24,Male,Black
5580,54832731,54832731-16048,Unknown,Male,Black
5581,54858241,54858241-16015,Unknown,Unknown,Unknown
5582,55476889,55476889-16115,18-24,Male,Black
5583,56219999,56219999-16231,Unknown,Unknown,Unknown
5584,57325754,57325754-16306,Unknown,Unknown,Unknown
5585,59039103,59039103-16385,18-24,Male,White Hispanic
5586,59544687,59544687-16419,<18,Male,White Hispanic
5587,59544687,59544687-16441,18-24,Male,Black
5588,59753076,59753076-16439,<18,Male,Black
5589,59753077,59753077-16440,Unknown,Male,Black
5590,59753079,59753079-16447,Unknown,Male,Black
5591,60097566,60097566-16482,Unknown,Male,Black
5592,60249701,60249701-16531,Unknown,Unknown,Unknown
5593,60272798,60272798-16503,25-44,Male,Black
5594,60272798,60272798-16504,Unknown,Male,Black
5595,60272798,60272798-16525,Unknown,Male,Black
5596,60442310,60442310-16526,25-44,Male,Black
5597,60828825,60828825-16553,18-24,Male,Black
5598,61098681,61098681-16589,25-44,Male,Black
5599,61098681,61098681-16750,25-44,Male,Black
5600,61144230,61144230-16598,18-24,Male,White Hispanic
5601,61144235,61144235-16602,25-44,Male,Black
5602,61170259,61170259-16597,25-44,Male,Black
5603,61294115,61294115-16636,18-24,Male,Black
5604,61294115,61294115-16767,25-44,Male,White Hispanic
5605,61294116,61294116-16642,18-24,Male,Black
5606,61294116,61294116-16668,25-44,Male,Black
5607,61400091,61400091-16653,25-44,Male,Black Hispanic
5608,61400095,61400095-16655,18-24,Male,White Hispanic
5609,61575508,61575508-16681,25-44,Male,Black
5610,61710229,61710229-16710,18-24,Male,Black
5611,61710230,61710230-16728,Unknown,Unknown,Unknown
5612,61745481,61745481-16727,18-24,Male,Black
5613,61777800,61777800-16730,Unknown,Male,Black
5614,61826976,61826976-16733,18-24,Male,White Hispanic
5615,61826981,61826981-16735,25-44,Male,White Hispanic
5616,62199687,62199687-16815,45-64,Male,Black
5617,62199687,62199687-17009,25-44,Male,Black
5618,62200686,62200686-16806,18-24,Male,Black
5619,62200686,62200686-16842,18-24,Male,Black
5620,62200686,62200686-16843,18-24,Male,Black
5621,62200686,62200686-16844,<18,Male,Black
5622,62200686,62200686-16845,18-24,Male,Black
5623,62374423,62374423-16860,Unknown,Male,Black
5624,62550586,62550586-16873,25-44,Male,Black
5625,62572547,62572547-16888,Unknown,Unknown,Unknown
5626,62761421,62761421-16936,Unknown,Male,Unknown
5627,62854553,62854553-16963,Unknown,Unknown,Unknown
5628,62947588,62947588-16973,18-24,Male,Unknown
5629,63189237,63189237-17014,Unknown,Male,Unknown
5630,63189243,63189243-17027,Unknown,Male,Black
5631,63189243,63189243-17093,Unknown,Male,Black
5632,63189244,63189244-17029,Unknown,Unknown,Unknown
5633,63256137,63256137-17037,25-44,Male,Black
5634,63256137,63256137-17330,18-24,Male,Black
5635,63358191,63358191-17069,18-24,Male,White Hispanic
5636,63544751,63544751-17094,18-24,Male,Black
5637,63656607,63656607-17112,Unknown,Male,Black
5638,63656607,63656607-17325,25-44,Male,Unknown
5639,63839079,63839079-17670,Unknown,Unknown,Unknown
5640,63883952,63883952-17204,Unknown,Unknown,Unknown
5641,64006641,64006641-17344,Unknown,Unknown,Unknown
5642,64297166,64297166-17217,Unknown,Unknown,Unknown
5643,64318203,64318203-17242,Unknown,Unknown,Unknown
5644,64449153,64449153-17274,Unknown,Unknown,Unknown
5645,64480707,64480707-17290,18-24,Male,Black
5646,64508968,64508968-17312,Unknown,Unknown,Unknown
5647,64627002,64627002-17324,25-44,Male,Black
5648,64797880,64797880-17360,Unknown,Unknown,Unknown
5649,65010707,65010707-17775,Unknown,Unknown,Unknown
5650,65012637,65012637-17397,18-24,Male,Black
5651,65012637,65012637-17398,18-24,Male,Black
5652,65084709,65084709-17419,Unknown,Male,Black
5653,65270100,65270100-17443,Unknown,Unknown,Unknown
5654,65444321,65444321-17467,45-64,Male,Black
5655,65717155,65717155-17496,Unknown,Unknown,Unknown
5656,65907091,65907091-17528,Unknown,Unknown,Unknown
5657,65928469,65928469-17536,Unknown,Unknown,Unknown
5658,66017109,66017109-17540,25-44,Male,White Hispanic
5659,66145884,66145884-17580,18-24,Male,Black
5660,66299467,66299467-17614,Unknown,Male,Black
5661,66463022,66463022-17704,Unknown,Unknown,Unknown
5662,66632293,66632293-17648,18-24,Male,Black
5663,66656614,66656614-17651,Unknown,Unknown,Unknown
5664,66881938,66881938-17678,Unknown,Unknown,Unknown
5665,66882686,66882686-17684,Unknown,Unknown,Unknown
5666,67080538,67080538-17920,18-24,Male,Black
5667,67307927,67307927-17749,Unknown,Unknown,Unknown
5668,67631484,67631484-17788,Unknown,Unknown,Unknown
5669,68106315,68106315-17879,Unknown,Unknown,Unknown
5670,68326100,68326100-17902,18-24,Male,Black Hispanic
5671,68651543,68651543-17941,25-44,Male,Black
5672,68784338,68784338-17951,18-24,Male,Black
5673,68919807,68919807-17961,18-24,Male,Black Hispanic
5674,69231238,69231238-18003,18-24,Male,Black
5675,71059190,71059190-18170,Unknown,Male,Black
5676,71059190,71059190-18171,Unknown,Male,Black
5677,71136612,71136612-18194,45-64,Male,White
5678,71178176,71178176-18206,Unknown,Male,Unknown
5679,71311714,71311714-18223,Unknown,Male,Black Hispanic
5680,71311714,71311714-18224,Unknown,Male,Black Hispanic
5681,71454843,71454843-18250,25-44,Male,Black
5682,71625597,71625597-18663,Unknown,Unknown,Unknown
5683,71728301,71728301-18328,Unknown,Male,Black
5684,71760585,71760585-18339,<18,Male,Black
5685,71780745,71780745-18347,18-24,Male,White Hispanic
5686,71938174,71938174-18406,25-44,Female,Black
5687,72008944,72008944-18905,18-24,Male,Black
5688,72077236,72077236-18434,Unknown,Female,Black
5689,72077236,72077236-18435,18-24,Male,Black
5690,72077236,72077236-18436,<18,Male,Black
5691,72101786,72101786-18466,Unknown,Male,Black
5692,72201221,72201221-18470,18-24,Male,Black Hispanic
5693,72265766,72265766-18542,25-44,Male,White
5694,72342329,72342329-18519,25-44,Male,Black Hispanic
5695,72378810,72378810-18543,18-24,Male,Black
5696,72380501,72380501-18529,Unknown,Male,Black
5697,72380501,72380501-18530,Unknown,Male,Black
5698,72437529,72437529-18605,25-44,Male,Black
5699,72828732,72828732-18666,Unknown,Unknown,Unknown
5700,72857626,72857626-18670,25-44,Male,White
5701,72857626,72857626-18938,18-24,Male,White
5702,72914586,72914586-18697,18-24,Male,Black
5703,72949715,72949715-18698,18-24,Male,Black
5704,72949716,72949716-18699,25-44,Male,Black
5705,72949716,72949716-18700,18-24,Male,Black
5706,73221475,73221475-18742,Unknown,Male,Black
5707,73300652,73300652-18760,25-44,Male,Black Hispanic
5708,73300652,73300652-18761,18-24,Male,Black
5709,73300652,73300652-18762,18-24,Male,Black
5710,73418147,73418147-18864,18-24,Male,Black
5711,73433697,73433697-18820,Unknown,Unknown,Unknown
5712,73481549,73481549-18995,18-24,Male,Black
5713,73481549,73481549-19001,18-24,Male,Black
5714,73517108,73517108-18865,45-64,Male,Black
5715,73541312,73541312-19660,18-24,Male,Black
5716,73610411,73610411-18885,<18,Male,Black
5717,73683835,73683835-18903,25-44,Male,Black
5718,73683835,73683835-18904,18-24,Male,Black
5719,73683835,73683835-18981,18-24,Female,Black
5720,73726901,73726901-18919,Unknown,Unknown,Unknown
5721,73830694,73830694-18953,Unknown,Male,Black
5722,73932182,73932182-19020,18-24,Male,White Hispanic
5723,73964090,73964090-18991,Unknown,Male,Black
5724,74019248,74019248-18999,Unknown,Unknown,Unknown
5725,74044089,74044089-19084,25-44,Male,Black
5726,74044362,74044362-19274,25-44,Male,Black
5727,74070518,74070518-19243,25-44,Male,Black
5728,74097955,74097955-19095,18-24,Male,Black
5729,74097956,74097956-19030,18-24,Male,Black
5730,74260441,74260441-19080,18-24,Male,Black Hispanic
5731,74355637,74355637-19106,18-24,Male,Black
5732,74363833,74363833-19362,45-64,Male,Black
5733,74366120,74366120-19923,25-44,Male,White Hispanic
5734,74604888,74604888-19188,Unknown,Male,Black
5735,74824431,74824431-1,25-44,Male,Black
5736,74824431,74824431-19373,25-44,Male,White
5737,74973718,74973718-19306,18-24,Male,Black Hispanic
5738,75040887,75040887-19330,Unknown,Male,Black
5739,75040887,75040887-19331,Unknown,Male,Black
5740,75266401,75266401-19406,25-44,Male,Black
5741,75292487,75292487-19410,<18,Male,White Hispanic
5742,75330416,75330416-25380,25-44,Male,Black
5743,75466851,75466851-19452,Unknown,Male,Black
5744,75953214,75953214-19546,25-44,Male,Black
5745,76053489,76053489-19657,<18,Male,Black
5746,76943422,76943422-21097,18-24,Male,Black
5747,77041509,77041509-19702,Unknown,Unknown,Unknown
5748,77071785,77071785-19708,18-24,Male,Black
5749,77153188,77153188-19752,18-24,Male,Black
5750,77154072,77154072-19751,18-24,Male,Black
5751,77226960,77226960-19742,25-44,Male,Black
5752,77341257,77341257-19775,Unknown,Unknown,Unknown
5753,77443443,77443443-19800,18-24,Male,Black
5754,77782891,77782891-19878,Unknown,Unknown,Unknown
5755,77837951,77837951-19898,18-24,Male,Black
5756,77858487,77858487-19903,18-24,Male,Black
5757,77896538,77896538-19908,18-24,Male,Black
5758,78061675,78061675-19922,18-24,Male,White Hispanic
5759,78137635,78137635-19940,25-44,Male,Black
5760,78378013,78378013-20220,<18,Male,Black
5761,78434860,78434860-20041,18-24,Male,Black
5762,78444487,78444487-20022,18-24,Male,Unknown
5763,78463604,78463604-21321,18-24,Male,Black
5764,78491185,78491185-20023,Unknown,Male,Black
5765,78707564,78707564-20104,18-24,Male,Black
5766,78930105,78930105-20138,18-24,Male,Black
5767,78989592,78989592-20176,18-24,Male,White Hispanic
5768,78989592,78989592-20200,18-24,Male,Black Hispanic
5769,79008368,79008368-22294,18-24,Male,Black
5770,79008368,79008368-22323,<18,Male,White Hispanic
5771,79162143,79162143-20183,18-24,Male,Black Hispanic
5772,79378503,79378503-20235,25-44,Male,Black
5773,79378503,79378503-20236,18-24,Male,Black
5774,79378503,79378503-20238,18-24,Male,Black
5775,79409359,79409359-20260,18-24,Male,White Hispanic
5776,79509673,79509673-20352,Unknown,Male,Black
5777,79604129,79604129-20471,25-44,Male,Black
5778,79607270,79607270-20289,18-24,Male,Black
5779,79607270,79607270-20291,18-24,Male,Black
5780,79871294,79871294-20439,25-44,Male,Black
5781,79871294,79871294-20513,18-24,Male,Black
5782,79941860,79941860-21223,25-44,Male,Black
5783,79970478,79970478-20409,25-44,Male,Black Hispanic
5784,80139775,80139775-20465,18-24,Male,White Hispanic
5785,80259338,80259338-20510,Unknown,Male,Black
5786,80341321,80341321-20554,18-24,Male,Black
5787,80341321,80341321-20560,18-24,Male,Black Hispanic
5788,80454392,80454392-20599,18-24,Male,Black
5789,80454392,80454392-20600,18-24,Male,Black
5790,80454392,80454392-20603,18-24,Male,Black
5791,80523388,80523388-21224,18-24,Male,Black
5792,80544816,80544816-20623,25-44,Male,Black
5793,80544816,80544816-20624,18-24,Male,Black
5794,80572286,80572286-20640,25-44,Male,Black Hispanic
5795,80592973,80592973-20676,18-24,Male,Unknown
5796,80989164,80989164-20792,18-24,Male,Black
5797,81023911,81023911-20825,25-44,Male,Unknown
5798,81206978,81206978-20851,18-24,Male,Black Hispanic
5799,81328634,81328634-20892,25-44,Male,White Hispanic
5800,81436285,81436285-20907,25-44,Male,Black
5801,81478651,81478651-20931,18-24,Male,Black
5802,81862530,81862530-21050,45-64,Male,Black
5803,81988419,81988419-21028,18-24,Male,Black Hispanic
5804,82011595,82011595-21036,18-24,Male,Black
5805,82011595,82011595-21037,18-24,Male,Black
5806,82048275,82048275-21041,25-44,Male,Black
5807,82760886,82760886-21269,<18,Male,Black
5808,83003463,83003463-21287,18-24,Male,Black
5809,83121955,83121955-21301,25-44,Male,White Hispanic
5810,83121955,83121955-22349,25-44,Male,Black Hispanic
5811,83467732,83467732-21350,25-44,Male,Black
5812,83528336,83528336-21353,<18,Male,Black
5813,83528336,83528336-21358,<18,Male,White Hispanic
5814,83826922,83826922-21479,25-44,Male,Black
5815,84243697,84243697-21501,18-24,Male,Black Hispanic
5816,84479011,84479011-21526,Unknown,Male,Black
5817,84479011,84479011-21527,Unknown,Male,Black
5818,84505823,84505823-22416,25-44,Male,Black
5819,84534492,84534492-21546,18-24,Male,Black
5820,84760414,84760414-21843,25-44,Male,White Hispanic
5821,85180335,85180335-22408,18-24,Male,Black
5822,85209345,85209345-21851,18-24,Male,Black
5823,85209345,85209345-22081,25-44,Male,Black
5824,85423528,85423528-21977,18-24,Male,Black
5825,85492269,85492269-21794,18-24,Male,Black
5826,85639531,85639531-21772,18-24,Male,Black
5827,85895221,85895221-21823,18-24,Male,Black
5828,85936960,85936960-21963,25-44,Male,Black
5829,86012377,86012377-21849,25-44,Male,Black
5830,86159989,86159989-21884,25-44,Male,Black
5831,86207308,86207308-21886,Unknown,Male,Black
5832,86247295,86247295-21986,25-44,Male,Black
5833,86325046,86325046-21922,18-24,Male,Black
5834,86762178,86762178-22017,25-44,Male,Black
5835,86791011,86791011-22662,<18,Male,Black
5836,86980286,86980286-22234,18-24,Male,Black
5837,87066753,87066753-22221,18-24,Male,White Hispanic
5838,87349059,87349059-22309,<18,Male,Black
5839,87559178,87559178-22175,25-44,Male,Black
5840,87751783,87751783-22223,25-44,Male,Black
5841,88098652,88098652-22271,25-44,Male,White Hispanic
5842,88114393,88114393-22281,18-24,Male,Black
5843,88330218,88330218-22319,18-24,Male,Black
5844,88330218,88330218-22320,18-24,Male,Black
5845,88330218,88330218-22321,25-44,Male,Black
5846,88330218,88330218-22322,18-24,Male,Black
5847,88354616,88354616-22861,25-44,Male,Unknown
5848,88452301,88452301-22366,<18,Male,Black
5849,88638007,88638007-22597,18-24,Female,White Hispanic
5850,89174990,89174990-22508,25-44,Male,Black
5851,89174990,89174990-22509,25-44,Male,Black
5852,89354194,89354194-22506,<18,Male,Black
5853,89542724,89542724-22581,25-44,Male,Black
5854,89923318,89923318-23689,25-44,Male,Black
5855,90702175,90702175-22693,25-44,Male,Black
5856,90702194,90702194-22697,18-24,Male,Black
5857,91048612,91048612-22863,<18,Male,Black
5858,91196914,91196914-23308,25-44,Male,Black
5859,91404964,91404964-22794,25-44,Male,Black
5860,92008350,92008350-23119,<18,Male,Black
5861,92164938,92164938-22982,<18,Male,Black
5862,92228867,92228867-22990,25-44,Male,Black
5863,92410078,92410078-22950,18-24,Male,Black
5864,92599570,92599570-23044,25-44,Male,Black Hispanic
5865,92747223,92747223-23295,18-24,Male,Black Hispanic
5866,92862561,92862561-23030,18-24,Male,Black
5867,93053469,93053469-23058,18-24,Male,Black
5868,93164817,93164817-23095,18-24,Male,Black Hispanic
5869,93164819,93164819-23076,25-44,Male,Black Hispanic
5870,93179713,93179713-23072,45-64,Male,White Hispanic
5871,93179754,93179754-23073,45-64,Male,Black
5872,93350810,93350810-23107,<18,Male,Black
5873,93607539,93607539-23177,18-24,Male,Black
5874,93607539,93607539-27290,Unknown,Male,Black
5875,93607543,93607543-23140,25-44,Male,Black
5876,93627253,93627253-23150,18-24,Male,White Hispanic
5877,93627253,93627253-23151,18-24,Male,White Hispanic
5878,93627332,93627332-23161,18-24,Male,Black Hispanic
5879,93627332,93627332-23262,18-24,Male,Black
5880,93636170,93636170-23249,18-24,Male,Black
5881,93673024,93673024-23146,18-24,Female,Black
5882,93726283,93726283-23179,25-44,Male,Black Hispanic
5883,93726283,93726283-23229,18-24,Female,White Hispanic
5884,93741886,93741886-23157,25-44,Male,Black
5885,93775843,93775843-23166,18-24,Male,Black
5886,94261526,94261526-23267,25-44,Male,Black
5887,94290324,94290324-23321,25-44,Male,Black
5888,94337762,94337762-23274,18-24,Male,Black
5889,94358085,94358085-23278,25-44,Male,Black
5890,94889360,94889360-23546,25-44,Male,Black
5891,95136725,95136725-23433,18-24,Male,Black
5892,95301720,95301720-23432,25-44,Male,Black
5893,95318518,95318518-23470,25-44,Male,Black
5894,109445262,109445262-24179,18-24,Male,Black
5895,109445263,109445263-23493,18-24,Male,Black
5896,136439165,136439165-23773,18-24,Male,Black
5897,136781692,136781692-23606,18-24,Male,Black Hispanic
5898,136781692,136781692-23607,Unknown,Male,Black Hispanic
5899,136792988,136792988-23630,25-44,Male,Black Hispanic
5900,137018488,137018488-23642,18-24,Male,Black
5901,137320852,137320852-24881,25-44,Male,Black
5902,137320852,137320852-24882,25-44,Male,Black
5903,137375509,137375509-23920,18-24,Male,Black
5904,137558690,137558690-23716,25-44,Male,Black
5905,138145505,138145505-23819,25-44,Male,Black
5906,138228994,138228994-23822,18-24,Male,Black
5907,138228994,138228994-23882,25-44,Male,Black
5908,138322730,138322730-23854,25-44,Male,Black
5909,138339135,138339135-23881,18-24,Male,White Hispanic
5910,138489740,138489740-24044,<18,Male,Black
5911,138849338,138849338-24464,<18,Male,Black Hispanic
5912,138898656,138898656-23943,18-24,Male,Black
5913,139213724,139213724-23987,18-24,Male,Black Hispanic
5914,139213724,139213724-23988,18-24,Male,Black
5915,139381477,139381477-24183,25-44,Male,Black
5916,139673097,139673097-24054,<18,Male,Black
5917,140236476,140236476-24226,<18,Male,Black
5918,140302380,140302380-24167,18-24,Male,White Hispanic
5919,140591806,140591806-24338,<18,Male,Black
5920,140776406,140776406-24323,18-24,Male,Black
5921,141298012,141298012-24927,25-44,Male,Asian / Pacific Islander
5922,141392655,141392655-24935,18-24,Male,Black
5923,141397285,141397285-24840,18-24,Male,Black
5924,141406522,141406522-24379,18-24,Male,White Hispanic
5925,141707495,141707495-24946,Unknown,Unknown,Unknown
5926,141724978,141724978-24944,65+,Male,Black
5927,142091385,142091385-24404,25-44,Male,White Hispanic
5928,142262290,142262290-24478,<18,Male,Black
5929,142784672,142784672-24471,25-44,Male,Black
5930,142889365,142889365-24495,25-44,Male,Black
5931,143377677,143377677-24529,<18,Male,Black
5932,143583694,143583694-24613,18-24,Male,Black
5933,143641819,143641819-24544,18-24,Male,Black Hispanic
5934,143819363,143819363-24572,45-64,Male,Black
5935,143828365,143828365-24583,18-24,Male,White Hispanic
5936,143828365,143828365-24584,25-44,Female,White Hispanic
5937,144055147,144055147-26656,25-44,Male,Black
5938,144100988,144100988-24615,18-24,Male,Black Hispanic
5939,144235827,144235827-24610,25-44,Male,Black
5940,144236078,144236078-24601,<18,Male,Black
5941,144441785,144441785-24681,18-24,Male,Black
5942,144441785,144441785-24682,18-24,Male,Black
5943,144441785,144441785-24715,18-24,Male,Black
5944,144479289,144479289-24631,18-24,Male,Black
5945,144731682,144731682-25603,18-24,Male,White Hispanic
5946,146678733,146678733-24862,18-24,Male,Black
5947,146837976,146837976-24879,25-44,Male,White Hispanic
5948,147035438,147035438-24893,25-44,Male,Black
5949,147237490,147237490-24977,25-44,Male,White Hispanic
5950,147237490,147237490-24978,25-44,Male,White Hispanic
5951,147237491,147237491-24970,45-64,Female,Black
5952,147275863,147275863-24972,45-64,Male,Black
5953,147567677,147567677-24997,25-44,Male,Black
5954,147757073,147757073-25011,25-44,Male,Black
5955,147808522,147808522-25020,25-44,Male,Black
5956,148099940,148099940-26590,18-24,Male,Black
5957,148180650,148180650-25041,25-44,Male,Black
5958,148259869,148259869-25058,45-64,Male,Black
5959,148554620,148554620-25268,18-24,Male,White Hispanic
5960,149622199,149622199-25174,18-24,Male,Black
5961,149622199,149622199-25175,18-24,Male,Black
5962,149856909,149856909-25168,25-44,Male,Black
5963,149930599,149930599-25177,25-44,Male,Black
5964,150515936,150515936-25218,18-24,Male,Black
5965,150543226,150543226-25221,18-24,Male,Black
5966,150543226,150543226-25239,18-24,Male,Black
5967,150772439,150772439-25390,18-24,Male,Black
5968,150967913,150967913-25378,25-44,Male,Black Hispanic
5969,151527036,151527036-25314,45-64,Male,White Hispanic
5970,151747519,151747519-25329,25-44,Male,Black
5971,151785741,151785741-25344,<18,Male,White Hispanic
5972,151829205,151829205-25327,25-44,Male,Black
5973,152438566,152438566-25383,18-24,Male,Black
5974,152438566,152438566-25384,18-24,Male,Black
5975,152559823,152559823-25470,25-44,Male,Black
5976,152559823,152559823-26944,18-24,Male,Black Hispanic
5977,152736420,152736420-25471,25-44,Male,Black
5978,153575114,153575114-25746,25-44,Male,Black
5979,154563729,154563729-25534,25-44,Male,Black
5980,155176041,155176041-25866,25-44,Male,White Hispanic
5981,155509203,155509203-26585,18-24,Male,Black
5982,155509203,155509203-26586,18-24,Male,Black
5983,155515784,155515784-26025,25-44,Male,Black
5984,155552964,155552964-25631,45-64,Male,Black Hispanic
5985,155775760,155775760-25676,25-44,Male,White Hispanic
5986,155775760,155775760-25677,18-24,Male,Black
5987,155926279,155926279-25678,18-24,Male,White Hispanic
5988,156456019,156456019-25698,18-24,Male,Black
5989,157457579,157457579-25903,25-44,Male,White Hispanic
5990,157846245,157846245-25844,25-44,Female,White Hispanic
5991,158064300,158064300-25855,25-44,Male,Asian / Pacific Islander
5992,158273233,158273233-25874,25-44,Male,White Hispanic
5993,158455856,158455856-25911,25-44,Male,White Hispanic
5994,158455856,158455856-25912,18-24,Male,White Hispanic
5995,158685135,158685135-25969,<18,Male,Black Hispanic
5996,159060532,159060532-25950,25-44,Male,Black
5997,160327477,160327477-26058,18-24,Male,Black
5998,161767501,161767501-26128,25-44,Male,Black
5999,161767501,161767501-26129,25-44,Female,Black
6000,161767501,161767501-26130,25-44,Male,Black
6001,162945205,162945205-26217,25-44,Male,Black
6002,163842828,163842828-26261,25-44,Male,Black
6003,163842828,163842828-26373,25-44,Male,Black
6004,164351223,164351223-26295,18-24,Male,Black
6005,164422509,164422509-26294,18-24,Male,Black
6006,165264181,165264181-1,18-24,Male,Black
6007,165264360,165264360-1,25-44,Male,Black Hispanic
6008,166153603,166153603-26398,25-44,Male,Black
6009,167581877,167581877-26952,25-44,Female,White Hispanic
6010,168819244,168819244-26719,18-24,Male,White Hispanic
6011,169680544,169680544-26657,45-64,Male,Black
6012,170562010,170562010-26727,18-24,Male,Black
6013,170562010,170562010-26728,18-24,Male,Black
6014,171692495,171692495-26785,18-24,Male,Black
6015,171692495,171692495-26847,<18,Male,Black
6016,171990076,171990076-26804,18-24,Male,White Hispanic
6017,172233869,172233869-26856,25-44,Male,Black
6018,172514415,172514415-26841,25-44,Male,Black
6019,172559512,172559512-26852,25-44,Male,Black
6020,172712522,172712522-27281,<18,Male,Black
6021,173070861,173070861-26879,18-24,Male,Black
6022,173084538,173084538-26881,18-24,Male,Black
6023,173084538,173084538-26882,18-24,Male,Black
6024,173200546,173200546-26891,25-44,Male,Black Hispanic
6025,173617997,173617997-26910,25-44,Male,Black
6026,173961272,173961272-26956,25-44,Male,White Hispanic
6027,174682880,174682880-26970,45-64,Male,Black
6028,174983748,174983748-26974,18-24,Male,Black
6029,175874322,175874322-27023,25-44,Male,Black
6030,176214208,176214208-27035,25-44,Male,Black
6031,176214208,176214208-27036,25-44,Male,Black
6032,177126435,177126435-27049,25-44,Male,Black
6033,177204829,177204829-27052,25-44,Male,White Hispanic
6034,177204829,177204829-27053,18-24,Male,White Hispanic
6035,178517564,178517564-27089,Unknown,Male,Unknown
6036,182536140,182536140-27144,18-24,Male,Black
6037,183690689,183690689-27188,25-44,Male,Black
6038,184246884,184246884-27217,25-44,Male,Black
6039,184246884,184246884-27241,18-24,Male,Black
6040,184396810,184396810-27231,18-24,Male,Black
6041,185207185,185207185-27285,45-64,Male,White Hispanic
6042,185760780,185760780-27329,25-44,Male,Black
6043,185760780,185760780-27330,18-24,Male,Black
6044,185849657,185849657-27345,18-24,Male,Black
6045,186514855,186514855-27378,25-44,Male,Black
6046,187395040,187395040-1,25-44,Male,Black
6047,188524123,188524123-1,25-44,Male,Black
6048,189046706,189046706-1,25-44,Male,Black Hispanic
6049,189136470,189136470-1,<18,Male,Black
6050,189311503,189311503-1,18-24,Male,White Hispanic
6051,189311503,189311503-2,25-44,Male,White Hispanic
6052,189580001,189580001-1,25-44,Male,Black
6053,189867541,189867541-1,18-24,Male,Black
6054,189908010,189908010-1,18-24,Male,Black
6055,189908011,189908011-1,45-64,Male,Black
6056,190245037,190245037-1,45-64,Male,Black
6057,190245037,190245037-2,25-44,Male,Black Hispanic
6058,190699068,190699068-1,18-24,Male,White Hispanic
6059,190950368,190950368-1,25-44,Male,Black
6060,190950368,190950368-2,25-44,Male,Black Hispanic
6061,190950368,190950368-3,18-24,Male,Black
6062,190950368,190950368-4,25-44,Male,Black
6063,190950368,190950368-5,25-44,Male,Black
6064,191513831,191513831-1,18-24,Male,Black
6065,191951588,191951588-1,25-44,Male,Black
6066,191951588,191951588-2,18-24,Male,Black
6067,191951588,191951588-3,18-24,Male,Black
6068,192978312,192978312-1,25-44,Male,White Hispanic
6069,193160952,193160952-2,25-44,Male,Black
6070,194525844,194525844-1,18-24,Male,Black
6071,195102365,195102365-1,25-44,Male,Black
6072,196276903,196276903-1,25-44,Male,Black
6073,197016009,197016009-1,25-44,Male,Black
6074,197706724,197706724-1,25-44,Male,Black Hispanic
6075,197953462,197953462-1,18-24,Male,Black
6076,198159775,198159775-1,18-24,Male,Black
6077,198858233,198858233-1,18-24,Male,Black
6078,199134406,199134406-1,18-24,Male,Black
6079,201034737,201034737-1,<18,Male,Black
6080,201436772,201436772-1,<18,Male,White Hispanic
6081,202139996,202139996-1,25-44,Female,Black
6082,203259385,203259385-1,45-64,Male,Black
6083,204138620,204138620-1,18-24,Male,Black
6084,204294839,204294839-1,18-24,Male,Black
6085,204296334,204296334-1,25-44,Male,Black Hispanic
6086,204340073,204340073-1,25-44,Male,Unknown
6087,205748550,205748550-1,18-24,Male,Black
6088,206873687,206873687-1,25-44,Male,Black Hispanic
6089,206909664,206909664-1,25-44,Male,White Hispanic
6090,207868257,207868257-1,25-44,Male,Black Hispanic
6091,208009527,208009527-1,25-44,Male,Black
6092,208671535,208671535-1,18-24,Male,Black
6093,209531028,209531028-1,18-24,Male,Black
6094,211065733,211065733-1,25-44,Male,Black
6095,211065733,211065733-2,25-44,Male,Black
6096,211066106,211066106-1,25-44,Male,Black
6097,211362214,211362214-1,25-44,Male,Black
6098,211362214,211362214-2,45-64,Male,Black
6099,211362501,211362501-1,25-44,Male,Black
6100,211362501,211362501-2,18-24,Male,Black
6101,211896337,211896337-1,18-24,Male,Black
6102,212170021,212170021-1,45-64,Male,Black
6103,212823697,212823697-1,18-24,Male,White Hispanic
6104,213471602,213471602-1,25-44,Male,Black
6105,213471602,213471602-2,25-44,Male,Black
6106,213748377,213748377-1,25-44,Male,Black
6107,213748380,213748380-1,45-64,Male,Black
6108,214359654,214359654-1,25-44,Male,Black
6109,214513453,214513453-1,18-24,Male,White Hispanic
6110,214612429,214612429-1,18-24,Male,Black
6111,214612429,214612429-2,18-24,Male,Black
6112,214693793,214693793-1,25-44,Male,Black
6113,214948377,214948377-1,25-44,Male,Black
6114,215400688,215400688-1,18-24,Male,Black
6115,215492766,215492766-1,<18,Male,Black
6116,215776333,215776333-1,<18,Male,White Hispanic
6117,215776333,215776333-2,18-24,Male,White Hispanic
6118,215871910,215871910-1,25-44,Male,Black
6119,215925301,215925301-1,18-24,Male,Black
6120,216463653,216463653-1,25-44,Male,Black
6121,217206843,217206843-1,18-24,Male,Black
6122,217218955,217218955-1,18-24,Male,Black
6123,217406111,217406111-1,18-24,Male,Black
6124,217406111,217406111-2,25-44,Male,Black
6125,217775319,217775319-1,25-44,Male,White Hispanic
6126,218265622,218265622-1,25-44,Male,Black
6127,218777493,218777493-1,25-44,Male,Black
6128,219063828,219063828-1,<18,Male,Black
6129,219293607,219293607-1,18-24,Male,Black
6130,219368182,219368182-1,25-44,Male,White Hispanic
6131,219368182,219368182-2,18-24,Female,White Hispanic
6132,219527794,219527794-1,25-44,Male,Black
6133,219751447,219751447-1,45-64,Male,White
6134,219862701,219862701-1,18-24,Male,White Hispanic
6135,219862701,219862701-2,25-44,Male,White Hispanic
6136,219975239,219975239-1,25-44,Male,Black
6137,220154693,220154693-1,25-44,Male,Black
6138,220229018,220229018-1,18-24,Male,Black
6139,221098042,221098042-1,25-44,Male,Black
6140,221098042,221098042-2,25-44,Male,Black
6141,221100108,221100108-1,18-24,Male,Black
6142,221766736,221766736-1,45-64,Male,Black
6143,222285009,222285009-1,18-24,Male,Black
6144,222285009,222285009-2,18-24,Male,Black
6145,222526451,222526451-1,18-24,Male,Black
6146,222654690,222654690-1,<18,Male,Black
6147,222717379,222717379-2,25-44,Male,Black
6148,222717380,222717380-1,45-64,Male,Black
6149,223801321,223801321-1,25-44,Male,Black Hispanic
6150,223981489,223981489-1,18-24,Male,White Hispanic
6151,224079498,224079498-1,25-44,Male,Black
6152,224079498,224079498-2,18-24,Male,White Hispanic
6153,224079498,224079498-3,25-44,Female,White Hispanic
6154,224465139,224465139-1,18-24,Male,Black
6155,224520344,224520344-1,18-24,Male,Black
6156,225297069,225297069-1,25-44,Male,Black
6157,225485720,225485720-1,25-44,Male,Black
6158,225602529,225602529-1,25-44,Male,White Hispanic
6159,225602529,225602529-2,25-44,Male,Black
6160,226321041,226321041-1,18-24,Male,Black
6161,226445225,226445225-1,<18,Male,Black
6162,226598083,226598083-1,25-44,Male,White Hispanic
6163,226598083,226598083-2,25-44,Female,White
6164,226849321,226849321-1,<18,Male,Black
6165,227221324,227221324-1,<18,Male,Black
6166,227384909,227384909-1,<18,Male,Black
6167,227647472,227647472-1,18-24,Male,Black
6168,227647476,227647476-2,18-24,Male,Black
6169,227647476,227647476-3,18-24,Male,White Hispanic
6170,227647476,227647476-4,<18,Male,Black
6171,227953673,227953673-1,25-44,Male,Black
6172,227953673,227953673-2,25-44,Male,Black
6173,228482608,228482608-1,<18,Male,White Hispanic
6174,228578480,228578480-1,18-24,Male,Black
6175,228918109,228918109-1,18-24,Male,Black
6176,228918111,228918111-1,25-44,Male,White Hispanic
6177,228918111,228918111-2,18-24,Male,Black Hispanic
6178,229091710,229091710-1,25-44,Female,White Hispanic
6179,229091710,229091710-2,25-44,Male,White Hispanic
6180,230287864,230287864-1,25-44,Male,Black
6181,231005014,231005014-1,25-44,Male,Black
6182,231047708,231047708-1,<18,Male,Black
6183,231186871,231186871-1,<18,Male,Black Hispanic
6184,231190175,231190175-1,25-44,Male,Black
6185,231941262,231941262-1,25-44,Male,Black
6186,232188182,232188182-1,45-64,Male,Black
6187,232444801,232444801-1,18-24,Male,Black Hispanic
6188,232888020,232888020-1,25-44,Female,Black
6189,233149851,233149851-2,18-24,Male,Black
6190,233149851,233149851-3,18-24,Male,White Hispanic
6191,233253729,233253729-1,25-44,Male,Black
6192,233762540,233762540-1,<18,Male,White Hispanic
6193,234109824,234109824-1,25-44,Male,Black
6194,234482345,234482345-1,25-44,Male,Black
6195,234613228,234613228-1,18-24,Male,Black
6196,234786237,234786237-1,25-44,Male,Black
6197,234881292,234881292-1,25-44,Male,Black
6198,235590827,235590827-1,25-44,Male,Black
6199,235637134,235637134-1,25-44,Male,Black
6200,237362977,237362977-1,25-44,Male,Black Hispanic
6201,237712312,237712312-1,25-44,Male,Black
6202,237712312,237712312-2,25-44,Female,Black
6203,237963146,237963146-1,18-24,Male,Black Hispanic
6204,238104586,238104586-1,25-44,Female,Black
6205,238181421,238181421-1,25-44,Male,White Hispanic
6206,238533195,238533195-1,<18,Male,Black
6207,239123817,239123817-1,25-44,Male,Black
6208,239127425,239127425-1,25-44,Male,White Hispanic
6209,239127425,239127425-2,25-44,Male,White Hispanic
6210,239127425,239127425-3,25-44,Male,White Hispanic
6211,240174759,240174759-1,18-24,Male,Black
6212,240321243,240321243-1,25-44,Male,Black
6213,241233404,241233404-1,18-24,Male,White Hispanic
6214,241370055,241370055-1,18-24,Male,Black
6215,241370055,241370055-2,<18,Male,Black
6216,241640928,241640928-1,18-24,Male,White Hispanic
6217,241640928,241640928-2,18-24,Male,Black Hispanic
6218,241640928,241640928-3,18-24,Male,Black Hispanic
6219,242017514,242017514-1,25-44,Male,White Hispanic
6220,242268292,242268292-1,<18,Male,Black
6221,242815275,242815275-1,<18,Male,Black
6222,242928612,242928612-1,25-44,Male,White Hispanic
6223,243113877,243113877-1,<18,Male,Black
6224,243566422,243566422-1,<18,Male,Black
6225,243630081,243630081-1,25-44,Female,White Hispanic
6226,243630081,243630081-2,25-44,Male,White Hispanic
6227,243767592,243767592-1,18-24,Male,Black
6228,244088128,244088128-1,25-44,Male,Black
6229,244106023,244106023-1,18-24,Male,Black Hispanic
6230,244106023,244106023-2,25-44,Male,White Hispanic
6231,49834899,49834899-15163,Unknown,Unknown,Unknown
6232,49913260,49913260-15166,18-24,Male,White Hispanic
6233,49955963,49955963-15145,18-24,Male,Black
6234,49955964,49955964-15150,Unknown,Male,Black
6235,50070601,50070601-15178,18-24,Male,Black
6236,50070601,50070601-15276,25-44,Male,Asian / Pacific Islander
6237,50122010,50122010-15379,25-44,Male,White Hispanic
6238,50142668,50142668-15190,Unknown,Male,Black
6239,50163471,50163471-15192,Unknown,Unknown,Unknown
6240,50459045,50459045-15261,18-24,Male,Black
6241,50479068,50479068-15256,Unknown,Unknown,Unknown
6242,50499449,50499449-15259,18-24,Male,Black
6243,50499450,50499450-15472,Unknown,Male,Black
6244,50685004,50685004-15315,18-24,Male,Black
6245,50685005,50685005-15319,Unknown,Unknown,Unknown
6246,50885243,50885243-15360,Unknown,Male,Black Hispanic
6247,51110046,51110046-15418,18-24,Male,Black
6248,51338338,51338338-26812,25-44,Male,Black Hispanic
6249,51517668,51517668-15463,Unknown,Male,Black
6250,51559642,51559642-15553,Unknown,Unknown,Unknown
6251,51578429,51578429-15457,<18,Male,Black
6252,51599982,51599982-15657,18-24,Male,Black
6253,51745760,51745760-15512,18-24,Male,Black
6254,51816577,51816577-15728,25-44,Male,White Hispanic
6255,51916045,51916045-15545,Unknown,Male,Black
6256,51916045,51916045-15626,Unknown,Male,Black
6257,51937493,51937493-15798,Unknown,Unknown,Unknown
6258,51981957,51981957-15558,25-44,Male,Black
6259,51981957,51981957-15559,18-24,Male,Black
6260,52314724,52314724-15679,Unknown,Unknown,Unknown
6261,52512783,52512783-15706,Unknown,Unknown,Unknown
6262,52582193,52582193-15718,18-24,Male,Black
6263,52661601,52661601-15742,<18,Male,Black
6264,52721893,52721893-15738,18-24,Male,Black
6265,53847339,53847339-15761,Unknown,Male,Black
6266,54035524,54035524-15800,Unknown,Male,Black
6267,54179958,54179958-15841,25-44,Male,Black
6268,54324352,54324352-15864,Unknown,Male,Black Hispanic
6269,54784464,54784464-15940,25-44,Male,White Hispanic
6270,54858245,54858245-15955,18-24,Male,Black
6271,54942500,54942500-15965,Unknown,Male,Black
6272,55177456,55177456-16063,18-24,Male,Black
6273,55177456,55177456-16064,Unknown,Male,Black
6274,55256119,55256119-16037,25-44,Male,Black
6275,55322803,55322803-16087,Unknown,Unknown,Unknown
6276,55322803,55322803-16088,Unknown,Unknown,Unknown
6277,55432890,55432890-16108,Unknown,Unknown,Unknown
6278,55581508,55581508-16136,Unknown,Male,Black
6279,55823067,55823067-16160,Unknown,Male,White Hispanic
6280,55953377,55953377-16195,Unknown,Unknown,Unknown
6281,55976672,55976672-16260,25-44,Male,Black
6282,55997851,55997851-16197,25-44,Male,Black
6283,56118628,56118628-16224,25-44,Male,Black
6284,57325751,57325751-17160,18-24,Male,Black
6285,57325751,57325751-17260,18-24,Male,Black
6286,58995645,58995645-16336,18-24,Male,Black
6287,58995645,58995645-16380,18-24,Male,Black Hispanic
6288,59146532,59146532-16356,25-44,Male,Black
6289,59146532,59146532-16357,45-64,Male,White Hispanic
6290,59146534,59146534-16363,18-24,Male,Black Hispanic
6291,59146534,59146534-16364,25-44,Male,Black
6292,59146534,59146534-16365,18-24,Male,Black
6293,59193402,59193402-16381,Unknown,Unknown,Unknown
6294,59218196,59218196-16379,Unknown,Male,Black
6295,59390967,59390967-16386,25-44,Male,Black
6296,59516114,59516114-16409,25-44,Male,Black
6297,59801052,59801052-16442,Unknown,Unknown,Unknown
6298,59930744,59930744-16456,18-24,Male,Black
6299,59930747,59930747-16457,45-64,Male,Black
6300,59965613,59965613-16479,Unknown,Male,Black
6301,60097573,60097573-16527,Unknown,Male,Black
6302,60217266,60217266-16517,18-24,Male,Black
6303,60291488,60291488-16508,Unknown,Male,Unknown
6304,60481423,60481423-16703,18-24,Male,Black
6305,60924262,60924262-16620,Unknown,Male,Black
6306,60954928,60954928-16579,Unknown,Male,Unknown
6307,61170265,61170265-16621,25-44,Male,Black
6308,61193109,61193109-16608,<18,Male,Black
6309,61193109,61193109-16672,<18,Male,Black
6310,61400096,61400096-16659,25-44,Male,White Hispanic
6311,61593631,61593631-16787,18-24,Male,Black
6312,61640135,61640135-16704,Unknown,Male,Unknown
6313,61978647,61978647-16765,Unknown,Unknown,Unknown
6314,61978648,61978648-16794,25-44,Male,Black
6315,62122831,62122831-16779,25-44,Male,Black
6316,62122831,62122831-16949,25-44,Male,Black
6317,62122831,62122831-16952,18-24,Male,Black
6318,62583835,62583835-16889,18-24,Male,Black
6319,62599781,62599781-16915,18-24,Male,Black
6320,62746078,62746078-16930,18-24,Male,White Hispanic
6321,62746078,62746078-17690,18-24,Male,White Hispanic
6322,62773198,62773198-16958,Unknown,Unknown,Unknown
6323,62918329,62918329-16967,Unknown,Male,Black
6324,62918329,62918329-16968,Unknown,Male,Black
6325,62927378,62927378-17326,Unknown,Unknown,Unknown
6326,63148407,63148407-17023,25-44,Male,Black
6327,63429558,63429558-17076,18-24,Male,Black
6328,63506642,63506642-17122,<18,Male,Black
6329,63515978,63515978-17131,Unknown,Male,Black
6330,63656616,63656616-17256,25-44,Male,Black
6331,63701929,63701929-17327,Unknown,Unknown,Unknown
6332,63807974,63807974-17245,<18,Male,Black
6333,63861970,63861970-17142,18-24,Male,Black
6334,63998465,63998465-17161,Unknown,Male,Black
6335,64116659,64116659-17184,Unknown,Male,Black Hispanic
6336,64116659,64116659-17315,Unknown,Male,Black Hispanic
6337,64116659,64116659-17316,Unknown,Male,Black Hispanic
6338,64239531,64239531-17213,Unknown,Male,Black
6339,64297171,64297171-17239,Unknown,Unknown,Unknown
6340,64529970,64529970-17303,25-44,Male,Black
6341,64751905,64751905-17361,25-44,Male,Black
6342,64773497,64773497-17352,Unknown,Unknown,Unknown
6343,64797700,64797700-17439,18-24,Male,Black
6344,64951005,64951005-17390,18-24,Male,Black
6345,64951005,64951005-17537,18-24,Male,Black
6346,65046113,65046113-17405,25-44,Male,Black
6347,65077476,65077476-17412,25-44,Male,White Hispanic
6348,65077476,65077476-17510,25-44,Male,White Hispanic
6349,65077476,65077476-17511,18-24,Male,Black Hispanic
6350,65077476,65077476-17512,25-44,Male,Black Hispanic
6351,65192507,65192507-17423,25-44,Male,Black
6352,65276038,65276038-17451,Unknown,Unknown,Unknown
6353,65292703,65292703-17441,18-24,Male,Black
6354,65296620,65296620-17442,Unknown,Unknown,Unknown
6355,65404464,65404464-17455,25-44,Male,Black
6356,65442796,65442796-17456,Unknown,Male,Black
6357,65575827,65575827-17479,Unknown,Unknown,Unknown
6358,65602676,65602676-17478,Unknown,Unknown,Unknown
6359,65636446,65636446-20011,25-44,Male,Black
6360,65636446,65636446-20054,18-24,Male,Black Hispanic
6361,65636446,65636446-21170,25-44,Male,Black
6362,65768224,65768224-24911,25-44,Male,Black Hispanic
6363,66027999,66027999-17550,18-24,Male,White Hispanic
6364,66030256,66030256-17551,18-24,Male,Black
6365,66217185,66217185-17602,Unknown,Unknown,Unknown
6366,66307353,66307353-17610,18-24,Male,Black
6367,66307353,66307353-17695,18-24,Male,Black
6368,66307353,66307353-17696,18-24,Male,Black
6369,66351739,66351739-17613,Unknown,Male,Black
6370,66629758,66629758-17627,Unknown,Unknown,Unknown
6371,66629758,66629758-18147,25-44,Male,Black
6372,66629758,66629758-20837,25-44,Male,Black
6373,66957864,66957864-17691,Unknown,Male,Black
6374,66957864,66957864-18590,25-44,Male,Black
6375,67131199,67131199-17727,Unknown,Unknown,Unknown
6376,67147839,67147839-17716,Unknown,Unknown,Unknown
6377,67246165,67246165-17741,65+,Male,White
6378,67297136,67297136-17748,Unknown,Male,Black
6379,67382494,67382494-17763,25-44,Male,White Hispanic
6380,67824206,67824206-17822,Unknown,Unknown,Unknown
6381,67847584,67847584-17827,Unknown,Unknown,Unknown
6382,67877801,67877801-17825,Unknown,Unknown,Unknown
6383,67893446,67893446-17837,25-44,Male,Black
6384,68276791,68276791-17901,Unknown,Unknown,Unknown
6385,68326102,68326102-17893,<18,Male,Black
6386,68344482,68344482-17914,Unknown,Unknown,Unknown
6387,69020253,69020253-18017,18-24,Male,Black
6388,69420482,69420482-18034,25-44,Male,Asian / Pacific Islander
6389,69665449,69665449-18064,Unknown,Male,Black
6390,69758510,69758510-18067,18-24,Male,White Hispanic
6391,69969237,69969237-18116,Unknown,Male,Black
6392,71033474,71033474-18159,18-24,Male,Black
6393,71608994,71608994-18289,18-24,Male,Black
6394,72135756,72135756-18936,25-44,Male,Black
6395,72155699,72155699-18450,Unknown,Unknown,Unknown
6396,72272474,72272474-18496,25-44,Male,Black Hispanic
6397,72378936,72378936-18533,25-44,Male,Black
6398,72380737,72380737-18535,Unknown,Male,Black
6399,72399346,72399346-18536,Unknown,Male,Black
6400,72456339,72456339-18589,Unknown,Male,Black
6401,72522656,72522656-18623,25-44,Male,Unknown
6402,72667449,72667449-18644,18-24,Male,Black
6403,72744266,72744266-19225,25-44,Male,Black Hispanic
6404,72806027,72806027-18657,18-24,Male,Black
6405,72939623,72939623-18695,Unknown,Male,Black
6406,72939623,72939623-18696,Unknown,Male,Black
6407,73017572,73017572-18709,Unknown,Male,Asian / Pacific Islander
6408,73017572,73017572-18710,Unknown,Male,Black
6409,73017572,73017572-18711,Unknown,Male,Black
6410,73308903,73308903-18765,Unknown,Unknown,Unknown
6411,73405771,73405771-18802,<18,Male,Black
6412,73421242,73421242-18809,18-24,Male,Black
6413,73427098,73427098-18812,18-24,Male,Black
6414,73433696,73433696-22473,18-24,Male,White Hispanic
6415,73473795,73473795-18832,18-24,Male,Black Hispanic
6416,73478864,73478864-18836,25-44,Male,Asian / Pacific Islander
6417,73618605,73618605-18998,25-44,Male,Unknown
6418,73684491,73684491-18892,25-44,Male,Black
6419,73718422,73718422-18972,<18,Male,Black
6420,73812301,73812301-19179,25-44,Male,Black
6421,73822406,73822406-19037,Unknown,Male,Black
6422,74044370,74044370-19013,25-44,Male,Black
6423,74044370,74044370-19031,18-24,Male,Black
6424,74064452,74064452-19190,45-64,Male,White
6425,74070516,74070516-19023,Unknown,Unknown,Unknown
6426,74081463,74081463-19025,25-44,Male,Black
6427,74252834,74252834-19146,18-24,Male,Black
6428,74252834,74252834-19187,18-24,Male,Black
6429,74252834,74252834-19654,18-24,Male,Black Hispanic
6430,74324306,74324306-19168,25-44,Male,Black
6431,74462503,74462503-19359,18-24,Male,Black
6432,74883745,74883745-19332,18-24,Male,Black
6433,74883745,74883745-19500,18-24,Male,Black
6434,74945140,74945140-19303,25-44,Male,Black
6435,74989383,74989383-19312,Unknown,Unknown,Unknown
6436,75356376,75356376-19430,25-44,Male,Black
6437,75356376,75356376-21302,25-44,Male,Black
6438,75506782,75506782-19852,25-44,Male,Black
6439,75707811,75707811-19647,18-24,Male,Black
6440,75726379,75726379-19506,45-64,Male,Black
6441,76002321,76002321-19565,Unknown,Male,Black
6442,76663358,76663358-19712,18-24,Male,Black
6443,77071098,77071098-19706,25-44,Male,Black
6444,77071098,77071098-19789,18-24,Male,Black
6445,77087679,77087679-19726,18-24,Male,White Hispanic
6446,77173981,77173981-19733,18-24,Male,White Hispanic
6447,77581756,77581756-19831,18-24,Male,White Hispanic
6448,77616848,77616848-20341,18-24,Male,Black
6449,77690758,77690758-19857,18-24,Male,Black
6450,77913500,77913500-19929,18-24,Male,Black
6451,77913500,77913500-19930,18-24,Male,Black
6452,78040625,78040625-19952,25-44,Male,Black
6453,78157307,78157307-20088,18-24,Male,Black Hispanic
6454,78180050,78180050-19958,18-24,Male,Black
6455,78644240,78644240-20067,18-24,Male,Black
6456,78644240,78644240-20101,18-24,Male,Black
6457,78696032,78696032-20082,18-24,Male,Black
6458,79008483,79008483-20156,25-44,Male,Black
6459,79032866,79032866-20314,18-24,Male,Black
6460,79360210,79360210-20366,18-24,Male,Black Hispanic
6461,79360210,79360210-23614,18-24,Male,Black Hispanic
6462,79378079,79378079-25266,25-44,Male,White Hispanic
6463,79551427,79551427-20269,25-44,Male,Black
6464,79596297,79596297-21012,25-44,Male,Black
6465,79631691,79631691-21250,18-24,Male,Black
6466,79636121,79636121-20300,Unknown,Unknown,Unknown
6467,79818293,79818293-20363,18-24,Male,Black
6468,80157554,80157554-20515,45-64,Male,Black Hispanic
6469,80175376,80175376-22452,18-24,Male,Black
6470,80432270,80432270-20597,18-24,Male,Black
6471,80626661,80626661-20688,18-24,Male,Black
6472,80722904,80722904-20708,18-24,Male,Black
6473,80791119,80791119-20722,25-44,Male,Black
6474,80991313,80991313-20794,45-64,Male,Black
6475,80991313,80991313-20795,45-64,Male,Black
6476,81195667,81195667-20840,25-44,Male,Black
6477,81502772,81502772-21928,25-44,Male,White Hispanic
6478,82122312,82122312-21051,25-44,Male,White Hispanic
6479,82295027,82295027-21100,18-24,Male,Black Hispanic
6480,82411146,82411146-21288,18-24,Male,Black
6481,82445117,82445117-21136,18-24,Male,Black
6482,82751991,82751991-21289,25-44,Male,Black
6483,82803998,82803998-21205,<18,Male,Black
6484,82854387,82854387-21208,<18,Male,White Hispanic
6485,82934288,82934288-21230,18-24,Male,White Hispanic
6486,82944115,82944115-21327,25-44,Male,Black
6487,83000605,83000605-21244,18-24,Male,Black
6488,83005768,83005768-21346,18-24,Male,Black
6489,83110563,83110563-21382,18-24,Male,Black
6490,83292062,83292062-21309,<18,Male,White Hispanic
6491,83635490,83635490-22218,18-24,Male,Black
6492,83706103,83706103-21372,18-24,Male,Black
6493,83961050,83961050-21433,18-24,Male,Black
6494,84093118,84093118-21454,25-44,Male,White Hispanic
6495,84093118,84093118-21455,18-24,Male,White Hispanic
6496,84250039,84250039-21558,25-44,Male,Black
6497,84250039,84250039-21559,18-24,Male,Black
6498,84562905,84562905-21540,25-44,Male,Black
6499,84562905,84562905-21541,25-44,Male,Black
6500,84662257,84662257-21555,45-64,Male,White
6501,84716844,84716844-21564,25-44,Male,Black
6502,84790122,84790122-21626,25-44,Male,White
6503,85364447,85364447-21789,25-44,Male,Black Hispanic
6504,85423529,85423529-21711,18-24,Male,Black
6505,85540066,85540066-21733,25-44,Male,Black
6506,85576229,85576229-21742,65+,Male,Black
6507,85590048,85590048-21792,18-24,Male,Black
6508,85606193,85606193-22056,25-44,Male,Black
6509,85606193,85606193-22057,25-44,Male,Black
6510,85649022,85649022-21778,18-24,Male,Black
6511,85721501,85721501-21787,<18,Male,Black
6512,85721501,85721501-21788,<18,Male,Black
6513,86071519,86071519-21877,18-24,Male,Black
6514,86093517,86093517-21873,<18,Male,Black
6515,86240646,86240646-21912,<18,Male,Black
6516,86374479,86374479-21985,25-44,Male,Black Hispanic
6517,86437258,86437258-22005,25-44,Male,Black
6518,86437258,86437258-22120,18-24,Male,White Hispanic
6519,86437258,86437258-22121,18-24,Male,White Hispanic
6520,86437258,86437258-22122,18-24,Male,Black
6521,86437258,86437258-22123,18-24,Male,Black
6522,86488537,86488537-21958,25-44,Male,Black
6523,86887456,86887456-22385,18-24,Male,Black
6524,87492234,87492234-22254,18-24,Male,Black
6525,87580131,87580131-22414,18-24,Male,Black
6526,87759838,87759838-22562,18-24,Unknown,Unknown
6527,87921946,87921946-22253,18-24,Male,White Hispanic
6528,88107381,88107381-22280,18-24,Male,Black
6529,88383478,88383478-22526,18-24,Male,Black
6530,88543720,88543720-22386,18-24,Male,Black
6531,89984679,89984679-22594,25-44,Male,Black
6532,90128859,90128859-22609,25-44,Female,Black
6533,90141580,90141580-23094,Unknown,Male,Black
6534,90242929,90242929-22686,25-44,Male,Black
6535,90312206,90312206-22702,18-24,Male,Black
6536,90460258,90460258-22655,25-44,Male,Black Hispanic
6537,90710951,90710951-22703,<18,Male,Black
6538,90710951,90710951-22705,18-24,Male,Black
6539,90710951,90710951-23768,<18,Male,Black
6540,90814680,90814680-23247,18-24,Male,Black Hispanic
6541,90938206,90938206-22729,18-24,Male,Black
6542,91229006,91229006-22772,25-44,Male,Black
6543,91404968,91404968-22795,65+,Male,Black
6544,91499469,91499469-22808,18-24,Male,Black
6545,91589681,91589681-22826,25-44,Male,Black
6546,91617291,91617291-22976,25-44,Male,Black
6547,91617292,91617292-22830,18-24,Male,Black Hispanic
6548,91727938,91727938-22856,25-44,Male,Black
6549,91834112,91834112-22857,18-24,Male,White Hispanic
6550,91892116,91892116-23025,25-44,Female,White Hispanic
6551,92175188,92175188-22910,18-24,Male,Black
6552,92175188,92175188-22914,25-44,Male,Black
6553,92597744,92597744-23255,18-24,Male,White Hispanic
6554,92673374,92673374-23000,25-44,Male,Black
6555,92728168,92728168-23018,18-24,Male,White Hispanic
6556,93386808,93386808-23127,18-24,Male,White Hispanic
6557,93853480,93853480-23237,25-44,Male,Black Hispanic
6558,93867899,93867899-23443,18-24,Male,Black
6559,93924057,93924057-23224,<18,Male,Black
6560,93979264,93979264-23220,18-24,Male,Black
6561,93979264,93979264-23302,25-44,Male,Black
6562,94046068,94046068-23412,18-24,Male,Black
6563,94046068,94046068-23413,18-24,Female,Asian / Pacific Islander
6564,94146873,94146873-23241,25-44,Male,Asian / Pacific Islander
6565,94146873,94146873-24013,25-44,Male,White Hispanic
6566,94179656,94179656-23251,18-24,Male,White Hispanic
6567,94179657,94179657-23256,18-24,Male,Black
6568,94250212,94250212-23269,18-24,Male,Black
6569,94417218,94417218-23313,25-44,Male,Black
6570,95109831,95109831-23389,25-44,Male,Black
6571,109340976,109340976-23476,25-44,Male,Black
6572,109374378,109374378-23484,18-24,Male,Black
6573,109374378,109374378-23668,25-44,Male,White Hispanic
6574,109450708,109450708-23494,18-24,Male,White Hispanic
6575,109521344,109521344-23507,18-24,Male,White Hispanic
6576,109632649,109632649-23522,45-64,Male,Black
6577,109667603,109667603-25084,25-44,Male,Black
6578,136431202,136431202-24129,25-44,Male,White Hispanic
6579,136536646,136536646-23655,<18,Male,Unknown
6580,136825217,136825217-24020,<18,Male,Black
6581,137137063,137137063-23671,<18,Male,White Hispanic
6582,137143002,137143002-23672,18-24,Male,White Hispanic
6583,137297907,137297907-23684,25-44,Male,Black
6584,137318242,137318242-23702,25-44,Male,White Hispanic
6585,137471051,137471051-23708,25-44,Male,Black
6586,137696451,137696451-24197,18-24,Male,Black
6587,137696451,137696451-24198,18-24,Male,Black
6588,137696451,137696451-24199,18-24,Male,Black
6589,137696451,137696451-24200,18-24,Male,Black
6590,137721807,137721807-23744,18-24,Male,Black
6591,137804316,137804316-23776,25-44,Male,Black
6592,137869991,137869991-23757,45-64,Male,Black
6593,137869991,137869991-23879,45-64,Male,Black
6594,137980529,137980529-23775,18-24,Male,Black
6595,138027222,138027222-23797,25-44,Male,Black
6596,138027501,138027501-23825,18-24,Male,White Hispanic
6597,138076632,138076632-23839,25-44,Male,Black
6598,138076632,138076632-23840,25-44,Male,Black
6599,138076632,138076632-23841,18-24,Male,Black
6600,138076632,138076632-23842,25-44,Male,Black
6601,138145500,138145500-23800,18-24,Male,Black
6602,138145500,138145500-23805,<18,Female,Black
6603,138154761,138154761-25392,18-24,Male,Black
6604,138322728,138322728-23902,25-44,Male,Black
6605,138811934,138811934-1,25-44,Male,Black
6606,138996869,138996869-23983,18-24,Male,Black Hispanic
6607,139015128,139015128-23956,18-24,Male,Black
6608,139183169,139183169-24299,25-44,Male,Black Hispanic
6609,139409357,139409357-24193,25-44,Male,Asian / Pacific Islander
6610,139515877,139515877-24087,18-24,Male,Black
6611,140156333,140156333-24142,25-44,Male,Black Hispanic
6612,140228389,140228389-24152,18-24,Male,Black
6613,140273186,140273186-24165,25-44,Male,Black
6614,140302379,140302379-24996,18-24,Male,Black Hispanic
6615,140318410,140318410-24170,25-44,Male,Black
6616,140318410,140318410-24172,18-24,Male,Black Hispanic
6617,140396316,140396316-24690,25-44,Male,White
6618,140396316,140396316-24691,25-44,Male,Black
6619,140452154,140452154-24241,18-24,Male,White Hispanic
6620,140452154,140452154-24496,25-44,Male,Asian / Pacific Islander
6621,140509861,140509861-24243,<18,Male,Black
6622,140643796,140643796-24247,25-44,Male,Black
6623,140690269,140690269-24383,18-24,Male,Black
6624,141058911,141058911-24815,18-24,Male,Black Hispanic
6625,141298011,141298011-24926,18-24,Male,Black
6626,141592103,141592103-24426,18-24,Male,Black
6627,141592103,141592103-24938,<18,Male,Black
6628,141769811,141769811-24454,18-24,Male,Black
6629,141769811,141769811-24455,18-24,Male,Black
6630,142091375,142091375-24403,25-44,Male,Black Hispanic
6631,142246693,142246693-24417,18-24,Male,Black
6632,142247298,142247298-24429,18-24,Male,Black
6633,142247968,142247968-24444,18-24,Male,Black Hispanic
6634,142814195,142814195-24860,18-24,Male,Black
6635,142814195,142814195-24861,18-24,Male,Black
6636,143250267,143250267-24514,25-44,Male,Black
6637,143334353,143334353-24522,Unknown,Unknown,Unknown
6638,143582956,143582956-24539,25-44,Male,White Hispanic
6639,143677650,143677650-24754,Unknown,Unknown,Unknown
6640,144165948,144165948-24666,25-44,Male,Black
6641,144357837,144357837-24618,18-24,Male,Black
6642,144548077,144548077-24640,18-24,Male,Black
6643,144641158,144641158-24646,18-24,Male,Black
6644,144667471,144667471-24687,18-24,Male,Black
6645,144813139,144813139-24665,25-44,Male,Black
6646,145313504,145313504-24723,25-44,Male,Black
6647,145313504,145313504-24758,25-44,Male,Black
6648,145660039,145660039-24743,<18,Male,Black
6649,145942389,145942389-25447,18-24,Male,Black
6650,145942389,145942389-25703,25-44,Male,Black
6651,145942389,145942389-25704,18-24,Male,Black
6652,145942389,145942389-25705,18-24,Male,Black
6653,146291688,146291688-25386,25-44,Male,Black
6654,146848885,146848885-25182,25-44,Male,Black
6655,147395065,147395065-24980,25-44,Male,Black
6656,147395065,147395065-24981,<18,Male,Black
6657,147395065,147395065-24982,<18,Male,Black
6658,147824893,147824893-25018,25-44,Male,Black
6659,147981955,147981955-25040,25-44,Male,Black
6660,148363829,148363829-25126,45-64,Male,Asian / Pacific Islander
6661,148554619,148554619-25093,25-44,Male,White Hispanic
6662,148712781,148712781-1,25-44,Male,Black
6663,148726134,148726134-25109,18-24,Male,Black Hispanic
6664,148726134,148726134-25110,18-24,Male,Black Hispanic
6665,148853414,148853414-26409,18-24,Male,Black
6666,148922656,148922656-26290,25-44,Male,Black
6667,148922656,148922656-26291,25-44,Male,Black
6668,148922656,148922656-26292,25-44,Male,Black
6669,148922656,148922656-26333,25-44,Male,White Hispanic
6670,149930601,149930601-25184,25-44,Male,Black
6671,150370918,150370918-1,25-44,Male,Black
6672,150370918,150370918-25491,25-44,Male,Black
6673,150772440,150772440-25233,25-44,Male,Black
6674,151729425,151729425-25393,<18,Male,White Hispanic
6675,151901843,151901843-25374,<18,Male,Black
6676,152007176,152007176-25340,18-24,Male,Black
6677,152868710,152868710-25408,25-44,Male,Black
6678,153117959,153117959-25421,25-44,Male,Black
6679,153129111,153129111-25425,<18,Male,Black Hispanic
6680,153575116,153575116-25460,18-24,Male,Black
6681,153710638,153710638-25523,18-24,Male,White Hispanic
6682,153907444,153907444-27084,45-64,Male,Black
6683,154049398,154049398-26248,25-44,Male,Black
6684,154080951,154080951-25501,25-44,Male,Black
6685,154138078,154138078-25529,25-44,Male,White Hispanic
6686,154138078,154138078-25530,18-24,Female,White Hispanic
6687,155372445,155372445-25858,18-24,Male,Black
6688,155433812,155433812-25674,18-24,Male,Black
6689,155433812,155433812-25675,18-24,Male,Black
6690,155433812,155433812-26021,25-44,Male,Black Hispanic
6691,155433812,155433812-26034,18-24,Male,Black
6692,155509199,155509199-25626,25-44,Male,Black
6693,155577959,155577959-25639,25-44,Male,White Hispanic
6694,156435307,156435307-1,25-44,Male,Black
6695,156521267,156521267-26331,25-44,Male,Black
6696,157093740,157093740-25815,<18,Male,Black
6697,157551383,157551383-25836,45-64,Male,Black
6698,157789788,157789788-25906,25-44,Male,Black Hispanic
6699,157961866,157961866-25853,25-44,Male,Black
6700,158064294,158064294-25864,18-24,Male,Black
6701,158263709,158263709-25876,18-24,Male,Black
6702,158873310,158873310-25946,25-44,Male,Black Hispanic
6703,158913906,158913906-25947,25-44,Male,Black
6704,158913906,158913906-25948,25-44,Male,Black
6705,159053822,159053822-26007,45-64,Male,White Hispanic
6706,159179866,159179866-25976,25-44,Male,Black
6707,159179866,159179866-25982,18-24,Male,Black Hispanic
6708,159203711,159203711-26086,18-24,Male,Black
6709,159827171,159827171-26036,25-44,Male,Black
6710,161448634,161448634-26093,18-24,Male,Black
6711,162117422,162117422-26142,25-44,Male,Black Hispanic
6712,162117422,162117422-26143,25-44,Male,White Hispanic
6713,162846105,162846105-26256,<18,Male,Black
6714,163254814,163254814-26222,25-44,Male,Black
6715,163479604,163479604-26247,25-44,Male,Black
6716,163631336,163631336-26252,18-24,Male,Black
6717,163631339,163631339-26241,18-24,Male,Black
6718,163657066,163657066-26262,<18,Male,Black
6719,164301447,164301447-26818,25-44,Male,Black
6720,164665737,164665737-26313,25-44,Male,Black
6721,165387255,165387255-26520,25-44,Male,White Hispanic
6722,165387255,165387255-26521,18-24,Male,White Hispanic
6723,165531428,165531428-26375,25-44,Male,White Hispanic
6724,166660835,166660835-26441,25-44,Male,Black
6725,167121203,167121203-26485,25-44,Male,Black
6726,167328740,167328740-26688,25-44,Male,Black
6727,167475066,167475066-26510,65+,Male,Black
6728,167754135,167754135-26547,25-44,Male,Black
6729,168080336,168080336-26554,18-24,Male,Black
6730,168152712,168152712-26567,25-44,Male,Black
6731,168631299,168631299-26608,18-24,Male,Black
6732,169180024,169180024-26700,18-24,Male,Black
6733,169454925,169454925-27213,<18,Male,Black
6734,170595431,170595431-26747,18-24,Male,Black
6735,170620027,170620027-26766,25-44,Male,White Hispanic
6736,173247368,173247368-27048,25-44,Male,Black
6737,173354054,173354054-1,25-44,Male,Black
6738,173354054,173354054-26895,18-24,Male,White Hispanic
6739,173354054,173354054-26901,18-24,Male,Black
6740,173354054,173354054-26902,18-24,Male,Black
6741,174210302,174210302-26949,<18,Male,Black
6742,175773151,175773151-27029,18-24,Male,Black
6743,176681708,176681708-27050,25-44,Male,Black
6744,177204826,177204826-27085,<18,Male,Black
6745,177204826,177204826-27199,18-24,Male,Black
6746,178287242,178287242-27074,25-44,Male,Black
6747,184058009,184058009-27240,45-64,Male,Black
6748,184396811,184396811-27260,25-44,Male,Black
6749,185296321,185296321-27298,18-24,Male,White Hispanic
6750,185296321,185296321-27299,18-24,Male,Black
6751,185296321,185296321-27331,18-24,Male,White Hispanic
6752,185484643,185484643-27343,25-44,Male,Black
6753,187254687,187254687-1,<18,Male,Black
6754,187676792,187676792-2,18-24,Male,Black
6755,187678245,187678245-1,25-44,Female,Black
6756,187678245,187678245-2,25-44,Female,Black
6757,187823544,187823544-1,25-44,Male,Black
6758,187954071,187954071-1,45-64,Male,Black
6759,188062789,188062789-1,25-44,Male,Unknown
6760,188485160,188485160-1,25-44,Male,White Hispanic
6761,189046703,189046703-1,<18,Male,Black Hispanic
6762,189046703,189046703-2,18-24,Male,White Hispanic
6763,189483988,189483988-1,25-44,Male,White Hispanic
6764,189483990,189483990-1,25-44,Male,Black
6765,190755624,190755624-1,25-44,Male,Black
6766,191255744,191255744-1,<18,Female,White Hispanic
6767,191255744,191255744-2,18-24,Male,White Hispanic
6768,191255744,191255744-3,18-24,Male,White Hispanic
6769,191255744,191255744-4,18-24,Male,White Hispanic
6770,191255744,191255744-5,<18,Male,White Hispanic
6771,191557604,191557604-1,45-64,Male,Black
6772,191681602,191681602-1,25-44,Male,Black
6773,192834301,192834301-1,25-44,Male,Black
6774,193602933,193602933-1,25-44,Male,Black
6775,193602933,193602933-2,25-44,Male,Black
6776,193938809,193938809-1,18-24,Male,Black
6777,194817571,194817571-1,18-24,Male,Black
6778,194859637,194859637-1,<18,Male,Black
6779,194915415,194915415-1,25-44,Male,Black
6780,194915415,194915415-2,25-44,Male,Black
6781,194915415,194915415-3,25-44,Male,Black
6782,194915415,194915415-4,25-44,Male,Black
6783,194915415,194915415-5,18-24,Male,Black
6784,194915415,194915415-6,25-44,Male,Black
6785,194915415,194915415-7,25-44,Male,Black
6786,194915415,194915415-8,25-44,Male,Black
6787,194915415,194915415-9,25-44,Male,Black
6788,194915415,194915415-10,18-24,Male,Black
6789,196043547,196043547-1,25-44,Male,Unknown
6790,196043547,196043547-2,25-44,Female,Black
6791,196630584,196630584-1,25-44,Unknown,Black
6792,197662445,197662445-1,25-44,Male,Black
6793,197953467,197953467-1,18-24,Male,Black
6794,197953467,197953467-2,<18,Male,Black
6795,198405080,198405080-1,18-24,Male,White Hispanic
6796,198705941,198705941-1,45-64,Male,Black
6797,199134402,199134402-1,25-44,Male,Asian / Pacific Islander
6798,199174260,199174260-1,25-44,Male,White Hispanic
6799,199325319,199325319-1,25-44,Male,White Hispanic
6800,199742305,199742305-1,25-44,Male,Black
6801,199744072,199744072-1,25-44,Male,Unknown
6802,199844336,199844336-1,18-24,Male,Black
6803,200099025,200099025-1,25-44,Male,White Hispanic
6804,200155033,200155033-1,18-24,Male,Black
6805,200155033,200155033-2,18-24,Male,Black
6806,200656489,200656489-1,25-44,Male,Black
6807,200668267,200668267-1,25-44,Male,Black
6808,200725655,200725655-1,<18,Male,Black
6809,201291291,201291291-1,<18,Male,Black
6810,201384510,201384510-1,25-44,Male,Black Hispanic
6811,201613990,201613990-1,18-24,Male,Black
6812,201875868,201875868-1,25-44,Male,Black
6813,203394881,203394881-1,<18,Male,Black
6814,203980164,203980164-1,45-64,Female,Black
6815,205280614,205280614-1,<18,Male,Black
6816,207572466,207572466-1,25-44,Male,Black
6817,207572466,207572466-2,25-44,Female,Black
6818,207815723,207815723-1,25-44,Male,Black
6819,208309290,208309290-1,18-24,Male,Asian / Pacific Islander
6820,208733991,208733991-1,25-44,Male,White Hispanic
6821,209281498,209281498-1,25-44,Male,Black
6822,209281498,209281498-2,25-44,Male,Black
6823,209281500,209281500-1,25-44,Male,Black
6824,209468786,209468786-1,<18,Male,White Hispanic
6825,209468786,209468786-2,18-24,Male,White Hispanic
6826,211066097,211066097-1,25-44,Male,Black
6827,211578689,211578689-1,45-64,Male,Black
6828,211855627,211855627-1,25-44,Male,Black
6829,211855627,211855627-2,25-44,Male,Black Hispanic
6830,213188087,213188087-1,18-24,Male,Black
6831,213283577,213283577-1,45-64,Male,Black Hispanic
6832,213283577,213283577-2,25-44,Male,White Hispanic
6833,213283577,213283577-3,25-44,Male,White Hispanic
6834,213471603,213471603-1,25-44,Male,Black
6835,213748379,213748379-1,18-24,Male,Black
6836,213819785,213819785-1,18-24,Male,Black Hispanic
6837,213819785,213819785-2,25-44,Male,Black
6838,213819785,213819785-3,25-44,Male,Black
6839,213942730,213942730-1,18-24,Male,Black
6840,214183640,214183640-1,25-44,Male,Black
6841,214562240,214562240-1,<18,Male,Black
6842,214608092,214608092-1,<18,Male,Black Hispanic
6843,214693512,214693512-1,18-24,Male,Black
6844,214694695,214694695-1,25-44,Male,Black
6845,215223444,215223444-1,18-24,Male,Black
6846,215223444,215223444-2,18-24,Male,Black
6847,215769252,215769252-1,18-24,Male,Black
6848,215871907,215871907-1,18-24,Male,White Hispanic
6849,215871907,215871907-2,25-44,Male,Black Hispanic
6850,215871907,215871907-3,25-44,Male,White Hispanic
6851,216209200,216209200-1,18-24,Male,Black Hispanic
6852,217209756,217209756-1,45-64,Male,White
6853,217211030,217211030-1,25-44,Male,Black Hispanic
6854,217211030,217211030-2,25-44,Male,Black
6855,217256138,217256138-1,25-44,Male,Black
6856,217540936,217540936-1,45-64,Male,White Hispanic
6857,217593702,217593702-1,25-44,Male,Black
6858,217775506,217775506-1,25-44,Male,Black
6859,217953381,217953381-1,25-44,Male,Black
6860,218392074,218392074-1,18-24,Male,Black
6861,218414845,218414845-1,25-44,Male,White Hispanic
6862,219173813,219173813-1,18-24,Male,Black
6863,219369476,219369476-1,<18,Male,Black
6864,219578468,219578468-1,18-24,Male,White Hispanic
6865,219578468,219578468-2,18-24,Male,White Hispanic
6866,219689184,219689184-1,<18,Male,Black
6867,219689185,219689185-1,25-44,Male,Black
6868,219975711,219975711-1,25-44,Male,Black
6869,219975711,219975711-2,25-44,Male,Black
6870,221098038,221098038-1,25-44,Male,Black
6871,221101963,221101963-1,25-44,Male,Black Hispanic
6872,221108947,221108947-1,25-44,Male,Black
6873,221346750,221346750-1,25-44,Male,Asian / Pacific Islander
6874,221426272,221426272-1,25-44,Male,Black
6875,221447693,221447693-1,25-44,Male,Black
6876,221447693,221447693-2,25-44,Male,Black
6877,222286862,222286862-1,18-24,Male,Black
6878,222527697,222527697-1,25-44,Male,Black
6879,222890074,222890074-1,25-44,Male,White Hispanic
6880,223203523,223203523-1,25-44,Male,Black Hispanic
6881,223297861,223297861-1,25-44,Male,Black
6882,223603560,223603560-1,18-24,Male,Black
6883,223631685,223631685-1,25-44,Male,Black
6884,223786434,223786434-1,18-24,Male,White Hispanic
6885,223786434,223786434-2,<18,Male,Black Hispanic
6886,223786434,223786434-3,18-24,Male,White Hispanic
6887,225063425,225063425-1,25-44,Male,Black
6888,225168410,225168410-1,25-44,Male,Black
6889,225929564,225929564-1,25-44,Male,White Hispanic
6890,226203715,226203715-1,25-44,Male,Black
6891,226321324,226321324-1,18-24,Male,Black
6892,226654024,226654024-1,18-24,Male,Black
6893,226654024,226654024-2,25-44,Male,Black
6894,226654024,226654024-3,18-24,Male,White Hispanic
6895,226654024,226654024-4,18-24,Male,Black
6896,226654024,226654024-5,18-24,Male,Black
6897,227221323,227221323-1,25-44,Female,Black
6898,227344212,227344212-1,25-44,Male,Black
6899,227431726,227431726-1,25-44,Male,White Hispanic
6900,227496844,227496844-1,25-44,Male,Black
6901,227497353,227497353-1,18-24,Male,Asian / Pacific Islander
6902,228257175,228257175-1,25-44,Male,Black
6903,228262995,228262995-1,18-24,Male,White Hispanic
6904,228262995,228262995-2,18-24,Male,White Hispanic
6905,228676425,228676425-1,25-44,Male,Black
6906,228865037,228865037-1,18-24,Male,Black
6907,229234204,229234204-1,18-24,Male,Black
6908,229904043,229904043-1,25-44,Male,White Hispanic
6909,230247121,230247121-1,18-24,Male,White Hispanic
6910,230247121,230247121-2,18-24,Male,Black
6911,230247121,230247121-3,18-24,Male,White Hispanic
6912,230247121,230247121-4,<18,Male,Black
6913,230247121,230247121-5,<18,Male,Black
6914,230247121,230247121-6,<18,Male,Black
6915,230276664,230276664-1,25-44,Male,Black
6916,230448647,230448647-1,25-44,Male,Black
6917,230507309,230507309-1,18-24,Male,Black
6918,230562012,230562012-1,18-24,Male,White
6919,231047259,231047259-1,25-44,Male,Black
6920,231635824,231635824-1,25-44,Male,Black
6921,231753458,231753458-1,18-24,Male,Black
6922,231944879,231944879-1,25-44,Male,Black
6923,232733332,232733332-1,18-24,Male,Black
6924,232887623,232887623-1,25-44,Male,Black
6925,232888017,232888017-1,25-44,Male,White Hispanic
6926,232933075,232933075-1,<18,Male,Black
6927,233459109,233459109-1,25-44,Male,Black Hispanic
6928,233761160,233761160-1,<18,Male,Black
6929,233790858,233790858-1,25-44,Male,Black
6930,233998220,233998220-1,18-24,Male,Black
6931,234928488,234928488-1,25-44,Male,Black
6932,235199581,235199581-1,25-44,Male,Black
6933,235199581,235199581-2,25-44,Male,Black
6934,235734508,235734508-1,18-24,Male,Black
6935,235740736,235740736-1,18-24,Male,Black
6936,235740736,235740736-2,18-24,Male,Black Hispanic
6937,235740736,235740736-3,18-24,Male,Black Hispanic
6938,235913273,235913273-1,18-24,Male,White Hispanic
6939,235962610,235962610-1,18-24,Female,White Hispanic
6940,236131899,236131899-1,25-44,Male,Black
6941,236285201,236285201-1,18-24,Male,Black
6942,236285201,236285201-2,18-24,Male,Black
6943,236325237,236325237-1,18-24,Male,Black
6944,236325239,236325239-1,25-44,Male,Black
6945,236405158,236405158-1,25-44,Male,Black
6946,236925858,236925858-1,18-24,Male,White Hispanic
6947,237278625,237278625-1,18-24,Male,Black
6948,237630150,237630150-1,18-24,Male,Black
6949,237740431,237740431-1,25-44,Male,Black
6950,237744901,237744901-1,25-44,Male,Black
6951,238483067,238483067-1,25-44,Male,Black
6952,239583450,239583450-1,25-44,Female,White Hispanic
6953,239583450,239583450-2,18-24,Male,White Hispanic
6954,239583450,239583450-3,18-24,Male,Black Hispanic
6955,239583450,239583450-4,18-24,Male,Black Hispanic
6956,239583450,239583450-5,18-24,Male,Black Hispanic
6957,49514587,49514587-15107,18-24,Male,Unknown
6958,49608038,49608038-15063,18-24,Male,White Hispanic
6959,49609150,49609150-15069,25-44,Male,White Hispanic
6960,49935065,49935065-15109,18-24,Male,Black
6961,49955962,49955962-15139,Unknown,Unknown,Unknown
6962,50122012,50122012-15189,25-44,Male,Black
6963,50142672,50142672-15214,Unknown,Unknown,Unknown
6964,50163466,50163466-15219,Unknown,Unknown,Unknown
6965,50163469,50163469-15191,18-24,Male,Black
6966,50163469,50163469-15193,18-24,Male,Black
6967,50499451,50499451-15290,25-44,Male,Black
6968,50561773,50561773-15289,<18,Male,Black
6969,50561773,50561773-15473,18-24,Male,Black
6970,50685006,50685006-15316,Unknown,Unknown,Unknown
6971,51079993,51079993-15371,Unknown,Male,Black
6972,51292619,51292619-15389,18-24,Male,Black
6973,51359389,51359389-15402,25-44,Male,Black
6974,51599979,51599979-15470,Unknown,Male,Black
6975,51599979,51599979-15471,Unknown,Male,Black
6976,51704077,51704077-15518,Unknown,Unknown,Unknown
6977,51745758,51745758-15500,25-44,Male,Black
6978,51916046,51916046-15546,Unknown,Male,Black Hispanic
6979,51981958,51981958-15587,Unknown,Unknown,Unknown
6980,52023203,52023203-15608,18-24,Male,Black
6981,52023203,52023203-15609,18-24,Male,Black
6982,52050048,52050048-15567,<18,Male,Black
6983,52144002,52144002-15600,Unknown,Male,Black
6984,52144002,52144002-15623,Unknown,Unknown,Unknown
6985,52183619,52183619-16154,25-44,Male,Black Hispanic
6986,52183620,52183620-16047,Unknown,Unknown,Unknown
6987,52409038,52409038-15671,25-44,Male,Black
6988,52550581,52550581-15707,Unknown,Male,White Hispanic
6989,52550581,52550581-15708,Unknown,Male,Black Hispanic
6990,53869940,53869940-15799,25-44,Male,Black Hispanic
6991,53869940,53869940-15846,25-44,Female,White Hispanic
6992,53937448,53937448-15777,<18,Male,Black
6993,53937448,53937448-15913,18-24,Male,Black
6994,53955255,53955255-15807,Unknown,Unknown,Unknown
6995,53955258,53955258-15789,25-44,Male,Black
6996,53955258,53955258-15790,25-44,Male,Black
6997,53982105,53982105-15925,25-44,Male,White Hispanic
6998,53982105,53982105-15926,25-44,Male,White Hispanic
6999,54011565,54011565-15791,Unknown,Male,Black
7000,54011565,54011565-15792,Unknown,Male,Black
7001,54035523,54035523-15809,25-44,Male,Black
7002,54301672,54301672-15863,<18,Male,Black
7003,54324350,54324350-15865,25-44,Male,White Hispanic
7004,54346522,54346522-15862,18-24,Male,White Hispanic
7005,54346522,54346522-15867,<18,Male,White Hispanic
7006,54535001,54535001-15888,Unknown,Male,Black
7007,54696006,54696006-16013,Unknown,Male,Black
7008,54878646,54878646-16045,Unknown,Male,Black
7009,55064111,55064111-16002,<18,Male,Black
7010,55101051,55101051-16000,Unknown,Unknown,Unknown
7011,55137457,55137457-16009,18-24,Male,Black
7012,55137457,55137457-16010,18-24,Male,Black
7013,55137457,55137457-16011,18-24,Male,Black
7014,55137457,55137457-16012,18-24,Male,Black
7015,55256115,55256115-16151,25-44,Male,Black
7016,55346827,55346827-16094,Unknown,Male,Black
7017,55346829,55346829-16092,Unknown,Male,Black
7018,55388868,55388868-16099,Unknown,Unknown,Unknown
7019,55476888,55476888-16121,18-24,Male,Black
7020,55476888,55476888-16127,18-24,Male,Black
7021,55642787,55642787-16144,25-44,Male,Black
7022,56403295,56403295-16267,Unknown,Unknown,Unknown
7023,56422558,56422558-16287,Unknown,Unknown,Unknown
7024,56422563,56422563-16288,Unknown,Unknown,Unknown
7025,56688483,56688483-16285,18-24,Male,Black
7026,56717664,56717664-16291,<18,Male,Black
7027,56717665,56717665-16297,18-24,Male,Unknown
7028,57282442,57282442-16301,18-24,Male,White Hispanic
7029,57342204,57342204-16308,25-44,Male,White Hispanic
7030,59261468,59261468-16384,Unknown,Male,Black
7031,59544686,59544686-16413,25-44,Male,White Hispanic
7032,59568269,59568269-16429,18-24,Male,Black Hispanic
7033,59615290,59615290-16423,<18,Male,Black
7034,60177687,60177687-16483,25-44,Male,Black
7035,60217265,60217265-16498,25-44,Male,Black
7036,60217265,60217265-16516,18-24,Male,Black
7037,60291489,60291489-16509,25-44,Male,Black
7038,60315459,60315459-16510,Unknown,Male,Black
7039,60481424,60481424-16539,Unknown,Male,Black
7040,60509643,60509643-16537,25-44,Male,Black
7041,60924267,60924267-16558,Unknown,Unknown,Unknown
7042,60954936,60954936-16564,18-24,Male,White Hispanic
7043,60954936,60954936-16578,25-44,Male,White Hispanic
7044,61170270,61170270-16614,<18,Male,Black
7045,61193111,61193111-16872,25-44,Male,Black
7046,61351691,61351691-16646,Unknown,Male,Black
7047,61459877,61459877-16761,18-24,Male,Black
7048,61459877,61459877-17207,Unknown,Male,Black
7049,61593633,61593633-16687,<18,Male,Black
7050,61593636,61593636-16688,Unknown,Male,Black
7051,61640134,61640134-16701,Unknown,Male,Unknown
7052,61826983,61826983-16745,18-24,Male,Black
7053,62099541,62099541-16784,Unknown,Unknown,Unknown
7054,62275548,62275548-16831,Unknown,Unknown,Unknown
7055,62342780,62342780-16852,18-24,Male,Black
7056,62615451,62615451-16913,Unknown,Unknown,Unknown
7057,62949192,62949192-17098,45-64,Male,Black
7058,62968508,62968508-17099,Unknown,Unknown,Unknown
7059,62991281,62991281-17196,Unknown,Unknown,Unknown
7060,63044781,63044781-16988,18-24,Male,Black Hispanic
7061,63072397,63072397-17198,<18,Male,Black
7062,63072397,63072397-17288,<18,Female,Black
7063,63189239,63189239-17016,18-24,Male,Black
7064,63214331,63214331-17024,Unknown,Unknown,Unknown
7065,63256141,63256141-17048,Unknown,Unknown,Unknown
7066,63311325,63311325-17054,Unknown,Male,Black
7067,63323723,63323723-17060,25-44,Male,Black
7068,63323723,63323723-17579,25-44,Male,Black
7069,63389656,63389656-17601,25-44,Male,Black
7070,63472899,63472899-17082,Unknown,Unknown,Unknown
7071,63519473,63519473-17090,18-24,Male,Black
7072,63519473,63519473-17091,Unknown,Male,Black
7073,63612192,63612192-17106,Unknown,Unknown,Unknown
7074,63814718,63814718-17137,18-24,Male,Black
7075,63861177,63861177-17141,18-24,Male,Black
7076,63861177,63861177-17279,18-24,Male,Black
7077,63885689,63885689-17147,Unknown,Male,Black
7078,63885690,63885690-17148,Unknown,Unknown,Black
7079,64297169,64297169-17220,45-64,Male,Black
7080,64297170,64297170-17221,Unknown,Unknown,Unknown
7081,64322276,64322276-17449,25-44,Male,White Hispanic
7082,64449349,64449349-17275,25-44,Male,Black
7083,64530821,64530821-17310,Unknown,Unknown,Unknown
7084,64797699,64797699-17395,Unknown,Unknown,Unknown
7085,64923487,64923487-17387,45-64,Male,Black
7086,64991686,64991686-17659,18-24,Male,Black
7087,64991686,64991686-17660,18-24,Male,Black
7088,65239203,65239203-17426,Unknown,Unknown,Unknown
7089,65270410,65270410-17430,Unknown,Unknown,Unknown
7090,65463806,65463806-17474,Unknown,Male,Black
7091,65463809,65463809-17628,18-24,Male,Black
7092,65636448,65636448-17494,Unknown,Unknown,Unknown
7093,65736596,65736596-17499,25-44,Male,Black
7094,65929830,65929830-17534,25-44,Male,Black
7095,66125717,66125717-18207,25-44,Male,Black
7096,66742131,66742131-17658,Unknown,Unknown,Unknown
7097,66851169,66851169-17673,Unknown,Unknown,Unknown
7098,66904250,66904250-17685,25-44,Male,Black
7099,67108495,67108495-17723,Unknown,Unknown,Unknown
7100,67325546,67325546-17750,Unknown,Unknown,Unknown
7101,67390154,67390154-17767,Unknown,Unknown,Unknown
7102,67536923,67536923-17781,18-24,Male,Black
7103,67536923,67536923-17922,18-24,Male,Black
7104,67583638,67583638-17784,25-44,Male,Unknown
7105,67605367,67605367-17807,18-24,Male,Black
7106,67605367,67605367-17809,25-44,Male,Black
7107,67605367,67605367-17810,25-44,Male,Black
7108,67605367,67605367-17811,25-44,Male,Black
7109,67605367,67605367-17812,18-24,Male,Black
7110,67605367,67605367-17813,18-24,Male,Black
7111,67605367,67605367-17814,18-24,Male,Black
7112,68109558,68109558-17870,Unknown,Unknown,Unknown
7113,68376156,68376156-17910,Unknown,Male,Black
7114,68444179,68444179-17918,Unknown,Unknown,Unknown
7115,68516061,68516061-17929,Unknown,Unknown,Unknown
7116,68609811,68609811-17937,Unknown,Unknown,Unknown
7117,68609813,68609813-17939,18-24,Female,American Indian/Alaskan Native
7118,69027037,69027037-17975,Unknown,Unknown,Unknown
7119,69223004,69223004-17990,18-24,Male,Black
7120,69297261,69297261-18015,18-24,Male,Unknown
7121,69643420,69643420-18063,18-24,Male,Black
7122,69643420,69643420-18183,18-24,Male,Black
7123,69896893,69896893-18096,18-24,Male,Black
7124,69941914,69941914-18149,25-44,Male,Black
7125,69941914,69941914-18233,18-24,Male,Black
7126,70864710,70864710-18121,Unknown,Male,White Hispanic
7127,70865388,70865388-18123,Unknown,Unknown,Unknown
7128,70874049,70874049-18124,Unknown,Unknown,Unknown
7129,70892757,70892757-18139,18-24,Male,Black Hispanic
7130,71311712,71311712-18216,18-24,Male,Black
7131,71311712,71311712-18308,<18,Female,Black
7132,71311712,71311712-18309,18-24,Male,Black
7133,71311712,71311712-18310,18-24,Male,Black
7134,71311712,71311712-18311,25-44,Male,Black
7135,71321200,71321200-18219,Unknown,Unknown,Unknown
7136,71325496,71325496-18601,Unknown,Unknown,Unknown
7137,71351051,71351051-18286,<18,Male,Black
7138,71351051,71351051-18287,18-24,Male,Black
7139,71521756,71521756-18267,Unknown,Male,Black
7140,71625596,71625596-18593,25-44,Male,Black
7141,71859341,71859341-18387,18-24,Male,Black
7142,71991636,71991636-18509,Unknown,Unknown,Unknown
7143,71991636,71991636-18510,Unknown,Unknown,Unknown
7144,71991636,71991636-18511,Unknown,Unknown,Unknown
7145,72051636,72051636-18425,Unknown,Male,White Hispanic
7146,72058233,72058233-18426,25-44,Male,Black
7147,72104030,72104030-18445,18-24,Male,Black
7148,72155698,72155698-18544,25-44,Male,Black
7149,72180759,72180759-18458,45-64,Female,White Hispanic
7150,72342379,72342379-18522,Unknown,Male,Black
7151,72476979,72476979-18574,Unknown,Unknown,Unknown
7152,72540872,72540872-18681,18-24,Male,Black
7153,72788064,72788064-22001,25-44,Male,Black
7154,72847431,72847431-18678,18-24,Male,White Hispanic
7155,72847431,72847431-18753,18-24,Male,Black Hispanic
7156,73045772,73045772-18716,18-24,Male,Black
7157,73054696,73054696-18749,25-44,Male,Black
7158,73186770,73186770-18737,<18,Male,Black
7159,73194572,73194572-18771,25-44,Male,Black
7160,73221474,73221474-19066,<18,Male,Black
7161,73298252,73298252-18763,18-24,Male,White
7162,73308902,73308902-1,25-44,Male,Black
7163,73308902,73308902-18770,<18,Male,Black
7164,73325409,73325409-18964,45-64,Male,Black
7165,73388923,73388923-18794,Unknown,Male,Black
7166,73517099,73517099-18842,18-24,Male,Black
7167,73582328,73582328-18871,25-44,Male,Black
7168,73775361,73775361-18931,Unknown,Unknown,Unknown
7169,73899285,73899285-18977,Unknown,Male,Black
7170,73899285,73899285-18978,Unknown,Male,Black
7171,73899285,73899285-18979,Unknown,Male,Black
7172,73899285,73899285-18980,Unknown,Male,Black
7173,73907883,73907883-18976,Unknown,Male,Black
7174,74037194,74037194-19935,25-44,Male,Black
7175,74044368,74044368-19012,Unknown,Unknown,Unknown
7176,74046360,74046360-19015,Unknown,Unknown,Unknown
7177,74058683,74058683-19041,Unknown,Male,Black
7178,74171985,74171985-19050,18-24,Male,White Hispanic
7179,74171985,74171985-19054,25-44,Male,White Hispanic
7180,74252252,74252252-19072,<18,Male,Black
7181,74260440,74260440-19078,Unknown,Unknown,Unknown
7182,74260440,74260440-19079,18-24,Male,Black
7183,74279273,74279273-19104,18-24,Male,White Hispanic
7184,74279273,74279273-19105,18-24,Male,White Hispanic
7185,74364353,74364353-19110,Unknown,Male,Unknown
7186,74410007,74410007-19126,18-24,Male,Black
7187,74410007,74410007-19127,25-44,Male,Black
7188,74428638,74428638-19132,18-24,Male,Black Hispanic
7189,74428638,74428638-19158,18-24,Male,White Hispanic
7190,74454445,74454445-19144,Unknown,Male,Black
7191,74454445,74454445-19145,Unknown,Male,Black
7192,74761649,74761649-19244,Unknown,Unknown,Unknown
7193,74788924,74788924-19269,18-24,Male,White Hispanic
7194,74788924,74788924-19299,25-44,Male,White Hispanic
7195,74788924,74788924-19300,18-24,Male,Asian / Pacific Islander
7196,74788924,74788924-19334,18-24,Male,White Hispanic
7197,74964792,74964792-19307,18-24,Male,Black
7198,74964792,74964792-19308,18-24,Male,Black
7199,74964792,74964792-19309,Unknown,Male,Black
7200,74964792,74964792-19333,18-24,Male,Black
7201,74999141,74999141-19379,25-44,Male,Black
7202,75202880,75202880-19395,18-24,Male,Black
7203,75202880,75202880-19396,Unknown,Male,Black
7204,75207958,75207958-19416,25-44,Male,Black
7205,75291877,75291877-19434,18-24,Male,Black
7206,75467659,75467659-19450,18-24,Male,White Hispanic
7207,75528476,75528476-19458,Unknown,Unknown,Unknown
7208,75561355,75561355-19471,18-24,Male,Black
7209,75726065,75726065-19507,<18,Male,Black Hispanic
7210,75726065,75726065-19508,18-24,Male,Black Hispanic
7211,75726065,75726065-19509,25-44,Male,Black Hispanic
7212,75726084,75726084-22589,18-24,Male,White Hispanic
7213,75726084,75726084-22635,18-24,Male,Black
7214,75762033,75762033-19510,Unknown,Male,Black
7215,75762033,75762033-19511,Unknown,Male,Black
7216,76035705,76035705-19572,25-44,Male,Black
7217,76052898,76052898-19577,25-44,Male,Black
7218,76598990,76598990-19587,18-24,Male,Asian / Pacific Islander
7219,76669079,76669079-19645,25-44,Male,Black
7220,76691606,76691606-19640,18-24,Male,Black
7221,77041508,77041508-20339,25-44,Male,Black
7222,77153253,77153253-19722,18-24,Male,Black
7223,77153253,77153253-19833,18-24,Male,Black
7224,77469217,77469217-19813,<18,Male,White Hispanic
7225,77469217,77469217-20963,18-24,Male,Black
7226,77471124,77471124-19803,18-24,Male,Black
7227,77471124,77471124-19834,<18,Male,Black
7228,77508283,77508283-19817,25-44,Male,Black
7229,77758043,77758043-19892,<18,Male,Asian / Pacific Islander
7230,77758043,77758043-19893,<18,Male,Asian / Pacific Islander
7231,77758734,77758734-19872,18-24,Female,Black
7232,77792058,77792058-19888,18-24,Male,Black
7233,77792058,77792058-19894,18-24,Male,Black
7234,77896537,77896537-19938,25-44,Male,Black
7235,78032100,78032100-19919,<18,Male,Unknown
7236,78032100,78032100-19920,<18,Male,Black
7237,78101801,78101801-19934,18-24,Male,White
7238,78149247,78149247-19943,18-24,Male,Black
7239,78272690,78272690-19971,18-24,Male,Black
7240,78272690,78272690-19972,18-24,Male,Black
7241,78424234,78424234-20012,Unknown,Unknown,Unknown
7242,78440716,78440716-20014,18-24,Male,Black
7243,78443081,78443081-21357,18-24,Male,Black
7244,78656424,78656424-20073,25-44,Male,Black
7245,78885881,78885881-20437,18-24,Male,Black
7246,78913515,78913515-20347,25-44,Male,Black
7247,78913515,78913515-20348,25-44,Male,Black
7248,78951344,78951344-20749,25-44,Male,Unknown
7249,79236436,79236436-20331,18-24,Male,Black
7250,79497792,79497792-20281,25-44,Male,Black
7251,79522748,79522748-27025,25-44,Male,Black
7252,79636123,79636123-20318,18-24,Male,Black
7253,79719093,79719093-20334,<18,Male,Black
7254,79719093,79719093-20335,18-24,Male,Black
7255,79726452,79726452-22576,25-44,Male,Black
7256,79726453,79726453-21201,18-24,Male,Black
7257,79853881,79853881-20453,Unknown,Male,Black
7258,79862180,79862180-20381,Unknown,Male,Black
7259,79862180,79862180-20395,18-24,Male,Black
7260,79896470,79896470-20391,25-44,Male,Black
7261,79896470,79896470-20396,25-44,Male,Black
7262,80086639,80086639-20508,18-24,Male,Black
7263,80086639,80086639-27292,25-44,Male,Black
7264,80175377,80175377-20589,<18,Male,Black
7265,80265925,80265925-20748,25-44,Male,White Hispanic
7266,80328706,80328706-22552,25-44,Male,Black
7267,80408800,80408800-23378,45-64,Male,White Hispanic
7268,80447522,80447522-20686,25-44,Male,Black
7269,80584529,80584529-20790,18-24,Male,Black Hispanic
7270,80682805,80682805-20695,18-24,Male,White Hispanic
7271,80682805,80682805-20707,18-24,Male,Black
7272,80733131,80733131-20709,25-44,Male,Black
7273,80793511,80793511-20723,Unknown,Male,Black
7274,80793511,80793511-20747,18-24,Male,White Hispanic
7275,80917807,80917807-20774,<18,Male,Black
7276,81138839,81138839-20927,25-44,Male,Black
7277,81216476,81216476-20852,25-44,Male,Black
7278,81235134,81235134-20899,18-24,Male,Black
7279,81750891,81750891-20979,18-24,Male,Black
7280,81785864,81785864-20991,25-44,Male,Black
7281,81804942,81804942-20987,<18,Female,White Hispanic
7282,81862991,81862991-21046,18-24,Male,Black
7283,81881562,81881562-21181,18-24,Male,Black
7284,81881562,81881562-21182,25-44,Male,Black
7285,81881562,81881562-21183,25-44,Male,Black
7286,82009009,82009009-21022,25-44,Male,Black
7287,82009009,82009009-21023,25-44,Male,Black
7288,82009009,82009009-21024,18-24,Male,Black
7289,82009009,82009009-21466,25-44,Male,Black
7290,82009217,82009217-21071,25-44,Male,Black
7291,82009455,82009455-21026,25-44,Male,Black
7292,82150787,82150787-21063,25-44,Male,Black
7293,82150787,82150787-21067,25-44,Male,White Hispanic
7294,82150787,82150787-21068,25-44,Male,White Hispanic
7295,82150787,82150787-21069,18-24,Male,White Hispanic
7296,82150787,82150787-21070,25-44,Male,White Hispanic
7297,82419694,82419694-21130,25-44,Male,Black
7298,82419908,82419908-21126,18-24,Male,White Hispanic
7299,82808751,82808751-21226,18-24,Male,White Hispanic
7300,82808751,82808751-21297,18-24,Male,White Hispanic
7301,83215413,83215413-21584,18-24,Male,Asian / Pacific Islander
7302,83645774,83645774-21368,18-24,Male,Black
7303,83733337,83733337-21394,18-24,Male,Black
7304,83733337,83733337-24071,18-24,Male,Black
7305,83772028,83772028-21404,18-24,Male,White Hispanic
7306,83810862,83810862-21402,<18,Male,Black
7307,83810862,83810862-21403,<18,Male,Black
7308,83997005,83997005-21461,18-24,Male,Black
7309,84452449,84452449-21537,25-44,Male,Black
7310,84452449,84452449-21592,18-24,Male,Black
7311,84575917,84575917-21617,25-44,Male,Unknown
7312,84660530,84660530-21554,Unknown,Unknown,Unknown
7313,84804943,84804943-21579,18-24,Male,Black
7314,84945680,84945680-21656,<18,Male,Black
7315,85066514,85066514-1,25-44,Male,Black
7316,85066514,85066514-2,25-44,Male,Black
7317,85172127,85172127-21686,25-44,Male,Black
7318,85353391,85353391-21982,25-44,Male,White Hispanic
7319,85550083,85550083-21734,18-24,Male,White Hispanic
7320,85578750,85578750-21743,18-24,Male,Black
7321,85646335,85646335-21824,18-24,Male,Black
7322,85933509,85933509-21847,18-24,Male,Black
7323,86071517,86071517-23087,18-24,Male,Black
7324,86092672,86092672-21869,Unknown,Male,Black
7325,86146318,86146318-22565,18-24,Male,Black
7326,86146318,86146318-22587,18-24,Male,Black
7327,86146318,86146318-22591,18-24,Male,Black
7328,86202699,86202699-21981,25-44,Male,Black
7329,86209916,86209916-22002,25-44,Male,Black
7330,86380192,86380192-22009,25-44,Male,Black
7331,86429738,86429738-21941,25-44,Male,Black
7332,86429738,86429738-21942,25-44,Female,Black Hispanic
7333,86546801,86546801-21992,25-44,Male,Black
7334,86547358,86547358-21975,25-44,Male,Black Hispanic
7335,86637781,86637781-22062,25-44,Male,Black
7336,86915937,86915937-22048,25-44,Male,Black Hispanic
7337,86990678,86990678-22090,25-44,Male,White
7338,87026705,87026705-26077,25-44,Male,Black
7339,87026705,87026705-26078,25-44,Male,Black
7340,87026705,87026705-26079,25-44,Male,Black
7341,87084899,87084899-22079,25-44,Male,Black
7342,87084899,87084899-22080,18-24,Male,Black
7343,87224097,87224097-22105,25-44,Male,Black
7344,87224290,87224290-22109,18-24,Male,Black
7345,87408752,87408752-22151,18-24,Male,Black
7346,87408752,87408752-22191,18-24,Male,Black Hispanic
7347,87408752,87408752-22192,18-24,Male,White Hispanic
7348,87515017,87515017-1,25-44,Male,Black
7349,87612716,87612716-22747,25-44,Male,Black
7350,87632012,87632012-22194,<18,Male,Black
7351,87768299,87768299-22219,<18,Male,Black
7352,88089219,88089219-22267,18-24,Male,White Hispanic
7353,88329918,88329918-22314,<18,Male,Black
7354,88329918,88329918-22315,18-24,Male,Black
7355,88360958,88360958-23121,25-44,Male,Black Hispanic
7356,88405638,88405638-22334,25-44,Male,Black
7357,88988301,88988301-22443,18-24,Male,Black Hispanic
7358,89002113,89002113-22438,65+,Male,Black
7359,89060461,89060461-24156,18-24,Male,Black
7360,89060461,89060461-24157,18-24,Male,Black
7361,89297008,89297008-22488,25-44,Male,Black Hispanic
7362,89562422,89562422-22544,18-24,Male,White Hispanic
7363,89770266,89770266-22549,25-44,Male,Black
7364,89770266,89770266-22563,25-44,Male,Black
7365,90284453,90284453-22637,18-24,Male,White
7366,90284453,90284453-22638,18-24,Male,White
7367,90596744,90596744-22687,25-44,Male,White Hispanic
7368,90596744,90596744-22688,25-44,Male,White
7369,91045427,91045427-22771,18-24,Male,White Hispanic
7370,91404972,91404972-22801,18-24,Male,Black
7371,91415865,91415865-22831,18-24,Male,Black
7372,91476196,91476196-23454,18-24,Male,Black
7373,91499740,91499740-22809,Unknown,Male,Black
7374,91612689,91612689-22828,18-24,Male,Black
7375,91612689,91612689-22829,25-44,Male,Black
7376,92175187,92175187-22925,25-44,Male,Black
7377,92241523,92241523-22989,25-44,Male,Black
7378,92248434,92248434-22963,18-24,Male,Black
7379,92403238,92403238-23011,18-24,Male,White Hispanic
7380,92711253,92711253-23008,<18,Male,Black Hispanic
7381,92802626,92802626-23054,25-44,Male,Black
7382,92941489,92941489-23064,18-24,Male,Black
7383,92952444,92952444-23039,18-24,Male,Black
7384,93013286,93013286-23113,<18,Male,Black
7385,93322269,93322269-24652,18-24,Male,Black
7386,93322269,93322269-24654,18-24,Male,Black
7387,93462547,93462547-23152,18-24,Male,Black
7388,93569293,93569293-23130,18-24,Male,Black
7389,93834354,93834354-23173,18-24,Male,Black
7390,93924058,93924058-23203,18-24,Male,Black
7391,93995692,93995692-23509,18-24,Male,Black
7392,94094802,94094802-23233,18-24,Male,Black
7393,94094802,94094802-23288,18-24,Male,Black
7394,94094802,94094802-23289,18-24,Male,Black
7395,94317619,94317619-23364,25-44,Male,Black
7396,94417220,94417220-23292,18-24,Male,Black
7397,94684811,94684811-26097,25-44,Male,Black
7398,94746295,94746295-23362,<18,Male,Black
7399,94934289,94934289-23372,25-44,Male,Black
7400,95273803,95273803-23418,18-24,Male,Black
7401,109349114,109349114-23545,18-24,Male,Black
7402,109413108,109413108-23489,18-24,Female,White Hispanic
7403,109413108,109413108-23490,18-24,Female,White Hispanic
7404,109667606,109667606-23532,25-44,Male,Black
7405,136506641,136506641-26429,25-44,Female,Black
7406,136634012,136634012-23591,25-44,Male,Black
7407,136695454,136695454-23754,18-24,Male,Black
7408,137123838,137123838-24188,25-44,Male,Black
7409,137256632,137256632-23735,25-44,Male,Black
7410,137354851,137354851-23729,25-44,Male,Black
7411,137366272,137366272-23692,18-24,Male,Black
7412,137480320,137480320-23707,25-44,Male,Black Hispanic
7413,137538103,137538103-23715,25-44,Male,Black
7414,137583891,137583891-23723,25-44,Male,Black
7415,137583891,137583891-23739,25-44,Male,Black
7416,137696454,137696454-24101,18-24,Male,Black
7417,137804318,137804318-23749,25-44,Male,Black
7418,137804319,137804319-23865,18-24,Male,Black
7419,137804319,137804319-23866,18-24,Male,Black
7420,138084421,138084421-23794,<18,Male,Black
7421,138084421,138084421-23809,<18,Male,Black
7422,138084421,138084421-25618,18-24,Male,Black
7423,138154762,138154762-23895,25-44,Male,Black
7424,138197351,138197351-23811,25-44,Female,Black
7425,138234866,138234866-23823,18-24,Male,White Hispanic
7426,138255973,138255973-24186,25-44,Male,Black
7427,138322731,138322731-23859,18-24,Male,White Hispanic
7428,138364629,138364629-23852,18-24,Male,Black
7429,138364629,138364629-23853,18-24,Male,Black
7430,138447855,138447855-23870,25-44,Male,White
7431,138609254,138609254-24115,25-44,Male,Black
7432,138811932,138811932-24072,18-24,Male,Black
7433,138899803,138899803-23946,<18,Male,White Hispanic
7434,138977066,138977066-23954,25-44,Male,Black
7435,139015129,139015129-24896,18-24,Male,Black
7436,139299665,139299665-24014,<18,Male,Black
7437,139474291,139474291-24023,18-24,Male,White Hispanic
7438,139487360,139487360-24046,18-24,Male,White Hispanic
7439,139487360,139487360-24047,18-24,Male,Black Hispanic
7440,139552937,139552937-24067,25-44,Male,Black
7441,139574750,139574750-24033,25-44,Male,White Hispanic
7442,139635432,139635432-24063,18-24,Male,White Hispanic
7443,139644546,139644546-24051,18-24,Male,Unknown
7444,139767955,139767955-25336,45-64,Male,Asian / Pacific Islander
7445,139798189,139798189-24081,25-44,Male,Black
7446,140105764,140105764-24162,18-24,Male,Black Hispanic
7447,140688855,140688855-24285,18-24,Male,Black
7448,140697173,140697173-26437,45-64,Male,Black
7449,141423000,141423000-24371,18-24,Male,Black
7450,141546441,141546441-24380,<18,Male,White
7451,142324357,142324357-1,25-44,Male,Black
7452,142680043,142680043-24474,18-24,Male,White
7453,143158081,143158081-25615,<18,Male,Black
7454,143158081,143158081-25616,<18,Male,Black
7455,143158081,143158081-25617,18-24,Male,Black
7456,143187174,143187174-1,25-44,Male,Black
7457,143551787,143551787-24569,18-24,Male,Black
7458,143677942,143677942-1,25-44,Male,Black
7459,143682688,143682688-24552,<18,Male,Black
7460,143682688,143682688-24553,<18,Male,Black
7461,144597557,144597557-24663,18-24,Male,White Hispanic
7462,144764391,144764391-24670,18-24,Male,White Hispanic
7463,145405681,145405681-25015,18-24,Male,Black
7464,145559872,145559872-25190,18-24,Male,White Hispanic
7465,146594804,146594804-24847,25-44,Male,Black
7466,146723634,146723634-24869,<18,Male,White Hispanic
7467,147095309,147095309-24897,25-44,Male,Black
7468,147275864,147275864-24985,<18,Male,Black
7469,147405915,147405915-25085,25-44,Male,Black
7470,147717456,147717456-25009,18-24,Male,Black
7471,147717456,147717456-25010,<18,Male,Black
7472,147936494,147936494-25083,<18,Male,White Hispanic
7473,147936494,147936494-25096,<18,Male,Black Hispanic
7474,147936494,147936494-25097,18-24,Male,Black
7475,147936494,147936494-25098,18-24,Male,Black
7476,148087884,148087884-25037,25-44,Male,Black
7477,148087884,148087884-25055,25-44,Male,White Hispanic
7478,148134513,148134513-25032,25-44,Male,Black
7479,148134513,148134513-25033,25-44,Male,Black
7480,148511111,148511111-25092,18-24,Male,Black Hispanic
7481,148879570,148879570-25112,25-44,Male,Black
7482,150067448,150067448-25209,18-24,Male,Black
7483,150102331,150102331-25180,18-24,Male,Black
7484,150410771,150410771-25211,25-44,Male,Black
7485,150806054,150806054-25306,18-24,Male,Black
7486,151321352,151321352-26550,25-44,Male,Black Hispanic
7487,151586091,151586091-25312,18-24,Male,Black Hispanic
7488,151586091,151586091-25313,<18,Male,Black
7489,151586091,151586091-25321,18-24,Male,Black
7490,152045461,152045461-25495,25-44,Male,Black
7491,152053816,152053816-25351,18-24,Male,Black
7492,152053816,152053816-25352,25-44,Male,Black
7493,152053816,152053816-25361,18-24,Male,Black
7494,152061586,152061586-25350,25-44,Male,White Hispanic
7495,152809720,152809720-25461,25-44,Male,Black
7496,152868705,152868705-25559,18-24,Male,Black
7497,153084517,153084517-25518,18-24,Male,Black
7498,153511244,153511244-25458,18-24,Male,Black
7499,153511244,153511244-25459,25-44,Male,Black Hispanic
7500,153907003,153907003-25581,18-24,Male,Black
7501,154563852,154563852-25551,25-44,Male,Black
7502,154563855,154563855-25544,<18,Male,Black
7503,155509201,155509201-25640,18-24,Female,Black
7504,155509201,155509201-25641,18-24,Male,Black
7505,157022335,157022335-25791,25-44,Male,Black
7506,157311946,157311946-25792,25-44,Male,Black
7507,157351151,157351151-25806,25-44,Male,Black
7508,157457582,157457582-25835,25-44,Male,Black
7509,157587578,157587578-25817,18-24,Male,Black
7510,157721053,157721053-25829,18-24,Female,Black
7511,157846247,157846247-25846,18-24,Male,White Hispanic
7512,157846247,157846247-25877,18-24,Male,White Hispanic
7513,157846247,157846247-25878,<18,Male,White Hispanic
7514,157846247,157846247-26003,18-24,Male,White Hispanic
7515,158351991,158351991-25909,18-24,Male,White Hispanic
7516,158683493,158683493-25916,18-24,Male,Black
7517,158783524,158783524-25928,18-24,Male,Black
7518,158873735,158873735-25935,25-44,Male,Black
7519,159287374,159287374-25977,25-44,Male,Black
7520,159452197,159452197-25990,25-44,Male,Black
7521,160296910,160296910-26046,<18,Male,Black
7522,161311799,161311799-26091,25-44,Male,Black
7523,161767502,161767502-26125,18-24,Male,White Hispanic
7524,162178919,162178919-26153,18-24,Male,Black
7525,162278799,162278799-26161,25-44,Male,Black
7526,162423239,162423239-26165,18-24,Male,Black
7527,163025375,163025375-26259,18-24,Male,Black
7528,163025376,163025376-26299,25-44,Male,White Hispanic
7529,163695259,163695259-26351,<18,Male,Black
7530,163842826,163842826-26268,18-24,Male,Black
7531,165613952,165613952-26453,25-44,Male,Black
7532,165613952,165613952-26454,18-24,Male,Black
7533,165720218,165720218-26447,18-24,Male,Black
7534,165721033,165721033-26384,25-44,Male,Black
7535,165721033,165721033-26392,25-44,Male,Black
7536,165721033,165721033-26455,25-44,Female,White
7537,165721033,165721033-26456,18-24,Male,Black
7538,165724973,165724973-1,25-44,Male,Black
7539,166886658,166886658-2,18-24,Male,Black
7540,167036160,167036160-26475,<18,Male,Black
7541,167036161,167036161-26486,25-44,Male,Black
7542,167383325,167383325-26511,25-44,Male,Black
7543,167664433,167664433-26615,25-44,Male,Black
7544,167871188,167871188-26540,25-44,Male,Black
7545,168306283,168306283-26583,25-44,Male,Black
7546,169230065,169230065-26691,18-24,Male,Black
7547,169924412,169924412-26697,18-24,Male,Black
7548,170219565,170219565-27175,18-24,Male,Black
7549,170264301,170264301-26722,18-24,Male,Black
7550,170307138,170307138-26713,<18,Male,White Hispanic
7551,170599535,170599535-27222,<18,Unknown,Unknown
7552,172750203,172750203-26859,25-44,Male,Black
7553,172750205,172750205-26941,25-44,Male,Black
7554,172750205,172750205-26943,25-44,Male,Black
7555,172765613,172765613-27038,25-44,Male,Black
7556,173484951,173484951-26903,45-64,Male,Unknown
7557,173788344,173788344-26935,25-44,Male,Black
7558,174244426,174244426-26969,18-24,Male,Black
7559,175227395,175227395-26984,18-24,Male,Black
7560,175227395,175227395-26989,<18,Male,Black
7561,176334881,176334881-27054,25-44,Male,Black Hispanic
7562,177934247,177934247-27070,25-44,Male,White Hispanic
7563,178393483,178393483-27311,25-44,Male,Black
7564,178393483,178393483-27312,25-44,Male,Black
7565,178393483,178393483-27313,25-44,Unknown,Unknown
7566,182931012,182931012-27148,18-24,Male,Black
7567,182968182,182968182-1,Unknown,Unknown,Unknown
7568,184058458,184058458-27261,25-44,Male,Black
7569,184749632,184749632-1,18-24,Male,Black
7570,184749632,184749632-2,<18,Male,Black
7571,184749632,184749632-3,18-24,Male,Black
7572,184749632,184749632-5,<18,Male,Black
7573,185390947,185390947-27300,18-24,Male,White Hispanic
7574,185390947,185390947-27301,25-44,Male,White Hispanic
7575,185805056,185805056-27328,25-44,Male,White
7576,185849658,185849658-27353,25-44,Male,Black
7577,187135877,187135877-2,18-24,Male,Black
7578,187396122,187396122-1,25-44,Male,Black
7579,187396122,187396122-2,25-44,Male,Black
7580,189435388,189435388-1,18-24,Male,Black
7581,190467154,190467154-1,45-64,Male,Black
7582,190562520,190562520-1,25-44,Male,Black
7583,190562520,190562520-2,25-44,Male,Black
7584,191089379,191089379-1,25-44,Male,Black Hispanic
7585,191089379,191089379-2,25-44,Female,White
7586,192455949,192455949-1,25-44,Male,White Hispanic
7587,193939357,193939357-1,18-24,Male,Black
7588,195102367,195102367-1,25-44,Male,Black Hispanic
7589,195102369,195102369-1,18-24,Male,Black
7590,195102369,195102369-2,18-24,Male,Black
7591,196193413,196193413-1,25-44,Male,White Hispanic
7592,197381380,197381380-1,25-44,Female,Black
7593,197381383,197381383-1,18-24,Male,Black
7594,198255457,198255457-1,25-44,Male,Black
7595,198295765,198295765-1,18-24,Male,Unknown
7596,198295765,198295765-2,18-24,Male,Black
7597,198653292,198653292-1,18-24,Male,Black
7598,198760074,198760074-1,18-24,Male,Black
7599,198858230,198858230-1,18-24,Male,Black
7600,199046249,199046249-1,25-44,Male,White Hispanic
7601,199325323,199325323-1,18-24,Male,Black
7602,199742303,199742303-1,18-24,Male,White Hispanic
7603,200056613,200056613-1,25-44,Male,Black
7604,200994112,200994112-1,45-64,Male,Black
7605,201291294,201291294-1,18-24,Male,Black
7606,201384969,201384969-1,25-44,Male,Black
7607,201483470,201483470-1,25-44,Male,White Hispanic
7608,201720171,201720171-1,25-44,Male,Black
7609,201851562,201851562-1,25-44,Male,White Hispanic
7610,201875864,201875864-1,25-44,Male,Black Hispanic
7611,201875865,201875865-1,18-24,Male,Black
7612,202457203,202457203-1,25-44,Male,Black
7613,204192600,204192600-1,25-44,Male,Black
7614,204294841,204294841-1,25-44,Male,Black
7615,204294841,204294841-2,25-44,Male,Black
7616,204971625,204971625-1,25-44,Male,Black
7617,206823156,206823156-1,25-44,Male,Black
7618,207815718,207815718-1,18-24,Male,Black
7619,207815718,207815718-2,25-44,Male,Black
7620,208378499,208378499-1,25-44,Male,Black Hispanic
7621,208899076,208899076-1,25-44,Male,White Hispanic
7622,208899076,208899076-2,18-24,Female,Black Hispanic
7623,210461144,210461144-1,25-44,Male,White Hispanic
7624,210709521,210709521-1,45-64,Male,Black
7625,210721533,210721533-1,45-64,Male,Black
7626,211578688,211578688-1,18-24,Male,Black
7627,211912303,211912303-1,25-44,Male,Black
7628,211912303,211912303-2,25-44,Male,Black
7629,211912303,211912303-3,45-64,Male,Black
7630,212903274,212903274-1,25-44,Male,Black
7631,213050795,213050795-1,25-44,Male,Black
7632,213921488,213921488-1,18-24,Male,White Hispanic
7633,213972320,213972320-1,25-44,Male,Black Hispanic
7634,214184456,214184456-1,18-24,Male,Black Hispanic
7635,214184457,214184457-1,18-24,Male,Black
7636,214184461,214184461-1,25-44,Male,Black
7637,214312558,214312558-1,25-44,Male,Black
7638,214828723,214828723-1,18-24,Male,Black
7639,215225150,215225150-1,18-24,Male,Black Hispanic
7640,215254429,215254429-1,18-24,Male,Black
7641,215302967,215302967-1,18-24,Male,Black
7642,215643886,215643886-1,45-64,Male,Black
7643,215817234,215817234-1,25-44,Male,Black
7644,215871909,215871909-1,25-44,Male,White Hispanic
7645,215871909,215871909-2,25-44,Male,Black
7646,215871909,215871909-3,25-44,Male,Black
7647,216057890,216057890-1,45-64,Male,Black
7648,216104439,216104439-1,18-24,Male,Black
7649,216209197,216209197-1,25-44,Male,Black
7650,216360329,216360329-1,<18,Male,Black
7651,216651224,216651224-1,18-24,Male,Black
7652,216651224,216651224-2,18-24,Male,Black
7653,216651224,216651224-3,<18,Female,Black
7654,216651224,216651224-4,18-24,Male,Black
7655,216651577,216651577-1,25-44,Male,Black
7656,216972670,216972670-1,25-44,Male,Black
7657,217218536,217218536-1,18-24,Male,Black
7658,217368573,217368573-1,25-44,Male,Black
7659,217368573,217368573-2,25-44,Male,Black
7660,217495446,217495446-1,25-44,Male,Black
7661,217775317,217775317-1,25-44,Male,Black
7662,218091267,218091267-1,18-24,Male,White Hispanic
7663,218567381,218567381-1,25-44,Male,White Hispanic
7664,219054781,219054781-1,25-44,Male,White Hispanic
7665,219064103,219064103-1,25-44,Male,White Hispanic
7666,219751446,219751446-1,45-64,Male,Asian / Pacific Islander
7667,220229019,220229019-1,18-24,Male,Black Hispanic
7668,222299954,222299954-1,18-24,Male,Black
7669,222299954,222299954-2,18-24,Male,Black
7670,222390878,222390878-1,25-44,Male,Black
7671,222990833,222990833-1,18-24,Male,Black
7672,224410635,224410635-1,18-24,Male,White Hispanic
7673,224410635,224410635-2,<18,Male,White Hispanic
7674,224410635,224410635-3,18-24,Male,White Hispanic
7675,225063428,225063428-1,18-24,Male,Black
7676,44557785,44557785-14192,Unknown,Unknown,Unknown
7677,44557786,44557786-14278,25-44,Male,Black
7678,44692773,44692773-14232,25-44,Male,Black
7679,44895811,44895811-14271,25-44,Male,Black
7680,45280064,45280064-14312,18-24,Male,Black
7681,45739163,45739163-15821,Unknown,Unknown,Unknown
7682,45768383,45768383-14374,18-24,Male,Black
7683,45926424,45926424-14469,18-24,Male,Black
7684,45926425,45926425-15813,Unknown,Unknown,Unknown
7685,45926427,45926427-14399,45-64,Male,White
7686,45970310,45970310-14400,18-24,Male,Black
7687,45970312,45970312-14402,18-24,Male,Black
7688,45987373,45987373-14427,18-24,Male,Black
7689,46361467,46361467-14490,25-44,Male,Black
7690,46361467,46361467-14840,25-44,Male,Black
7691,46361467,46361467-14841,18-24,Male,Black
7692,46361474,46361474-14495,Unknown,Male,White Hispanic
7693,46452063,46452063-14523,18-24,Male,Black
7694,46538071,46538071-14538,25-44,Male,Black
7695,46538071,46538071-14539,25-44,Male,Black
7696,46654924,46654924-14887,Unknown,Unknown,Unknown
7697,46715556,46715556-14563,25-44,Male,Black
7698,46715571,46715571-14574,Unknown,Male,Black
7699,46751472,46751472-14571,18-24,Male,Black
7700,46751478,46751478-14582,45-64,Male,Black
7701,46904596,46904596-14620,25-44,Male,Black
7702,46998148,46998148-14635,25-44,Male,Black
7703,46998148,46998148-14916,18-24,Male,Black
7704,47024514,47024514-14664,18-24,Male,Black
7705,47102196,47102196-14663,25-44,Male,Black
7706,47102196,47102196-14673,25-44,Male,Black
7707,47126078,47126078-14672,18-24,Male,White Hispanic
7708,47266777,47266777-16145,18-24,Male,White Hispanic
7709,47334458,47334458-14730,Unknown,Male,White Hispanic
7710,47405919,47405919-14754,18-24,Male,Black Hispanic
7711,47447791,47447791-14755,18-24,Male,Black
7712,47447792,47447792-14756,25-44,Male,Black
7713,47447792,47447792-14836,<18,Male,Black
7714,47487790,47487790-22515,25-44,Female,Black
7715,47487790,47487790-22516,25-44,Female,Black
7716,47487790,47487790-22517,25-44,Male,Black
7717,47916282,47916282-14850,Unknown,Unknown,Unknown
7718,48006253,48006253-14880,Unknown,Unknown,Unknown
7719,48480859,48480859-14967,18-24,Male,White Hispanic
7720,48480859,48480859-14968,18-24,Male,Black Hispanic
7721,48480863,48480863-14973,Unknown,Unknown,Unknown
7722,48543128,48543128-15002,18-24,Male,Black
7723,49255311,49255311-15092,Unknown,Male,Black
7724,49255325,49255325-15021,Unknown,Male,Black
7725,49812414,49812414-15115,<18,Male,Black
7726,49834896,49834896-15072,18-24,Male,Black
7727,49834896,49834896-15073,25-44,Male,Black
7728,49834896,49834896-15074,25-44,Male,Black
7729,49834896,49834896-15084,18-24,Male,Black
7730,49935072,49935072-21238,18-24,Male,Black
7731,50070598,50070598-15165,Unknown,Unknown,Unknown
7732,50203589,50203589-15242,Unknown,Male,Unknown
7733,50459049,50459049-15244,18-24,Male,Black
7734,50459051,50459051-15255,Unknown,Male,Black
7735,50479070,50479070-15274,Unknown,Unknown,Unknown
7736,50640966,50640966-15299,25-44,Male,Black
7737,50665289,50665289-15306,Unknown,Male,Black Hispanic
7738,50685007,50685007-15323,18-24,Male,Black
7739,50767378,50767378-15348,Unknown,Male,Black
7740,51359384,51359384-15465,25-44,Male,Unknown
7741,51625726,51625726-15517,Unknown,Unknown,Unknown
7742,51764334,51764334-15506,25-44,Male,Black
7743,52100731,52100731-15650,18-24,Male,Black Hispanic
7744,52335896,52335896-15655,Unknown,Unknown,Unknown
7745,52380394,52380394-15682,18-24,Male,Black
7746,52409037,52409037-15667,25-44,Male,Black Hispanic
7747,52490463,52490463-15689,Unknown,Unknown,Unknown
7748,52533652,52533652-15700,Unknown,Unknown,Unknown
7749,53912980,53912980-15806,18-24,Male,Black Hispanic
7750,53982101,53982101-15808,Unknown,Male,Black
7751,54035522,54035522-15795,18-24,Female,White Hispanic
7752,54035522,54035522-15796,25-44,Male,White Hispanic
7753,54120279,54120279-15822,Unknown,Male,Black
7754,54474353,54474353-15907,Unknown,Unknown,Unknown
7755,54696005,54696005-15931,Unknown,Unknown,Unknown
7756,54715562,54715562-15933,Unknown,Male,Black
7757,54715562,54715562-15934,Unknown,Male,Black
7758,54915039,54915039-16638,18-24,Male,Black
7759,55020823,55020823-15992,18-24,Male,Black
7760,55082916,55082916-16062,25-44,Male,Black
7761,55215084,55215084-16026,18-24,Male,Black
7762,55215084,55215084-16027,25-44,Male,Black
7763,55237637,55237637-16031,25-44,Male,Black
7764,55237637,55237637-16070,Unknown,Male,Black
7765,55256120,55256120-16039,Unknown,Male,White
7766,55256124,55256124-16049,Unknown,Male,Black
7767,55729906,55729906-16153,Unknown,Male,Black
7768,55803387,55803387-16171,18-24,Male,White Hispanic
7769,55803387,55803387-16264,Unknown,Unknown,Unknown
7770,55839212,55839212-16164,Unknown,Unknown,Unknown
7771,56422559,56422559-16406,18-24,Male,Black
7772,57325753,57325753-16305,Unknown,Unknown,Unknown
7773,58921842,58921842-16321,25-44,Female,White
7774,59415610,59415610-16388,18-24,Male,Black
7775,59415614,59415614-16393,25-44,Male,Black
7776,59568267,59568267-16415,25-44,Male,Black
7777,59753078,59753078-16452,18-24,Male,White Hispanic
7778,60315461,60315461-16515,Unknown,Male,Black
7779,60509647,60509647-16700,18-24,Male,Black
7780,60730801,60730801-16624,<18,Male,Black
7781,60730801,60730801-16625,18-24,Male,Black
7782,60924266,60924266-16557,25-44,Male,Black
7783,60954935,60954935-16996,Unknown,Unknown,Unknown
7784,61144231,61144231-16639,Unknown,Male,White Hispanic
7785,61144231,61144231-16640,Unknown,Male,White Hispanic
7786,61170264,61170264-17050,Unknown,Unknown,Unknown
7787,61223903,61223903-16607,Unknown,Male,Black
7788,61259177,61259177-16631,Unknown,Unknown,Unknown
7789,61459876,61459876-16673,18-24,Male,Black
7790,61547632,61547632-16680,Unknown,Unknown,Unknown
7791,61575509,61575509-16682,Unknown,Unknown,Unknown
7792,61618854,61618854-16696,Unknown,Unknown,Unknown
7793,61745483,61745483-16716,18-24,Male,Black Hispanic
7794,61745483,61745483-16717,18-24,Male,Black Hispanic
7795,61745483,61745483-16718,18-24,Female,Black Hispanic
7796,61803654,61803654-16740,Unknown,Unknown,Unknown
7797,61943537,61943537-16753,Unknown,Unknown,Unknown
7798,62518971,62518971-16877,Unknown,Male,Black
7799,62572016,62572016-16896,Unknown,Male,Black
7800,62583834,62583834-16895,Unknown,Male,Black
7801,62748074,62748074-16979,<18,Male,Black
7802,62819246,62819246-16959,Unknown,Unknown,Unknown
7803,62819246,62819246-16961,Unknown,Unknown,Unknown
7804,62949562,62949562-16974,Unknown,Unknown,Unknown
7805,63061976,63061976-16992,Unknown,Unknown,Unknown
7806,63107177,63107177-17038,18-24,Male,Black
7807,63581359,63581359-17317,18-24,Male,Black
7808,64206872,64206872-17201,Unknown,Unknown,Unknown
7809,64239749,64239749-18076,25-44,Male,Black
7810,64271153,64271153-17214,25-44,Male,Black
7811,64271153,64271153-17578,25-44,Male,Black
7812,64322275,64322275-17230,Unknown,Male,Black
7813,64389961,64389961-17249,Unknown,Unknown,Unknown
7814,64485250,64485250-24277,25-44,Male,White Hispanic
7815,64554848,64554848-17307,Unknown,Unknown,Unknown
7816,64611019,64611019-17323,Unknown,Unknown,Unknown
7817,64857684,64857684-17377,25-44,Male,Black
7818,64857684,64857684-17547,25-44,Male,Black
7819,64857684,64857684-17548,18-24,Male,Black
7820,65010756,65010756-17396,Unknown,Unknown,Unknown
7821,65037347,65037347-17422,18-24,Male,Black
7822,65244077,65244077-17433,Unknown,Unknown,Unknown
7823,65246291,65246291-17434,Unknown,Unknown,Unknown
7824,65430322,65430322-17454,25-44,Male,White Hispanic
7825,65439914,65439914-17463,18-24,Male,Black
7826,65602677,65602677-17998,25-44,Male,Black
7827,65602677,65602677-17999,25-44,Male,Black
7828,65602677,65602677-20096,25-44,Male,White
7829,65602677,65602677-20097,25-44,Male,White
7830,65602677,65602677-23894,25-44,Male,Black
7831,65906947,65906947-17519,<18,Male,White Hispanic
7832,65929671,65929671-17531,Unknown,Unknown,Unknown
7833,66073168,66073168-17569,Unknown,Unknown,Unknown
7834,66145424,66145424-17583,Unknown,Unknown,Unknown
7835,66217187,66217187-17604,Unknown,Unknown,Unknown
7836,66217192,66217192-17595,Unknown,Unknown,Unknown
7837,66534372,66534372-24921,25-44,Male,Unknown
7838,66681907,66681907-17653,Unknown,Unknown,Unknown
7839,66712493,66712493-17650,Unknown,Unknown,Unknown
7840,66785127,66785127-17663,Unknown,Unknown,Unknown
7841,67081309,67081309-17711,Unknown,Male,Black
7842,67325547,67325547-17768,25-44,Male,White
7843,67359322,67359322-17759,Unknown,Male,Black
7844,67729396,67729396-17797,Unknown,Unknown,Unknown
7845,68017014,68017014-17867,18-24,Male,Black
7846,68017014,68017014-17875,18-24,Male,Black
7847,68017014,68017014-17876,18-24,Male,Black
7848,68017014,68017014-17877,18-24,Male,Black
7849,68251163,68251163-17986,18-24,Male,White Hispanic
7850,68326098,68326098-17897,Unknown,Unknown,Unknown
7851,68376928,68376928-17921,18-24,Male,Black
7852,68657644,68657644-17944,25-44,Male,Black
7853,68727447,68727447-17947,Unknown,Male,Black Hispanic
7854,68807938,68807938-17958,25-44,Male,Black
7855,68994302,68994302-17968,25-44,Male,Black
7856,69051159,69051159-17997,<18,Male,White Hispanic
7857,69051159,69051159-18042,18-24,Male,Black
7858,69051159,69051159-18083,18-24,Male,White Hispanic
7859,69420564,69420564-18062,18-24,Male,Black
7860,69526318,69526318-18054,25-44,Male,Black
7861,69581941,69581941-18060,18-24,Male,Black
7862,69926594,69926594-18103,Unknown,Unknown,Unknown
7863,70874449,70874449-18134,25-44,Male,Black Hispanic
7864,71054061,71054061-18158,18-24,Male,White Hispanic
7865,71054063,71054063-18167,18-24,Male,Black
7866,71054063,71054063-18211,18-24,Male,Black
7867,71057086,71057086-18172,Unknown,Male,Black
7868,71399636,71399636-18646,25-44,Male,White Hispanic
7869,71508832,71508832-18883,25-44,Male,Black
7870,71531613,71531613-18272,Unknown,Male,Unknown
7871,71712041,71712041-18326,25-44,Male,Black
7872,71747715,71747715-18341,25-44,Male,Black
7873,71792848,71792848-18388,18-24,Male,Black
7874,71807453,71807453-18658,18-24,Male,Black Hispanic
7875,71808631,71808631-18362,18-24,Male,Black
7876,71945802,71945802-18460,18-24,Male,Black
7877,72050791,72050791-21432,18-24,Male,Black
7878,72087871,72087871-18438,Unknown,Male,Black
7879,72096466,72096466-18560,25-44,Male,Black
7880,72096466,72096466-18620,18-24,Male,Black
7881,72103776,72103776-18439,Unknown,Male,Black
7882,72143592,72143592-22023,18-24,Male,Black
7883,72143592,72143592-22024,18-24,Male,Black
7884,72155702,72155702-18453,Unknown,Male,Black
7885,72163959,72163959-18554,18-24,Male,Black
7886,72236804,72236804-18490,25-44,Male,Black
7887,72465238,72465238-18576,18-24,Male,Black
7888,72493480,72493480-18584,Unknown,Male,Black
7889,72493480,72493480-18585,Unknown,Male,Black
7890,72512083,72512083-18580,Unknown,Male,Black
7891,72512117,72512117-18622,18-24,Male,Black
7892,72725122,72725122-18686,25-44,Male,White Hispanic
7893,72761419,72761419-18656,25-44,Male,Black Hispanic
7894,72845467,72845467-22273,18-24,Male,White Hispanic
7895,72845467,72845467-22274,18-24,Male,Black Hispanic
7896,72845467,72845467-22275,18-24,Male,Black Hispanic
7897,72949714,72949714-18866,18-24,Male,Black Hispanic
7898,73045278,73045278-18722,25-44,Male,White Hispanic
7899,73136525,73136525-18733,<18,Male,White Hispanic
7900,73136525,73136525-19055,18-24,Male,Black
7901,73253843,73253843-18750,Unknown,Male,Black
7902,73298253,73298253-18920,18-24,Male,Black
7903,73298761,73298761-18882,18-24,Female,White
7904,73298761,73298761-18900,25-44,Male,Black
7905,73308098,73308098-19003,18-24,Male,Black
7906,73383105,73383105-18782,Unknown,Unknown,Unknown
7907,73442402,73442402-18970,25-44,Male,Black
7908,73478863,73478863-18835,25-44,Male,White Hispanic
7909,73478863,73478863-18899,25-44,Male,White Hispanic
7910,73517104,73517104-18844,Unknown,Unknown,Unknown
7911,73517109,73517109-18852,Unknown,Male,Black
7912,73523965,73523965-18847,Unknown,Unknown,Unknown
7913,73719656,73719656-18932,18-24,Male,Black
7914,73739482,73739482-18923,Unknown,Male,Black Hispanic
7915,73751387,73751387-19164,18-24,Male,Black
7916,73806593,73806593-18940,Unknown,Male,Black Hispanic
7917,73830669,73830669-19361,25-44,Male,Black
7918,73950768,73950768-18988,18-24,Male,Black
7919,73950768,73950768-19070,25-44,Male,Black
7920,73950768,73950768-19071,18-24,Male,Black
7921,73977063,73977063-19159,18-24,Male,Black
7922,74054028,74054028-19021,18-24,Male,White Hispanic
7923,74081464,74081464-19026,<18,Male,Black
7924,74081464,74081464-19128,18-24,Male,Black
7925,74082434,74082434-19027,18-24,Male,Black
7926,74082434,74082434-19028,45-64,Female,Black
7927,74224317,74224317-19063,Unknown,Male,Black
7928,74255289,74255289-19173,25-44,Male,Black
7929,74294850,74294850-19093,Unknown,Male,Black
7930,74294850,74294850-19094,Unknown,Male,Black
7931,74342175,74342175-19124,18-24,Male,Black
7932,74342175,74342175-19201,25-44,Male,Black
7933,74342175,74342175-19398,<18,Male,Black
7934,74363835,74363835-19117,25-44,Male,Black
7935,74568522,74568522-19677,18-24,Male,Black
7936,74777462,74777462-19301,18-24,Male,Black
7937,74867066,74867066-19275,Unknown,Male,Black
7938,75020164,75020164-19343,18-24,Male,Black Hispanic
7939,75163397,75163397-19378,25-44,Male,Black
7940,75330414,75330414-19419,18-24,Male,Black
7941,75356516,75356516-19437,25-44,Male,Black
7942,75431559,75431559-19446,Unknown,Unknown,Unknown
7943,75432710,75432710-19469,25-44,Male,Black
7944,75439785,75439785-24446,25-44,Male,Black
7945,75535654,75535654-19460,Unknown,Unknown,Unknown
7946,75644675,75644675-19478,18-24,Male,Black Hispanic
7947,75644675,75644675-19480,18-24,Male,Black Hispanic
7948,75644675,75644675-19482,18-24,Male,Black Hispanic
7949,75644675,75644675-19483,18-24,Male,Black Hispanic
7950,75756471,75756471-19504,Unknown,Male,Black
7951,75756471,75756471-19505,Unknown,Male,Black
7952,75955403,75955403-19554,18-24,Male,Black Hispanic
7953,76035704,76035704-19571,25-44,Male,Black Hispanic
7954,76664682,76664682-19607,25-44,Male,Black Hispanic
7955,76669400,76669400-19610,18-24,Male,Black
7956,76791480,76791480-19638,25-44,Male,Black
7957,76791480,76791480-19639,25-44,Male,Black
7958,76818984,76818984-19669,18-24,Male,White Hispanic
7959,76848025,76848025-19673,25-44,Male,Black
7960,77104935,77104935-19716,18-24,Male,Black
7961,77565530,77565530-19825,<18,Female,Black
7962,77675824,77675824-19854,Unknown,Male,Black
7963,77747604,77747604-19873,18-24,Male,Black
7964,77792076,77792076-19880,Unknown,Unknown,Unknown
7965,77943026,77943026-20017,18-24,Male,Black
7966,78071027,78071027-20040,<18,Male,Black
7967,78227749,78227749-19980,Unknown,Male,Black
7968,78273396,78273396-19975,<18,Male,Black
7969,78273396,78273396-19976,18-24,Male,Black
7970,78434808,78434808-20053,18-24,Male,Black Hispanic
7971,78434861,78434861-20390,18-24,Male,Unknown
7972,78684959,78684959-20080,Unknown,Unknown,Black
7973,79016632,79016632-20242,18-24,Male,Black
7974,79016632,79016632-20452,18-24,Male,Black
7975,79016632,79016632-20485,<18,Male,Black Hispanic
7976,79258420,79258420-20210,45-64,Male,Black
7977,79323549,79323549-20222,25-44,Male,Black
7978,79410139,79410139-20245,Unknown,Male,Unknown
7979,79410139,79410139-20250,25-44,Male,Black
7980,79479242,79479242-20424,18-24,Male,Black
7981,79570905,79570905-20295,18-24,Male,Black
7982,79613218,79613218-20342,18-24,Female,White Hispanic
7983,79698911,79698911-20325,Unknown,Male,Black
7984,79698911,79698911-20330,<18,Male,Black Hispanic
7985,79726451,79726451-20910,18-24,Male,Black Hispanic
7986,79789467,79789467-20356,45-64,Male,Asian / Pacific Islander
7987,79803016,79803016-20361,25-44,Male,Black
7988,79803017,79803017-20358,Unknown,Unknown,Unknown
7989,79822597,79822597-20528,Unknown,Unknown,Unknown
7990,79823176,79823176-20368,45-64,Male,Black
7991,79853884,79853884-20638,18-24,Male,Black
7992,79871299,79871299-23979,25-44,Male,Black
7993,79871299,79871299-23980,25-44,Male,Black
7994,80009188,80009188-21171,25-44,Male,Black
7995,80102963,80102963-20509,18-24,Male,Black
7996,80154967,80154967-20527,18-24,Male,Black
7997,80390847,80390847-20665,18-24,Male,Black
7998,80432271,80432271-20865,25-44,Male,Black
7999,80478300,80478300-20610,18-24,Male,Black Hispanic
8000,80478300,80478300-20611,18-24,Male,Black Hispanic
8001,80484245,80484245-22923,18-24,Male,Black
8002,80582425,80582425-20663,25-44,Male,Black Hispanic
8003,80682807,80682807-20782,18-24,Male,Black
8004,80811426,80811426-20733,Unknown,Unknown,Unknown
8005,80879448,80879448-20841,25-44,Male,Black
8006,80992133,80992133-20796,18-24,Male,White Hispanic
8007,81038831,81038831-21018,18-24,Male,Black
8008,81073117,81073117-20832,45-64,Male,Black
8009,81217007,81217007-20870,18-24,Male,White Hispanic
8010,81217007,81217007-20933,25-44,Male,White Hispanic
8011,81328636,81328636-21262,<18,Male,Black
8012,81436543,81436543-20908,18-24,Male,Black
8013,81436543,81436543-20909,18-24,Male,Black
8014,81436543,81436543-21281,18-24,Male,Unknown
8015,81446552,81446552-20912,Unknown,Male,Black
8016,81446552,81446552-20913,Unknown,Male,Black
8017,81446552,81446552-20914,Unknown,Male,Black
8018,81787418,81787418-22091,25-44,Male,Black
8019,82030642,82030642-21073,18-24,Male,Black Hispanic
8020,82196649,82196649-21079,<18,Male,Black
8021,82323840,82323840-21108,25-44,Male,Black Hispanic
8022,82873409,82873409-21216,18-24,Male,Black
8023,82874384,82874384-21299,<18,Male,Black
8024,82874384,82874384-21300,<18,Male,Black
8025,83451525,83451525-21330,18-24,Male,Black
8026,83605838,83605838-21371,18-24,Male,Black
8027,83719889,83719889-21413,18-24,Male,White Hispanic
8028,83719889,83719889-21551,18-24,Male,White Hispanic
8029,83881665,83881665-21531,18-24,Male,Black
8030,83881665,83881665-21532,18-24,Male,Black
8031,84217221,84217221-21482,<18,Male,Black
8032,84331253,84331253-21754,18-24,Male,Black Hispanic
8033,84881445,84881445-21628,18-24,Male,White Hispanic
8034,85491311,85491311-22641,18-24,Male,Black
8035,85499584,85499584-21730,18-24,Male,Black Hispanic
8036,85534925,85534925-22018,18-24,Male,Black
8037,85538929,85538929-21915,18-24,Male,Black
8038,85538929,85538929-21916,25-44,Male,Black
8039,85538929,85538929-21917,18-24,Male,Black
8040,85602258,85602258-22215,25-44,Male,Black
8041,85630723,85630723-21856,18-24,Male,Black
8042,85875436,85875436-21874,25-44,Male,White Hispanic
8043,85895223,85895223-21818,25-44,Male,Black
8044,85933510,85933510-21825,18-24,Male,Black
8045,85966079,85966079-21833,18-24,Male,Black
8046,85966079,85966079-21834,25-44,Male,Black
8047,85966079,85966079-21835,18-24,Male,Black
8048,85980014,85980014-21863,18-24,Male,Unknown
8049,85980014,85980014-21864,18-24,Male,Black
8050,85980014,85980014-21865,18-24,Male,Black
8051,85980014,85980014-21866,25-44,Male,Black
8052,86127514,86127514-21880,18-24,Male,Black
8053,86325308,86325308-21923,45-64,Male,Black
8054,86437257,86437257-23225,18-24,Male,Black
8055,86761906,86761906-22013,25-44,Male,Black
8056,86870747,86870747-22028,25-44,Male,Black
8057,86870747,86870747-22029,18-24,Male,Black
8058,86870747,86870747-22030,18-24,Male,Black
8059,86953790,86953790-22148,18-24,Unknown,Black
8060,86990680,86990680-25181,25-44,Male,Black
8061,87108824,87108824-22136,18-24,Male,Black
8062,87147240,87147240-22117,25-44,Male,Black
8063,87872761,87872761-22235,<18,Male,Black
8064,87898766,87898766-22236,18-24,Male,Black
8065,88048819,88048819-22283,25-44,Male,Black
8066,88330798,88330798-22368,18-24,Male,Black
8067,88345678,88345678-25007,18-24,Male,White
8068,88390468,88390468-22333,25-44,Male,Black
8069,88464991,88464991-22402,25-44,Male,Black
8070,88483360,88483360-22355,25-44,Male,Black
8071,88504593,88504593-22376,25-44,Male,Black
8072,88958687,88958687-22824,25-44,Male,Black
8073,90133875,90133875-22668,25-44,Male,Black
8074,90602024,90602024-22721,25-44,Male,Black
8075,90925977,90925977-22752,25-44,Male,Black
8076,90929002,90929002-22742,25-44,Male,White Hispanic
8077,91000084,91000084-22740,25-44,Male,Black
8078,91048615,91048615-22806,18-24,Male,Black
8079,91058000,91058000-22776,18-24,Male,Asian / Pacific Islander
8080,91081721,91081721-22751,25-44,Male,Black
8081,91096873,91096873-22774,<18,Male,Black
8082,91192834,91192834-22765,18-24,Male,Black
8083,91270517,91270517-22777,18-24,Male,Black
8084,91421054,91421054-22834,18-24,Male,Black
8085,91623301,91623301-22865,18-24,Male,White Hispanic
8086,91841927,91841927-22918,25-44,Male,Black
8087,92152095,92152095-22916,25-44,Male,Black
8088,92164937,92164937-22915,25-44,Male,Black
8089,92393424,92393424-22945,25-44,Male,Unknown
8090,92393424,92393424-22955,18-24,Male,Black
8091,92500639,92500639-22997,Unknown,Male,Unknown
8092,92500639,92500639-22998,Unknown,Male,Unknown
8093,92563735,92563735-23309,18-24,Male,Black
8094,92718837,92718837-23028,25-44,Male,Black
8095,93045927,93045927-23059,18-24,Male,Black
8096,93045927,93045927-23061,18-24,Male,Black
8097,93164824,93164824-23096,18-24,Male,Black
8098,93233338,93233338-23092,18-24,Male,Black Hispanic
8099,93233338,93233338-23093,18-24,Male,Black Hispanic
8100,93518824,93518824-23168,25-44,Male,Black
8101,93518824,93518824-23287,25-44,Male,Black
8102,93645908,93645908-23142,18-24,Male,Black Hispanic
8103,93834355,93834355-23174,45-64,Male,White Hispanic
8104,93858473,93858473-23178,25-44,Male,Black
8105,94317620,94317620-23275,<18,Male,Black
8106,94424905,94424905-23283,25-44,Female,Black
8107,94424905,94424905-23285,25-44,Male,Black
8108,94424905,94424905-23373,25-44,Male,Black
8109,94424905,94424905-23505,18-24,Male,Black
8110,94842438,94842438-25171,18-24,Male,Black
8111,95163675,95163675-24011,25-44,Male,Black
8112,95266277,95266277-23466,18-24,Male,Black
8113,95273801,95273801-23417,18-24,Male,Black
8114,95280883,95280883-23831,25-44,Male,White Hispanic
8115,95280883,95280883-24437,25-44,Male,Black
8116,95394923,95394923-23543,18-24,Male,Black
8117,95412315,95412315-23441,18-24,Male,White Hispanic
8118,95412315,95412315-23442,18-24,Female,White Hispanic
8119,109569544,109569544-23520,18-24,Male,Black
8120,136468498,136468498-23697,<18,Male,Black
8121,136563289,136563289-23564,<18,Male,White Hispanic
8122,136563289,136563289-23565,<18,Male,White Hispanic
8123,136669106,136669106-23594,25-44,Male,Black Hispanic
8124,137247991,137247991-23752,<18,Male,White Hispanic
8125,137247993,137247993-24196,18-24,Male,Black
8126,137527676,137527676-23717,25-44,Male,Black
8127,137606774,137606774-23737,18-24,Male,Black
8128,137837460,137837460-24373,<18,Male,White Hispanic
8129,137911838,137911838-23762,25-44,Male,Black
8130,137922052,137922052-23778,<18,Male,Black Hispanic
8131,137944204,137944204-23764,25-44,Male,White
8132,138018819,138018819-23779,25-44,Male,Black
8133,138429904,138429904-23863,18-24,Male,Black Hispanic
8134,138849339,138849339-23932,18-24,Male,Black
8135,138898672,138898672-24201,18-24,Male,Black
8136,139015127,139015127-24814,18-24,Male,Black
8137,139033935,139033935-24026,18-24,Male,Black Hispanic
8138,139033935,139033935-24027,18-24,Male,White Hispanic
8139,139128072,139128072-24185,25-44,Male,Black
8140,139241700,139241700-23998,18-24,Male,Black
8141,139241968,139241968-23992,25-44,Male,Black
8142,139325442,139325442-24005,25-44,Male,Black
8143,139487226,139487226-25619,18-24,Male,Black
8144,139487226,139487226-25620,18-24,Male,Black
8145,139487226,139487226-25621,18-24,Male,Black
8146,139487226,139487226-25622,18-24,Male,Black
8147,139917488,139917488-24158,18-24,Male,Black
8148,139917488,139917488-24159,18-24,Male,Black
8149,139917488,139917488-25373,18-24,Male,Black
8150,139927926,139927926-24155,25-44,Male,Black
8151,140088780,140088780-24121,<18,Male,Asian / Pacific Islander
8152,140088780,140088780-24126,25-44,Male,Black
8153,140105878,140105878-24128,25-44,Male,Black
8154,140180900,140180900-24140,18-24,Male,Black
8155,140318437,140318437-25285,18-24,Male,Black Hispanic
8156,140318437,140318437-25286,18-24,Male,Black
8157,140343087,140343087-25598,18-24,Male,Black
8158,140343087,140343087-25599,18-24,Male,Black
8159,140628575,140628575-24254,18-24,Male,White Hispanic
8160,140628576,140628576-24256,18-24,Male,Black
8161,140628576,140628576-24295,<18,Male,Black
8162,140697170,140697170-24255,18-24,Male,Black Hispanic
8163,140791303,140791303-24271,45-64,Male,White
8164,140791304,140791304-24719,18-24,Male,Black
8165,140791304,140791304-24720,18-24,Male,Black
8166,141078487,141078487-24332,18-24,Male,Black
8167,141108397,141108397-24320,18-24,Male,Black Hispanic
8168,141304492,141304492-24367,25-44,Male,Black
8169,141304492,141304492-24936,18-24,Male,Black
8170,141304492,141304492-24937,18-24,Male,White Hispanic
8171,141793434,141793434-24397,25-44,Male,Black
8172,142091387,142091387-24838,18-24,Male,Black
8173,142414016,142414016-24607,18-24,Male,Black
8174,142742539,142742539-24470,18-24,Male,Black
8175,142902648,142902648-26634,25-44,Male,Black
8176,142902648,142902648-26635,25-44,Male,White Hispanic
8177,142902648,142902648-26651,18-24,Male,White Hispanic
8178,143071751,143071751-25653,18-24,Male,Black
8179,143084079,143084079-24497,25-44,Male,Black
8180,143084079,143084079-24526,18-24,Male,Black
8181,143149270,143149270-24565,25-44,Male,Black
8182,143149270,143149270-24566,25-44,Male,White Hispanic
8183,143149270,143149270-24567,18-24,Male,Black
8184,143158084,143158084-24500,18-24,Male,Black
8185,143158589,143158589-24737,25-44,Male,Black
8186,143726436,143726436-24782,18-24,Male,Black
8187,144323115,144323115-24750,18-24,Male,White Hispanic
8188,144358519,144358519-24765,18-24,Male,Black
8189,144448396,144448396-24678,18-24,Male,Black
8190,144479292,144479292-24638,18-24,Male,Black
8191,144548795,144548795-24747,18-24,Male,Black
8192,144732382,144732382-24768,25-44,Male,White Hispanic
8193,144878523,144878523-24673,<18,Male,Black Hispanic
8194,145473255,145473255-24963,<18,Male,Black
8195,145503525,145503525-24724,25-44,Male,Black
8196,145810839,145810839-25710,<18,Male,White Hispanic
8197,145924877,145924877-24848,25-44,Male,White Hispanic
8198,146282281,146282281-24988,25-44,Male,White Hispanic
8199,146282282,146282282-25305,25-44,Male,Black
8200,146282283,146282283-24989,25-44,Male,Black
8201,146659233,146659233-24853,25-44,Male,Black Hispanic
8202,146877501,146877501-24884,25-44,Male,Black
8203,147023027,147023027-25137,18-24,Male,Black
8204,147548596,147548596-25108,25-44,Male,Black
8205,147981217,147981217-25236,25-44,Male,Black
8206,148364097,148364097-25066,45-64,Male,Black
8207,148512174,148512174-25074,18-24,Male,Black
8208,148865203,148865203-25128,18-24,Male,Black Hispanic
8209,148865203,148865203-25129,<18,Male,Black Hispanic
8210,149029625,149029625-25138,25-44,Male,Black Hispanic
8211,149216136,149216136-25258,18-24,Male,Black
8212,149253187,149253187-25528,25-44,Male,Black
8213,149253187,149253187-25543,18-24,Male,Black
8214,149876555,149876555-25287,18-24,Male,Black
8215,150976933,150976933-25293,25-44,Male,Black
8216,150976933,150976933-25294,25-44,Male,Black
8217,151173889,151173889-25385,18-24,Male,Black
8218,151383173,151383173-25857,25-44,Male,Black
8219,151383173,151383173-26221,18-24,Male,Black
8220,151383173,151383173-26718,25-44,Male,Black
8221,151383175,151383175-25297,18-24,Male,Asian / Pacific Islander
8222,151497203,151497203-25307,18-24,Male,White Hispanic
8223,151964838,151964838-25338,18-24,Male,Black Hispanic
8224,152164624,152164624-25363,<18,Male,Black
8225,152164624,152164624-25379,<18,Male,Black
8226,152396024,152396024-25394,25-44,Male,Black
8227,153970014,153970014-25489,18-24,Male,Unknown
8228,153970014,153970014-25516,18-24,Male,Black
8229,153970015,153970015-25483,25-44,Male,Black
8230,154049396,154049396-25520,25-44,Female,Black
8231,154177094,154177094-25556,18-24,Male,Black
8232,154697432,154697432-26363,18-24,Male,Black
8233,154697432,154697432-26364,18-24,Male,White Hispanic
8234,154774274,154774274-25694,18-24,Male,Black
8235,155775761,155775761-25656,25-44,Male,White Hispanic
8236,156431365,156431365-25895,18-24,Male,Black
8237,156603440,156603440-25728,25-44,Male,Black
8238,156756666,156756666-25750,18-24,Male,White Hispanic
8239,156920839,156920839-26133,18-24,Male,Black
8240,157055742,157055742-25779,25-44,Male,Black Hispanic
8241,157321244,157321244-25902,18-24,Male,Black
8242,157351152,157351152-25813,25-44,Male,Black
8243,158090347,158090347-25886,<18,Male,Black
8244,158090350,158090350-25856,25-44,Female,Black
8245,158090350,158090350-25905,25-44,Male,Black
8246,158447906,158447906-25891,25-44,Male,Black
8247,158832607,158832607-26018,18-24,Male,Black
8248,158832607,158832607-26055,18-24,Male,Black
8249,158832608,158832608-25929,18-24,Male,Black
8250,158843092,158843092-25961,18-24,Male,Black
8251,159053823,159053823-26026,25-44,Male,Black
8252,159203712,159203712-26057,18-24,Male,Black
8253,159259634,159259634-25972,18-24,Male,Black
8254,159259634,159259634-25973,18-24,Male,Black
8255,159259779,159259779-25983,25-44,Male,White Hispanic
8256,161304126,161304126-26120,25-44,Male,White Hispanic
8257,161304126,161304126-26127,25-44,Male,White Hispanic
8258,162610137,162610137-26176,25-44,Male,White
8259,163401370,163401370-26959,25-44,Male,Black
8260,163875944,163875944-26265,18-24,Male,White Hispanic
8261,164814482,164814482-26327,25-44,Male,Black
8262,165492101,165492101-26379,18-24,Male,White Hispanic
8263,166188047,166188047-26542,18-24,Male,Black
8264,166188047,166188047-26543,25-44,Male,White Hispanic
8265,166188251,166188251-1,18-24,Male,Black
8266,166412377,166412377-26414,18-24,Male,White Hispanic
8267,166585771,166585771-26478,18-24,Male,Black
8268,166660834,166660834-26442,25-44,Male,Black
8269,167036562,167036562-26637,<18,Male,Black
8270,167036562,167036562-26639,<18,Male,Black Hispanic
8271,167036562,167036562-26950,18-24,Male,Black
8272,167036562,167036562-26951,<18,Male,Black
8273,169602973,169602973-26686,18-24,Male,Black Hispanic
8274,170264298,170264298-27223,<18,Male,Black
8275,170517784,170517784-26716,18-24,Male,Black
8276,170955523,170955523-26743,25-44,Male,Black Hispanic
8277,171509874,171509874-26799,18-24,Female,Black
8278,171509879,171509879-26770,18-24,Male,Black
8279,171866986,171866986-26800,18-24,Male,Black
8280,172402756,172402756-1,18-24,Male,Black
8281,172402756,172402756-2,18-24,Male,Black
8282,172402756,172402756-27358,18-24,Male,Black
8283,172598898,172598898-26893,25-44,Female,Black
8284,172598898,172598898-26991,25-44,Male,Black
8285,172750204,172750204-26870,45-64,Male,Black
8286,173616168,173616168-26909,18-24,Male,Black Hispanic
8287,175573546,175573546-27009,18-24,Male,Unknown
8288,175685340,175685340-27015,<18,Male,White Hispanic
8289,175685340,175685340-27030,18-24,Male,Unknown
8290,177204825,177204825-27051,25-44,Male,Black
8291,177816333,177816333-27057,25-44,Male,White
8292,178332734,178332734-1,18-24,Male,Black
8293,178332734,178332734-2,18-24,Male,Black
8294,178480482,178480482-27082,25-44,Male,Black
8295,182931013,182931013-1,25-44,Male,White Hispanic
8296,183189826,183189826-27206,25-44,Male,Black
8297,183190790,183190790-27204,25-44,Male,White Hispanic
8298,183217905,183217905-27180,25-44,Male,Black
8299,183435824,183435824-27187,18-24,Male,Black
8300,183435825,183435825-27185,25-44,Male,White Hispanic
8301,183436386,183436386-27294,<18,Male,White Hispanic
8302,184531630,184531630-27262,25-44,Male,Black
8303,185246018,185246018-27325,18-24,Male,Black
8304,185576257,185576257-27347,<18,Male,Black
8305,185952227,185952227-27352,25-44,Male,Black
8306,186047188,186047188-1,18-24,Male,Black
8307,186606591,186606591-1,25-44,Female,White Hispanic
8308,186606594,186606594-1,18-24,Male,Black
8309,186876045,186876045-1,25-44,Male,Black Hispanic
8310,186876047,186876047-1,25-44,Female,Black
8311,187642138,187642138-1,18-24,Male,White Hispanic
8312,188062788,188062788-1,45-64,Male,Black
8313,189580006,189580006-1,<18,Male,Black
8314,189580006,189580006-2,18-24,Male,Black
8315,189869187,189869187-1,18-24,Female,Black
8316,189869187,189869187-2,25-44,Male,Black
8317,190699721,190699721-1,18-24,Male,Black
8318,191409504,191409504-1,18-24,Male,Black
8319,191480612,191480612-1,25-44,Male,Black
8320,192059857,192059857-1,25-44,Male,Black
8321,193214568,193214568-1,18-24,Male,Black
8322,193418294,193418294-1,18-24,Male,Black
8323,194527594,194527594-1,25-44,Male,White Hispanic
8324,194626068,194626068-1,25-44,Male,Black
8325,194817576,194817576-1,25-44,Male,Black
8326,197016008,197016008-1,18-24,Male,White Hispanic
8327,197254458,197254458-1,18-24,Male,Black
8328,197254458,197254458-2,Unknown,Unknown,Unknown
8329,197381375,197381375-1,18-24,Male,Black Hispanic
8330,197700946,197700946-1,25-44,Male,Black
8331,198107752,198107752-2,25-44,Male,White Hispanic
8332,198107752,198107752-3,25-44,Male,Black
8333,198255469,198255469-1,18-24,Male,Black Hispanic
8334,198255469,198255469-2,18-24,Male,Black Hispanic
8335,198350536,198350536-1,18-24,Male,White Hispanic
8336,198857666,198857666-3,25-44,Male,Black
8337,198948495,198948495-1,<18,Male,Asian / Pacific Islander
8338,199526931,199526931-1,18-24,Male,Black
8339,199742307,199742307-1,18-24,Male,Black
8340,200365029,200365029-1,18-24,Male,White Hispanic
8341,200656488,200656488-1,<18,Male,Black
8342,201291297,201291297-1,25-44,Male,Black
8343,201573937,201573937-1,25-44,Male,White Hispanic
8344,201573937,201573937-2,45-64,Male,White Hispanic
8345,201573939,201573939-1,18-24,Male,White Hispanic
8346,201573939,201573939-2,18-24,Male,White Hispanic
8347,202457199,202457199-1,45-64,Male,Black
8348,202770945,202770945-1,25-44,Male,Black
8349,203041424,203041424-1,25-44,Male,Black
8350,203676930,203676930-1,25-44,Male,Black
8351,204458421,204458421-1,18-24,Male,Black
8352,209029422,209029422-1,18-24,Male,Black
8353,209029422,209029422-2,18-24,Female,Black
8354,211273196,211273196-1,45-64,Male,Black
8355,211991685,211991685-1,25-44,Male,Black
8356,212200404,212200404-1,18-24,Male,Black
8357,212400208,212400208-1,25-44,Male,Black
8358,212400208,212400208-2,25-44,Male,Black
8359,213050797,213050797-1,25-44,Male,Black
8360,213121382,213121382-1,25-44,Female,Black Hispanic
8361,213188086,213188086-1,25-44,Male,Black
8362,213228264,213228264-1,25-44,Male,Black
8363,213228264,213228264-2,25-44,Male,Black
8364,213472076,213472076-1,45-64,Male,White Hispanic
8365,214359250,214359250-1,18-24,Male,Black
8366,214431173,214431173-1,25-44,Male,Black
8367,214925803,214925803-1,18-24,Male,Black
8368,214946868,214946868-1,25-44,Male,Black
8369,214946868,214946868-2,25-44,Male,Black
8370,61144238,61144238-16670,18-24,Male,Black
8371,61144238,61144238-16671,18-24,Male,Black
8372,61325373,61325373-16706,25-44,Male,Black
8373,61325373,61325373-16707,25-44,Male,Black
8374,61961052,61961052-16757,25-44,Male,Black
8375,62037560,62037560-16778,Unknown,Unknown,Unknown
8376,62116326,62116326-16781,18-24,Male,Black
8377,62255305,62255305-16818,18-24,Male,Black
8378,62255305,62255305-16819,18-24,Male,Black
8379,62255305,62255305-16820,18-24,Male,Black
8380,62255305,62255305-16821,18-24,Male,Black
8381,62255305,62255305-16822,18-24,Male,Black
8382,62255305,62255305-16823,25-44,Male,Black
8383,62255305,62255305-16824,18-24,Male,Black
8384,62275551,62275551-16840,25-44,Male,Black
8385,62275551,62275551-16950,Unknown,Unknown,Unknown
8386,62328226,62328226-16846,Unknown,Unknown,Unknown
8387,62328878,62328878-16855,Unknown,Unknown,Unknown
8388,62525254,62525254-16882,18-24,Male,Black
8389,62540965,62540965-16887,Unknown,Unknown,Unknown
8390,62773197,62773197-16932,Unknown,Unknown,Unknown
8391,62947235,62947235-16998,Unknown,Male,Black
8392,62947235,62947235-16999,Unknown,Male,Black
8393,63047560,63047560-16989,Unknown,Unknown,Unknown
8394,63587491,63587491-17259,18-24,Male,Black
8395,63613724,63613724-17101,18-24,Male,Black
8396,63656427,63656427-17208,18-24,Male,Black
8397,63736737,63736737-17129,25-44,Male,White Hispanic
8398,63807975,63807975-17136,Unknown,Male,Black
8399,63839080,63839080-17146,25-44,Male,Black
8400,63839080,63839080-17167,18-24,Male,Black
8401,63862509,63862509-17277,25-44,Male,Black
8402,63926769,63926769-17153,Unknown,Male,Black
8403,64086394,64086394-17172,Unknown,Male,Black
8404,64086394,64086394-17173,Unknown,Male,Black
8405,64110890,64110890-17179,25-44,Male,White Hispanic
8406,64132509,64132509-17188,18-24,Male,White Hispanic
8407,64272533,64272533-17238,25-44,Male,Black
8408,64300500,64300500-17248,Unknown,Unknown,Unknown
8409,64342938,64342938-17236,Unknown,Unknown,Unknown
8410,64479272,64479272-17285,Unknown,Male,Black
8411,64510530,64510530-17313,25-44,Male,Black
8412,64612018,64612018-17318,18-24,Male,Black
8413,64612018,64612018-17500,25-44,Male,Black
8414,64689066,64689066-17342,Unknown,Unknown,Unknown
8415,64689374,64689374-17333,18-24,Male,Black
8416,64751903,64751903-17345,25-44,Male,Black
8417,64774464,64774464-17354,Unknown,Unknown,Unknown
8418,64893279,64893279-17909,25-44,Male,Black Hispanic
8419,65037345,65037345-18092,25-44,Male,Black
8420,65043083,65043083-17414,25-44,Male,White Hispanic
8421,65043084,65043084-17553,Unknown,Unknown,Unknown
8422,65121923,65121923-17804,Unknown,Unknown,Unknown
8423,65323134,65323134-17445,18-24,Male,Black
8424,65442285,65442285-17501,Unknown,Unknown,Unknown
8425,65528241,65528241-17513,25-44,Male,Black
8426,65539762,65539762-17470,18-24,Male,Black
8427,65590948,65590948-17477,18-24,Male,Black Hispanic
8428,65758827,65758827-17497,Unknown,Unknown,Unknown
8429,66072343,66072343-17549,Unknown,Unknown,Unknown
8430,66170350,66170350-17588,18-24,Male,Unknown
8431,66170350,66170350-17589,18-24,Male,White Hispanic
8432,66217188,66217188-17600,25-44,Male,White Hispanic
8433,66478633,66478633-17646,Unknown,Unknown,Unknown
8434,66881940,66881940-17683,Unknown,Unknown,Unknown
8435,66984618,66984618-17700,<18,Male,Black
8436,66984618,66984618-17742,<18,Male,Black
8437,67080537,67080537-17805,Unknown,Unknown,Unknown
8438,67360568,67360568-17761,<18,Male,Black
8439,67360568,67360568-17762,18-24,Male,Black
8440,67678775,67678775-17791,18-24,Male,Black
8441,67678777,67678777-17787,Unknown,Unknown,Unknown
8442,67824280,67824280-18499,18-24,Male,Black
8443,67850193,67850193-17826,Unknown,Unknown,Unknown
8444,67872787,67872787-17835,25-44,Male,Black Hispanic
8445,67895116,67895116-17836,18-24,Male,Black
8446,68015428,68015428-17853,Unknown,Unknown,Unknown
8447,68106316,68106316-17864,25-44,Male,Black
8448,68106316,68106316-17865,25-44,Male,Black
8449,68128869,68128869-17878,<18,Male,Black
8450,68152299,68152299-17881,25-44,Male,Black
8451,68250789,68250789-17898,Unknown,Unknown,Unknown
8452,68251162,68251162-18112,Unknown,Unknown,Unknown
8453,68252288,68252288-17896,18-24,Male,White Hispanic
8454,68276442,68276442-17890,Unknown,Male,Black
8455,68310890,68310890-17904,Unknown,Unknown,Unknown
8456,68345088,68345088-17908,Unknown,Unknown,Unknown
8457,68444178,68444178-17919,18-24,Male,Black
8458,68479475,68479475-18142,25-44,Male,Black
8459,68566527,68566527-17932,Unknown,Unknown,Unknown
8460,68668248,68668248-17948,Unknown,Unknown,Unknown
8461,68921750,68921750-17965,Unknown,Male,Unknown
8462,69248520,69248520-18006,<18,Male,Black Hispanic
8463,69248522,69248522-18008,18-24,Female,Black
8464,69294356,69294356-18002,Unknown,Unknown,Unknown
8465,69347162,69347162-18028,18-24,Male,Black
8466,69410711,69410711-18075,Unknown,Male,Black
8467,69526316,69526316-18053,Unknown,Unknown,Unknown
8468,69896894,69896894-18094,25-44,Male,White Hispanic
8469,70848679,70848679-18118,18-24,Male,Black
8470,70864711,70864711-18122,18-24,Male,White Hispanic
8471,70874050,70874050-18130,18-24,Male,Black
8472,70874050,70874050-18131,25-44,Male,Black
8473,70874989,70874989-18133,Unknown,Unknown,Unknown
8474,70892758,70892758-18141,18-24,Male,Black
8475,70892758,70892758-18317,25-44,Male,Black
8476,70892758,70892758-18318,25-44,Male,Black
8477,70892758,70892758-18324,25-44,Male,Black
8478,71171838,71171838-18201,Unknown,Male,Black
8479,71171838,71171838-18202,Unknown,Male,Black
8480,71414527,71414527-18727,18-24,Male,Black
8481,71507591,71507591-18264,18-24,Male,White Hispanic
8482,71514503,71514503-18423,18-24,Male,Black
8483,71523092,71523092-18269,18-24,Male,Black
8484,71531608,71531608-18278,Unknown,Male,Black
8485,71531608,71531608-18279,Unknown,Male,Black
8486,71633348,71633348-18295,25-44,Male,Black
8487,71633348,71633348-18305,18-24,Male,Black
8488,71671180,71671180-18314,25-44,Male,Black
8489,71681562,71681562-18313,18-24,Male,Black
8490,71681562,71681562-18369,25-44,Male,Black
8491,71681563,71681563-18315,Unknown,Unknown,Unknown
8492,71738205,71738205-18330,Unknown,Male,Black
8493,71841287,71841287-18378,18-24,Male,Black
8494,72018411,72018411-18421,Unknown,Male,Unknown
8495,72087872,72087872-18465,18-24,Male,Black
8496,72115856,72115856-18441,Unknown,Male,Black
8497,72115856,72115856-18442,Unknown,Male,Black
8498,72115856,72115856-18443,Unknown,Male,Black
8499,72181025,72181025-18459,25-44,Male,Black
8500,72209415,72209415-18482,Unknown,Unknown,Unknown
8501,72272475,72272475-18497,25-44,Male,White Hispanic
8502,72446069,72446069-18568,18-24,Male,Black
8503,72446069,72446069-18569,Unknown,Male,Black
8504,72464913,72464913-18665,Unknown,Male,Black
8505,72578410,72578410-18606,18-24,Male,Black
8506,72609736,72609736-18608,<18,Male,Black
8507,72733353,72733353-18641,Unknown,Male,Black
8508,72733353,72733353-18642,Unknown,Male,Black
8509,72733353,72733353-18643,Unknown,Male,Black
8510,72752376,72752376-18649,18-24,Male,Black
8511,72806026,72806026-18715,25-44,Male,White Hispanic
8512,72886619,72886619-18685,18-24,Male,Black
8513,72901676,72901676-18683,25-44,Male,White Hispanic
8514,72901676,72901676-18684,25-44,Male,Black
8515,73074972,73074972-18717,25-44,Female,White Hispanic
8516,73074972,73074972-18718,45-64,Male,Black
8517,73148559,73148559-18738,25-44,Male,Black
8518,73158002,73158002-18732,25-44,Male,Black
8519,73204778,73204778-18743,25-44,Male,Black
8520,73418148,73418148-18808,Unknown,Male,Black
8521,73517103,73517103-18843,25-44,Male,Asian / Pacific Islander
8522,73523966,73523966-18848,Unknown,Unknown,Unknown
8523,73725616,73725616-19848,25-44,Male,White Hispanic
8524,73759965,73759965-18928,<18,Male,Black
8525,73850171,73850171-18974,18-24,Male,Black
8526,74063908,74063908-19061,<18,Male,Black
8527,74153576,74153576-19045,Unknown,Unknown,Unknown
8528,74234829,74234829-19065,Unknown,Unknown,Unknown
8529,74240984,74240984-22965,25-44,Male,Black
8530,74420476,74420476-19215,18-24,Male,Black
8531,74428637,74428637-19965,25-44,Male,Black
8532,74480377,74480377-19150,Unknown,Unknown,Unknown
8533,74505513,74505513-19163,45-64,Female,Black
8534,74524209,74524209-19200,18-24,Male,White Hispanic
8535,74667359,74667359-19211,Unknown,Unknown,Unknown
8536,74768858,74768858-19245,18-24,Male,Black
8537,74999322,74999322-19319,18-24,Male,White Hispanic
8538,75028318,75028318-19335,25-44,Male,Black
8539,75645329,75645329-19479,18-24,Male,Black
8540,76088534,76088534-19626,18-24,Male,White
8541,76088534,76088534-19627,18-24,Male,Asian / Pacific Islander
8542,76565993,76565993-19584,<18,Male,Black
8543,76589630,76589630-19641,25-44,Male,Black
8544,76601763,76601763-19662,18-24,Male,Black
8545,76618864,76618864-19596,Unknown,Male,White Hispanic
8546,76898642,76898642-19674,Unknown,Male,Black
8547,76898642,76898642-19675,Unknown,Male,Black
8548,77648338,77648338-19847,18-24,Male,Black
8549,78030517,78030517-19917,25-44,Male,Black
8550,78313803,78313803-20047,18-24,Male,Black
8551,78453055,78453055-20190,25-44,Male,Black
8552,78538531,78538531-20038,<18,Male,Unknown
8553,78538531,78538531-22664,18-24,Male,White Hispanic
8554,78538531,78538531-22665,18-24,Male,White Hispanic
8555,78807666,78807666-20701,25-44,Male,Black
8556,79008021,79008021-20153,25-44,Male,White Hispanic
8557,79379294,79379294-20244,25-44,Male,Black
8558,79379294,79379294-20251,18-24,Male,Black
8559,79400586,79400586-20253,<18,Male,White Hispanic
8560,79415492,79415492-20278,18-24,Male,White
8561,79415492,79415492-20279,25-44,Male,White
8562,79415492,79415492-20280,25-44,Male,White
8563,79636126,79636126-20682,18-24,Male,Black Hispanic
8564,79685781,79685781-20324,25-44,Male,Black
8565,80056444,80056444-20666,25-44,Female,White
8566,80056444,80056444-20667,25-44,Male,White Hispanic
8567,80228440,80228440-20522,18-24,Male,Black
8568,80480292,80480292-20609,25-44,Male,Black
8569,80654704,80654704-20687,<18,Male,Black
8570,80722903,80722903-20729,25-44,Male,Black
8571,80750602,80750602-1,25-44,Male,Black
8572,80844439,80844439-20768,18-24,Male,Black
8573,80879916,80879916-20867,25-44,Male,Black Hispanic
8574,80937863,80937863-22140,18-24,Male,Black
8575,81445165,81445165-20917,25-44,Male,Black
8576,81806062,81806062-21188,18-24,Male,Black
8577,81834285,81834285-21017,18-24,Male,Black
8578,82143106,82143106-21152,25-44,Male,Black
8579,82143106,82143106-21390,25-44,Female,Black
8580,82143106,82143106-21391,<18,Female,Black
8581,82143106,82143106-21728,18-24,Male,Black
8582,82143106,82143106-21784,18-24,Male,Black
8583,82228623,82228623-21212,25-44,Male,Black
8584,82228623,82228623-21213,25-44,Male,Black
8585,82347796,82347796-21284,18-24,Male,Black
8586,82361864,82361864-21124,18-24,Male,Black
8587,82361864,82361864-21125,<18,Male,Black
8588,82411147,82411147-21128,18-24,Male,White Hispanic
8589,82411147,82411147-21129,18-24,Male,Black
8590,82585371,82585371-21174,18-24,Male,Black
8591,82585371,82585371-21190,25-44,Male,Black Hispanic
8592,82873994,82873994-21217,25-44,Male,Black
8593,82944114,82944114-21233,Unknown,Male,Black
8594,83002393,83002393-25477,25-44,Male,Black Hispanic
8595,83356087,83356087-21313,18-24,Male,Black
8596,83595510,83595510-21374,25-44,Male,Black
8597,84228144,84228144-21475,25-44,Male,Black
8598,84410872,84410872-21786,25-44,Male,White Hispanic
8599,84683254,84683254-21649,18-24,Male,Black
8600,84711859,84711859-21570,<18,Male,Black
8601,84913523,84913523-21603,18-24,Male,White Hispanic
8602,84945383,84945383-21601,18-24,Male,Black
8603,84953389,84953389-21688,25-44,Male,Black
8604,84972819,84972819-21609,45-64,Male,Black
8605,85236847,85236847-21665,25-44,Male,White
8606,85556744,85556744-21751,25-44,Male,Black
8607,85662593,85662593-21800,18-24,Male,Black
8608,85662593,85662593-21801,18-24,Male,Black
8609,85800948,85800948-21846,25-44,Male,Black
8610,85914620,85914620-21893,25-44,Male,Black
8611,86007293,86007293-21858,18-24,Male,Black
8612,86014370,86014370-22060,25-44,Male,Black
8613,86087357,86087357-21861,18-24,Male,White Hispanic
8614,86087357,86087357-21862,18-24,Male,Black
8615,86093305,86093305-21885,18-24,Male,Black
8616,86093305,86093305-22097,18-24,Male,Black
8617,86146319,86146319-22059,18-24,Male,Black
8618,86146319,86146319-22150,18-24,Male,Black
8619,86185347,86185347-21888,25-44,Male,Black
8620,86537761,86537761-21973,18-24,Male,Black
8621,86546323,86546323-21976,25-44,Male,Black
8622,86608316,86608316-21988,65+,Male,White
8623,86638684,86638684-25767,25-44,Male,White Hispanic
8624,86914740,86914740-22554,18-24,Male,Black
8625,86914740,86914740-22555,18-24,Male,Black
8626,86945694,86945694-22131,25-44,Male,Black
8627,87349061,87349061-22205,<18,Male,Black Hispanic
8628,87349108,87349108-22137,18-24,Male,Black
8629,87368205,87368205-22142,25-44,Male,Black
8630,87447310,87447310-22159,18-24,Male,White Hispanic
8631,87521841,87521841-22171,<18,Male,Black
8632,87670468,87670468-22196,25-44,Male,White Hispanic
8633,87819770,87819770-22227,18-24,Male,White Hispanic
8634,87909868,87909868-22361,18-24,Male,Black
8635,88222682,88222682-22442,25-44,Male,Black Hispanic
8636,88359503,88359503-22358,18-24,Male,Black
8637,88430220,88430220-22343,25-44,Male,Black
8638,88483359,88483359-22350,18-24,Male,Black
8639,88483359,88483359-22351,18-24,Male,Black Hispanic
8640,88483359,88483359-22352,18-24,Male,Black
8641,88483359,88483359-22353,18-24,Male,Black Hispanic
8642,89238891,89238891-22497,18-24,Male,Black
8643,90014231,90014231-23304,18-24,Male,Black
8644,90014231,90014231-23305,18-24,Male,Black
8645,90014231,90014231-23306,18-24,Male,Black
8646,90160643,90160643-22614,18-24,Male,Black
8647,90179077,90179077-22732,25-44,Male,Unknown
8648,90215685,90215685-22646,25-44,Male,Black
8649,90215685,90215685-22679,25-44,Male,White
8650,90702196,90702196-22696,18-24,Male,Black
8651,90771254,90771254-22701,18-24,Male,White Hispanic
8652,91274972,91274972-22813,<18,Male,Black
8653,91399595,91399595-22802,18-24,Male,Black
8654,91399595,91399595-22814,25-44,Male,Black
8655,91500049,91500049-22812,25-44,Male,Black
8656,91727928,91727928-22844,25-44,Male,White Hispanic
8657,91857479,91857479-22860,18-24,Male,Black
8658,92079600,92079600-22917,18-24,Male,Black
8659,92115055,92115055-22957,18-24,Male,Black
8660,92115055,92115055-22958,18-24,Male,Black
8661,92165495,92165495-22909,25-44,Female,Black
8662,92275441,92275441-22930,<18,Male,Black
8663,92489482,92489482-22970,18-24,Male,White Hispanic
8664,92507553,92507553-22992,18-24,Male,Black
8665,92507553,92507553-23012,18-24,Male,Black
8666,92821824,92821824-23063,25-44,Male,Black
8667,92952442,92952442-23469,18-24,Male,Black
8668,93350811,93350811-23169,18-24,Male,Black
8669,93386807,93386807-23141,18-24,Male,Black
8670,93443185,93443185-23187,25-44,Male,Black
8671,93509180,93509180-23123,<18,Male,Black
8672,93518825,93518825-23125,18-24,Male,Black Hispanic
8673,93685464,93685464-23147,25-44,Male,Black
8674,93733773,93733773-23153,18-24,Male,Unknown
8675,94128334,94128334-23280,Unknown,Unknown,Unknown
8676,94136968,94136968-23461,25-44,Male,Black
8677,94224973,94224973-23270,18-24,Male,Black
8678,94723318,94723318-23336,18-24,Male,Black
8679,94723318,94723318-23337,18-24,Male,Black
8680,94723318,94723318-23338,18-24,Male,Black
8681,94724170,94724170-23374,25-44,Male,Black
8682,94724170,94724170-23375,18-24,Male,Black
8683,94724170,94724170-23376,25-44,Male,Black
8684,109269556,109269556-23535,25-44,Male,Black Hispanic
8685,109269556,109269556-23536,25-44,Male,White Hispanic
8686,109548915,109548915-23512,18-24,Male,Black
8687,109576340,109576340-23600,18-24,Male,Black Hispanic
8688,109576340,109576340-23601,18-24,Male,Black
8689,109633094,109633094-23916,18-24,Male,Black
8690,136393516,136393516-23646,18-24,Male,Black
8691,136463812,136463812-23571,18-24,Male,Black Hispanic
8692,136922593,136922593-23626,25-44,Male,Black
8693,136941605,136941605-23632,18-24,Male,Black Hispanic
8694,137018804,137018804-23641,18-24,Male,Black
8695,137047327,137047327-23645,25-44,Male,Black
8696,137334597,137334597-23721,18-24,Male,Black Hispanic
8697,137473572,137473572-23705,25-44,Male,White
8698,137696449,137696449-23736,18-24,Male,Black
8699,137911839,137911839-23909,18-24,Male,Black
8700,137999380,137999380-23786,18-24,Male,White Hispanic
8701,138027503,138027503-23777,18-24,Male,Black
8702,138027505,138027505-23937,25-44,Male,Black
8703,138313334,138313334-23874,18-24,Male,Black
8704,138313334,138313334-24634,25-44,Male,Black
8705,138899572,138899572-23945,25-44,Male,Black
8706,139241969,139241969-23993,25-44,Male,Black Hispanic
8707,139353968,139353968-25624,18-24,Male,Black
8708,139392076,139392076-24733,18-24,Male,Black
8709,139466572,139466572-24066,18-24,Male,Black
8710,139602103,139602103-24038,25-44,Male,Black
8711,139783264,139783264-24080,45-64,Male,Black Hispanic
8712,139909805,139909805-24123,18-24,Male,White Hispanic
8713,139909805,139909805-24124,18-24,Male,Black Hispanic
8714,139909805,139909805-24125,<18,Male,White Hispanic
8715,140168263,140168263-24244,25-44,Male,Black
8716,140168264,140168264-24176,<18,Male,White Hispanic
8717,140168264,140168264-24177,18-24,Male,White Hispanic
8718,140168264,140168264-25284,18-24,Male,Black Hispanic
8719,140180901,140180901-24144,18-24,Male,Black
8720,140266851,140266851-24237,25-44,Male,Unknown
8721,140398208,140398208-24284,25-44,Male,Black
8722,140424110,140424110-24209,18-24,Male,Black Hispanic
8723,140466125,140466125-24217,25-44,Male,Black
8724,140466125,140466125-24218,18-24,Male,Black
8725,140539963,140539963-24230,18-24,Male,Black
8726,140663491,140663491-26519,18-24,Male,Black
8727,140776405,140776405-24272,18-24,Male,Black
8728,140944022,140944022-24301,25-44,Male,Asian / Pacific Islander
8729,141024728,141024728-24327,25-44,Male,White Hispanic
8730,141024728,141024728-24342,18-24,Male,Black Hispanic
8731,141091744,141091744-1,25-44,Male,Black Hispanic
8732,141166112,141166112-24374,18-24,Male,White Hispanic
8733,141229710,141229710-24364,25-44,Male,Black
8734,141229710,141229710-24480,18-24,Male,Black
8735,141236159,141236159-24353,25-44,Male,Black
8736,141236159,141236159-26757,25-44,Male,Black
8737,141236159,141236159-26764,25-44,Male,Black
8738,141298010,141298010-24348,18-24,Male,White Hispanic
8739,141298010,141298010-24349,<18,Male,Black Hispanic
8740,141298010,141298010-24925,<18,Male,Black Hispanic
8741,141913424,141913424-24953,25-44,Male,Black
8742,141940431,141940431-24537,<18,Male,White Hispanic
8743,141940431,141940431-24806,25-44,Male,Black Hispanic
8744,141940431,141940431-24807,<18,Male,Black
8745,141940431,141940431-24808,<18,Male,Black
8746,142091373,142091373-24411,18-24,Male,Black Hispanic
8747,142091373,142091373-24412,45-64,Male,Black Hispanic
8748,142169532,142169532-24452,18-24,Male,Black
8749,142247296,142247296-25169,18-24,Male,Black
8750,142331175,142331175-24563,18-24,Male,Black
8751,142451735,142451735-24482,<18,Male,Black
8752,142451735,142451735-24483,<18,Male,Black
8753,142451735,142451735-24484,18-24,Male,Black
8754,142451735,142451735-24485,<18,Male,Black
8755,142504469,142504469-24463,<18,Male,Black
8756,142712292,142712292-24809,<18,Male,Black Hispanic
8757,143214816,143214816-24821,18-24,Male,White Hispanic
8758,143214816,143214816-24822,25-44,Male,Black
8759,143214816,143214816-25848,25-44,Male,Black
8760,143214816,143214816-25849,25-44,Male,Black
8761,143285308,143285308-24516,18-24,Male,Black
8762,143285308,143285308-24531,<18,Male,White Hispanic
8763,143522072,143522072-1,25-44,Male,Black
8764,143522072,143522072-2,25-44,Male,Black Hispanic
8765,143583695,143583695-24541,25-44,Male,Black Hispanic
8766,143641822,143641822-24585,25-44,Male,Black
8767,143641822,143641822-24735,18-24,Male,Black
8768,143677941,143677941-24550,25-44,Male,White
8769,143715162,143715162-24556,18-24,Female,Black
8770,143715162,143715162-24557,<18,Male,Black
8771,143715162,143715162-24558,18-24,Male,Black
8772,144064912,144064912-24621,25-44,Male,Black
8773,144101611,144101611-24609,18-24,Male,Black
8774,144389462,144389462-24642,25-44,Male,Black
8775,144809937,144809937-24671,<18,Male,Black
8776,144943456,144943456-24712,18-24,Male,White Hispanic
8777,145192985,145192985-24721,25-44,Male,Black
8778,145559210,145559210-24844,18-24,Male,Black
8779,145559869,145559869-24784,25-44,Female,Black
8780,145727179,145727179-24744,25-44,Male,Black
8781,145875834,145875834-24778,25-44,Male,Black
8782,145884331,145884331-24774,18-24,Male,Black
8783,145924874,145924874-24812,25-44,Male,Black
8784,146477560,146477560-24849,18-24,Male,White
8785,146477560,146477560-25005,18-24,Male,Black Hispanic
8786,146477560,146477560-25006,<18,Male,White Hispanic
8787,146477560,146477560-25043,18-24,Male,White Hispanic
8788,146477563,146477563-24886,25-44,Male,Black
8789,146884791,146884791-24888,25-44,Male,Black
8790,147024012,147024012-25166,18-24,Male,Black
8791,147024012,147024012-25331,25-44,Male,Black
8792,147024012,147024012-25346,18-24,Male,Black
8793,147237493,147237493-25101,18-24,Male,Black
8794,148518144,148518144-26544,18-24,Male,Black
8795,148620809,148620809-25231,18-24,Male,Black
8796,148853412,148853412-25104,25-44,Male,White Hispanic
8797,150102330,150102330-25192,18-24,Male,Black
8798,151098844,151098844-25304,18-24,Male,Black
8799,151124447,151124447-25272,18-24,Male,Black
8800,151321351,151321351-25291,25-44,Male,Black
8801,151770858,151770858-26044,25-44,Male,Black
8802,152868707,152868707-25456,18-24,Male,Black
8803,153084518,153084518-25417,25-44,Male,Black
8804,153292606,153292606-25432,45-64,Male,Black
8805,153615010,153615010-25557,18-24,Male,Black
8806,153907005,153907005-25480,18-24,Male,Black
8807,153907005,153907005-25485,<18,Male,Black
8808,153907005,153907005-25486,<18,Female,Black
8809,154960798,154960798-25592,18-24,Male,Black
8810,155571771,155571771-25633,<18,Male,Black Hispanic
8811,155609034,155609034-25869,25-44,Male,Black
8812,155609034,155609034-26039,25-44,Male,Black
8813,155775943,155775943-25809,18-24,Male,Black
8814,156456844,156456844-25707,18-24,Male,Black
8815,156626003,156626003-25738,25-44,Male,Black
8816,157151995,157151995-25847,18-24,Male,Black
8817,157151995,157151995-25908,18-24,Male,Black
8818,157629232,157629232-25824,18-24,Male,Black
8819,157639146,157639146-25822,25-44,Male,Black
8820,157639146,157639146-27173,45-64,Male,Black
8821,157639146,157639146-27174,45-64,Male,Black
8822,157656571,157656571-25865,25-44,Male,Black
8823,157924991,157924991-26006,18-24,Male,Black Hispanic
8824,158064291,158064291-25851,25-44,Male,White Hispanic
8825,158860763,158860763-25934,18-24,Male,Black
8826,159451769,159451769-26020,25-44,Male,Black
8827,159478999,159478999-25993,25-44,Male,Black
8828,162655500,162655500-26190,18-24,Male,Black
8829,162655500,162655500-26191,18-24,Male,Black
8830,162945059,162945059-26767,25-44,Male,White Hispanic
8831,164301446,164301446-26425,18-24,Male,Black
8832,164301446,164301446-26426,18-24,Male,Black Hispanic
8833,164597435,164597435-26309,<18,Male,Black
8834,164597435,164597435-26310,<18,Male,Black
8835,164887362,164887362-26328,18-24,Male,Black
8836,165492100,165492100-26653,25-44,Male,Black
8837,165492250,165492250-26377,18-24,Male,Black
8838,166152720,166152720-26524,18-24,Male,Black
8839,166660832,166660832-26438,25-44,Male,White Hispanic
8840,168306062,168306062-26569,18-24,Male,Black
8841,168528145,168528145-26602,25-44,Male,Black
8842,168757749,168757749-26612,18-24,Male,Black
8843,168819245,168819245-26945,25-44,Male,Black
8844,169717794,169717794-26682,25-44,Male,Black
8845,169761300,169761300-26663,18-24,Male,Black
8846,170063918,170063918-26694,25-44,Male,Black
8847,170873192,170873192-26977,18-24,Male,Black
8848,171692499,171692499-26816,18-24,Male,Black
8849,171692499,171692499-26830,18-24,Male,Black
8850,171692499,171692499-26832,18-24,Male,Black
8851,172479300,172479300-26838,18-24,Male,Black
8852,172950617,172950617-26869,18-24,Male,Black
8853,172950617,172950617-26876,18-24,Male,Black
8854,173247367,173247367-26899,18-24,Male,Black Hispanic
8855,173652218,173652218-26916,25-44,Male,Black Hispanic
8856,173922834,173922834-26923,25-44,Male,Black
8857,174660908,174660908-1,25-44,Male,Black
8858,175944199,175944199-27026,25-44,Male,White
8859,176214209,176214209-1,25-44,Male,White Hispanic
8860,176214209,176214209-27033,25-44,Male,White Hispanic
8861,176214209,176214209-27042,25-44,Male,White Hispanic
8862,176296360,176296360-27034,25-44,Male,Black Hispanic
8863,177971352,177971352-27065,25-44,Male,Black
8864,178240748,178240748-27075,25-44,Male,White Hispanic
8865,178564737,178564737-27115,25-44,Male,Black
8866,182931015,182931015-27141,65+,Male,White
8867,183190787,183190787-1,18-24,Male,Black
8868,183729038,183729038-27200,18-24,Male,White Hispanic
8869,183867923,183867923-27282,25-44,Male,White Hispanic
8870,184156177,184156177-27212,25-44,Male,Black
8871,185296320,185296320-1,18-24,Male,Black
8872,186329307,186329307-27369,25-44,Male,Black
8873,187676793,187676793-1,25-44,Male,Black
8874,188400001,188400001-1,25-44,Male,Black
8875,190507404,190507404-1,18-24,Male,Black
8876,191089380,191089380-1,18-24,Male,Black
8877,191479842,191479842-1,<18,Male,Black
8878,191681600,191681600-1,25-44,Male,Black
8879,191681600,191681600-2,25-44,Male,Black
8880,191681600,191681600-3,25-44,Male,Black
8881,191997175,191997175-1,18-24,Male,White Hispanic
8882,191997175,191997175-2,18-24,Male,Black
8883,192699974,192699974-2,25-44,Male,Black
8884,193732895,193732895-1,45-64,Male,Black
8885,194525841,194525841-1,25-44,Male,White Hispanic
8886,194817574,194817574-1,25-44,Male,Black
8887,195013388,195013388-1,18-24,Male,Black
8888,195303946,195303946-1,25-44,Male,Unknown
8889,195799803,195799803-1,18-24,Male,Black
8890,195907494,195907494-1,25-44,Male,Black
8891,195907494,195907494-2,25-44,Male,Black
8892,197293451,197293451-1,18-24,Male,Black
8893,197573448,197573448-1,25-44,Male,Black
8894,197660693,197660693-1,25-44,Male,Black
8895,197692916,197692916-1,18-24,Male,Black
8896,197692916,197692916-2,<18,Male,Black
8897,198405079,198405079-1,25-44,Male,Black
8898,198948498,198948498-1,65+,Male,Unknown
8899,199134398,199134398-1,18-24,Male,Black
8900,199483245,199483245-1,45-64,Male,White Hispanic
8901,199582060,199582060-1,25-44,Male,Black
8902,200056612,200056612-1,25-44,Male,Black
8903,200056612,200056612-2,Unknown,Unknown,Unknown
8904,200056614,200056614-2,18-24,Male,Black
8905,200331333,200331333-1,18-24,Male,Black
8906,200365032,200365032-1,18-24,Male,White Hispanic
8907,200995687,200995687-1,18-24,Male,Black
8908,201483469,201483469-1,45-64,Male,Black
8909,201573935,201573935-2,25-44,Male,Asian / Pacific Islander
8910,201573942,201573942-1,18-24,Unknown,Unknown
8911,201851567,201851567-1,25-44,Male,White Hispanic
8912,201851568,201851568-1,25-44,Male,Black
8913,202139599,202139599-1,25-44,Male,Black
8914,202139599,202139599-2,25-44,Male,Black
8915,202139599,202139599-3,18-24,Male,Unknown
8916,202457205,202457205-1,18-24,Male,Black
8917,202458696,202458696-1,<18,Male,Black
8918,202853371,202853371-1,18-24,Male,Black
8919,203207191,203207191-1,18-24,Male,White Hispanic
8920,204054325,204054325-1,25-44,Male,Black
8921,204054325,204054325-2,25-44,Male,Black
8922,205748549,205748549-1,25-44,Male,Black
8923,206090803,206090803-1,18-24,Male,White Hispanic
8924,206090803,206090803-2,18-24,Male,Black
8925,207571934,207571934-1,18-24,Male,Black
8926,207571934,207571934-2,18-24,Male,Black
8927,207571934,207571934-3,<18,Male,Black
8928,207815720,207815720-1,25-44,Male,Black
8929,208309289,208309289-1,<18,Male,Black
8930,209281504,209281504-1,45-64,Male,Black
8931,209974083,209974083-1,25-44,Male,Black
8932,210156781,210156781-1,18-24,Male,Black Hispanic
8933,210338029,210338029-1,25-44,Male,Black
8934,210953391,210953391-1,18-24,Male,Black
8935,211066103,211066103-1,18-24,Male,Black
8936,211788599,211788599-1,18-24,Male,Black
8937,211788599,211788599-2,18-24,Male,Black
8938,211788599,211788599-3,<18,Male,Black
8939,211794117,211794117-1,25-44,Male,Black
8940,211866484,211866484-1,25-44,Male,White
8941,212998635,212998635-1,25-44,Male,Black
8942,213724257,213724257-1,25-44,Male,Black
8943,213724257,213724257-2,25-44,Male,Black
8944,213819783,213819783-1,18-24,Male,White
8945,213923359,213923359-1,18-24,Male,Black
8946,214513028,214513028-1,25-44,Male,Black
8947,214561879,214561879-1,18-24,Male,Black
8948,214607781,214607781-1,25-44,Male,White Hispanic
8949,214607781,214607781-2,25-44,Male,Black
8950,214694692,214694692-1,25-44,Male,Black
8951,214694692,214694692-2,25-44,Female,Black
8952,214778541,214778541-1,18-24,Male,Black
8953,214778541,214778541-2,<18,Male,Black
8954,215223446,215223446-1,25-44,Male,White Hispanic
8955,215223449,215223449-1,18-24,Male,Black
8956,215485984,215485984-1,25-44,Male,Black
8957,215485985,215485985-1,25-44,Male,Black
8958,215643885,215643885-1,18-24,Male,Black
8959,215771192,215771192-1,<18,Male,Black
8960,216360326,216360326-1,25-44,Male,Black
8961,216928801,216928801-1,25-44,Male,Black
8962,217420954,217420954-1,25-44,Male,White Hispanic
8963,217420954,217420954-2,25-44,Male,Asian / Pacific Islander
8964,217513741,217513741-1,25-44,Male,White Hispanic
8965,217593703,217593703-1,18-24,Male,Black
8966,217593703,217593703-2,18-24,Male,Black
8967,217773055,217773055-1,25-44,Male,Black
8968,217773055,217773055-2,25-44,Male,Black
8969,217773082,217773082-1,25-44,Male,White Hispanic
8970,218265365,218265365-1,25-44,Male,White Hispanic
8971,219438251,219438251-1,18-24,Male,Black
8972,219862700,219862700-1,25-44,Male,Black
8973,220122285,220122285-1,25-44,Male,Asian / Pacific Islander
8974,220296952,220296952-1,45-64,Male,Black
8975,220409035,220409035-1,18-24,Male,Black
8976,220553703,220553703-1,18-24,Male,White Hispanic
8977,220553703,220553703-2,18-24,Male,White Hispanic
8978,220863880,220863880-1,18-24,Male,Black
8979,221103183,221103183-1,25-44,Male,Black
8980,221490195,221490195-1,18-24,Male,Black
8981,221767279,221767279-1,25-44,Male,White Hispanic
8982,222048744,222048744-1,25-44,Male,White Hispanic
8983,222274910,222274910-1,18-24,Male,White Hispanic
8984,222468112,222468112-1,18-24,Male,Black
8985,222468112,222468112-2,18-24,Male,Black
8986,222539215,222539215-1,18-24,Male,Black
8987,222560299,222560299-1,25-44,Male,White Hispanic
8988,222772733,222772733-1,25-44,Male,Black
8989,225089050,225089050-1,18-24,Male,Black
8990,225123288,225123288-1,18-24,Male,White Hispanic
8991,225601140,225601140-1,18-24,Male,Black Hispanic
8992,225663031,225663031-1,18-24,Male,Black
8993,226705225,226705225-1,<18,Male,Black
8994,227127702,227127702-1,18-24,Male,Asian / Pacific Islander
8995,227344203,227344203-1,18-24,Male,Black
8996,227344213,227344213-1,18-24,Male,White Hispanic
8997,227344213,227344213-2,18-24,Female,White Hispanic
8998,227950649,227950649-1,45-64,Male,Black
8999,228258485,228258485-1,18-24,Male,White Hispanic
9000,228798149,228798149-1,<18,Male,Black Hispanic
9001,229089207,229089207-1,25-44,Male,Black
9002,229164957,229164957-1,45-64,Male,White Hispanic
9003,229169935,229169935-1,18-24,Male,Asian / Pacific Islander
9004,229192994,229192994-1,<18,Male,White Hispanic
9005,229493100,229493100-1,<18,Male,White Hispanic
9006,229493100,229493100-2,<18,Male,White Hispanic
9007,229493100,229493100-3,<18,Male,White Hispanic
9008,229507546,229507546-1,25-44,Male,Black
9009,229608118,229608118-1,25-44,Female,Black
9010,229822600,229822600-1,<18,Male,Black
9011,230162216,230162216-1,25-44,Male,Black Hispanic
9012,230193608,230193608-1,25-44,Male,Black
9013,230713945,230713945-1,18-24,Male,Black
9014,230741371,230741371-1,<18,Male,Black
9015,230835286,230835286-1,25-44,Male,Black
9016,230885991,230885991-1,25-44,Male,Black
9017,230885993,230885993-1,25-44,Male,Black
9018,231631685,231631685-1,25-44,Male,Black Hispanic
9019,231631685,231631685-2,25-44,Male,Black Hispanic
9020,231633889,231633889-1,25-44,Male,White Hispanic
9021,231941260,231941260-1,18-24,Male,Black
9022,231941260,231941260-2,<18,Male,Black
9023,231941628,231941628-1,25-44,Male,Black
9024,231965179,231965179-1,25-44,Male,Black
9025,232188181,232188181-1,18-24,Male,White Hispanic
9026,232264786,232264786-1,18-24,Male,Black
9027,232264786,232264786-2,18-24,Male,Black
9028,232264786,232264786-3,18-24,Male,Black
9029,232291476,232291476-1,25-44,Male,Black
9030,232293318,232293318-1,25-44,Male,White Hispanic
9031,232497428,232497428-1,45-64,Male,Black
9032,232733684,232733684-1,18-24,Male,White Hispanic
9033,232733684,232733684-2,18-24,Male,Black
9034,232924794,232924794-1,25-44,Male,Black
9035,233470540,233470540-3,25-44,Male,Black Hispanic
9036,233470540,233470540-4,25-44,Male,White Hispanic
9037,233886293,233886293-1,<18,Male,Black
9038,234071997,234071997-1,25-44,Male,Black
9039,234101080,234101080-1,18-24,Male,Black
9040,234143774,234143774-1,25-44,Male,Black
9041,234261153,234261153-1,18-24,Male,White Hispanic
9042,234433695,234433695-1,25-44,Male,Black
9043,234433697,234433697-1,25-44,Male,Black Hispanic
9044,234433698,234433698-1,18-24,Female,Black
9045,234482342,234482342-1,25-44,Male,Black
9046,234549756,234549756-1,45-64,Male,Black
9047,234613901,234613901-1,25-44,Male,Black
9048,234756218,234756218-1,25-44,Male,White Hispanic
9049,235086142,235086142-1,18-24,Male,Black
9050,235457030,235457030-1,25-44,Male,Black
9051,235636164,235636164-1,18-24,Female,Black
9052,235636166,235636166-1,25-44,Male,Black
9053,236233264,236233264-1,25-44,Male,Black
9054,236363733,236363733-1,<18,Male,Black
9055,236363733,236363733-2,18-24,Male,Black
9056,236458894,236458894-1,18-24,Male,Black Hispanic
9057,236458894,236458894-2,18-24,Male,Black Hispanic
9058,236458894,236458894-3,18-24,Male,Black Hispanic
9059,236458894,236458894-4,25-44,Male,White Hispanic
9060,236951890,236951890-1,25-44,Male,Black
9061,236951890,236951890-2,25-44,Male,Black
9062,237013476,237013476-1,25-44,Male,White Hispanic
9063,237013476,237013476-2,25-44,Male,Black
9064,237013476,237013476-3,25-44,Female,White Hispanic
9065,237013476,237013476-4,25-44,Male,Black
9066,237013476,237013476-5,25-44,Male,White Hispanic
9067,237392755,237392755-1,25-44,Male,Black
9068,238719218,238719218-1,25-44,Female,Black
9069,238719218,238719218-2,25-44,Male,Black
9070,239558694,239558694-1,25-44,Female,Black
9071,239757707,239757707-1,25-44,Male,Black
9072,239993408,239993408-1,<18,Male,Black Hispanic
9073,240437680,240437680-1,18-24,Male,Black
9074,240437680,240437680-2,18-24,Male,Black
9075,241284196,241284196-1,25-44,Male,White Hispanic
9076,241729339,241729339-1,25-44,Male,Black
9077,241930354,241930354-1,25-44,Male,Black
9078,242021870,242021870-1,18-24,Male,Black
9079,242287608,242287608-1,25-44,Male,Black
9080,242287608,242287608-2,25-44,Male,Black
9081,242381224,242381224-1,<18,Male,White Hispanic
9082,242381224,242381224-2,<18,Male,White Hispanic
9083,242439530,242439530-1,18-24,Male,Black Hispanic
9084,242439530,242439530-2,18-24,Male,White Hispanic
9085,243312639,243312639-1,18-24,Male,White Hispanic
9086,243312639,243312639-2,18-24,Male,Black
9087,243312639,243312639-3,<18,Male,Black
9088,243688123,243688123-1,<18,Male,Black
9089,243688494,243688494-1,25-44,Male,Black
9090,245121729,245121729-2,25-44,Male,Black Hispanic
9091,245121729,245121729-3,<18,Male,Black
9092,245121729,245121729-4,<18,Male,White Hispanic
9093,245974535,245974535-1,18-24,Male,Black
9094,246919438,246919438-1,25-44,Male,White Hispanic
9095,246919965,246919965-1,25-44,Male,Black Hispanic
9096,247150268,247150268-1,25-44,Male,White Hispanic
9097,247686029,247686029-2,25-44,Female,Black
9098,51559651,51559651-15588,<18,Male,Black
9099,51559655,51559655-15619,18-24,Female,Black
9100,51559655,51559655-15620,25-44,Male,Black
9101,51724138,51724138-15991,25-44,Male,Black
9102,51724141,51724141-15488,25-44,Male,Black
9103,51724141,51724141-15489,25-44,Male,White Hispanic
9104,51745757,51745757-15538,Unknown,Male,Black
9105,51787773,51787773-15537,Unknown,Male,Black
9106,52078123,52078123-15627,18-24,Male,Black Hispanic
9107,52122540,52122540-15595,Unknown,Unknown,Unknown
9108,52122541,52122541-15653,25-44,Male,Black
9109,52144006,52144006-15639,Unknown,Unknown,Unknown
9110,52144009,52144009-15603,18-24,Male,Black
9111,52144009,52144009-15604,18-24,Male,Black
9112,52490462,52490462-15711,Unknown,Unknown,Unknown
9113,52609296,52609296-15725,Unknown,Unknown,Unknown
9114,52661599,52661599-15729,Unknown,Male,Black
9115,52723799,52723799-16294,18-24,Male,Black
9116,54101446,54101446-15838,Unknown,Unknown,Unknown
9117,54120280,54120280-15823,18-24,Male,White Hispanic
9118,54696007,54696007-15930,Unknown,Male,Black Hispanic
9119,54784465,54784465-15942,Unknown,Male,Black
9120,54832732,54832732-15953,18-24,Male,Black
9121,54915041,54915041-16007,45-64,Male,Black
9122,54968476,54968476-15973,Unknown,Unknown,Unknown
9123,54968478,54968478-16243,Unknown,Unknown,Unknown
9124,55064113,55064113-15996,Unknown,Unknown,Unknown
9125,55215082,55215082-16024,18-24,Male,White Hispanic
9126,55256122,55256122-16041,Unknown,Male,Black
9127,55532386,55532386-16123,18-24,Male,Black
9128,55624565,55624565-16133,25-44,Male,Black
9129,55867751,55867751-16183,25-44,Male,Black
9130,56020061,56020061-16193,Unknown,Male,Black
9131,56320324,56320324-16261,18-24,Male,White Hispanic
9132,56320324,56320324-16293,18-24,Male,Black
9133,56373203,56373203-16263,25-44,Male,Black
9134,56373204,56373204-16272,Unknown,Male,Black
9135,56422561,56422561-16273,25-44,Male,White Hispanic
9136,58921841,58921841-16322,18-24,Male,Black
9137,59061499,59061499-16343,18-24,Male,Unknown
9138,59061500,59061500-16404,Unknown,Unknown,Unknown
9139,59120366,59120366-16351,25-44,Male,Black
9140,59415606,59415606-16396,18-24,Male,Black
9141,59591611,59591611-16417,Unknown,Unknown,Unknown
9142,59753080,59753080-16446,18-24,Male,Black
9143,60025216,60025216-16466,Unknown,Male,Black
9144,60025216,60025216-16467,Unknown,Male,Black
9145,60272797,60272797-16502,25-44,Male,Black
9146,60272801,60272801-16507,25-44,Male,Black
9147,60442309,60442309-16536,Unknown,Unknown,Unknown
9148,60924265,60924265-16556,25-44,Male,Black
9149,60971397,60971397-16574,Unknown,Unknown,Unknown
9150,61000869,61000869-16583,18-24,Male,Black
9151,61098688,61098688-16590,25-44,Male,Black
9152,61144232,61144232-16592,Unknown,Male,Black Hispanic
9153,61259178,61259178-16637,45-64,Male,White Hispanic
9154,61351689,61351689-16644,Unknown,Unknown,Unknown
9155,61671351,61671351-16729,Unknown,Unknown,Unknown
9156,61745484,61745484-16719,18-24,Male,White Hispanic
9157,61803655,61803655-16817,18-24,Male,Black
9158,61853632,61853632-16742,18-24,Male,Black
9159,61853632,61853632-16866,25-44,Male,Black
9160,61853632,61853632-16867,<18,Male,Black
9161,61982508,61982508-16766,18-24,Male,Black
9162,62255304,62255304-16829,18-24,Male,White Hispanic
9163,62255306,62255306-16837,Unknown,Unknown,Unknown
9164,62275549,62275549-16839,Unknown,Male,Black
9165,62275552,62275552-17176,25-44,Male,Black
9166,62445147,62445147-16898,25-44,Male,Black Hispanic
9167,62518970,62518970-16879,Unknown,Male,White Hispanic
9168,62572017,62572017-16894,Unknown,Male,Black
9169,62696681,62696681-17620,18-24,Male,Black
9170,62702746,62702746-16923,25-44,Male,Black
9171,62746076,62746076-16929,25-44,Male,White
9172,63116265,63116265-17006,Unknown,Unknown,Unknown
9173,63214332,63214332-17913,Unknown,Unknown,Unknown
9174,63256140,63256140-17046,Unknown,Unknown,Unknown
9175,63323724,63323724-17056,18-24,Male,Black
9176,63323772,63323772-17095,Unknown,Male,Black
9177,63656429,63656429-17108,Unknown,Male,Unknown
9178,63656613,63656613-17118,18-24,Male,Black Hispanic
9179,63656614,63656614-17119,Unknown,Unknown,Unknown
9180,63656614,63656614-17394,Unknown,Unknown,Unknown
9181,63885692,63885692-17269,Unknown,Unknown,Unknown
9182,64086397,64086397-17252,<18,Male,White Hispanic
9183,64086398,64086398-17183,18-24,Male,Black
9184,64110889,64110889-17251,18-24,Male,Black
9185,64248604,64248604-19384,45-64,Male,White
9186,64270905,64270905-17246,18-24,Male,Black
9187,64318199,64318199-17240,18-24,Male,Black
9188,64318199,64318199-17554,<18,Male,Black
9189,64318199,64318199-17555,18-24,Male,Black
9190,64452257,64452257-17280,Unknown,Unknown,Unknown
9191,64529972,64529972-17305,Unknown,Unknown,Unknown
9192,64554617,64554617-17320,<18,Male,Black
9193,64590307,64590307-17321,Unknown,Unknown,Unknown
9194,64709670,64709670-17340,18-24,Male,Black Hispanic
9195,64988409,64988409-17570,Unknown,Unknown,Unknown
9196,65064048,65064048-17408,Unknown,Male,Black
9197,65464025,65464025-24910,Unknown,Unknown,Unknown
9198,65516059,65516059-17469,Unknown,Unknown,Unknown
9199,65539763,65539763-17475,18-24,Male,Black
9200,65636447,65636447-17493,Unknown,Unknown,Unknown
9201,66170353,66170353-17591,Unknown,Unknown,Unknown
9202,66261901,66261901-17603,Unknown,Unknown,Unknown
9203,66656611,66656611-17634,Unknown,Male,Black
9204,66656611,66656611-17635,Unknown,Male,Black
9205,66753286,66753286-17666,18-24,Male,Black
9206,66753286,66753286-17667,18-24,Male,Black
9207,66753286,66753286-17668,18-24,Male,White Hispanic
9208,66753286,66753286-17669,25-44,Male,White Hispanic
9209,66768828,66768828-17665,Unknown,Unknown,Unknown
9210,66984998,66984998-17701,18-24,Male,Black
9211,67147833,67147833-17728,18-24,Male,Black Hispanic
9212,67180627,67180627-17834,18-24,Male,Black
9213,67245820,67245820-17744,Unknown,Unknown,Unknown
9214,67718602,67718602-17793,<18,Male,Black Hispanic
9215,67848904,67848904-17820,Unknown,Male,Black
9216,68054815,68054815-17868,Unknown,Unknown,Unknown
9217,68830260,68830260-17950,18-24,Male,Black
9218,68912881,68912881-17967,18-24,Male,Black
9219,69294326,69294326-18019,Unknown,Unknown,Unknown
9220,69312721,69312721-18020,Unknown,Unknown,Unknown
9221,69313202,69313202-18018,Unknown,Unknown,Unknown
9222,69379175,69379175-18029,18-24,Male,Black
9223,69379175,69379175-18030,18-24,Male,Black Hispanic
9224,69379175,69379175-18077,<18,Male,Black
9225,69526314,69526314-18051,Unknown,Male,Black
9226,69526315,69526315-18052,Unknown,Unknown,Unknown
9227,70881715,70881715-18140,Unknown,Male,Black
9228,71059189,71059189-18173,Unknown,Unknown,Unknown
9229,71301737,71301737-18259,Unknown,Male,Black Hispanic
9230,71301737,71301737-18260,Unknown,Male,White Hispanic
9231,71454848,71454848-18258,18-24,Male,Black
9232,71514504,71514504-18265,25-44,Male,Black Hispanic
9233,71514504,71514504-18275,18-24,Male,White Hispanic
9234,71616491,71616491-18291,Unknown,Unknown,Unknown
9235,71772016,71772016-18346,18-24,Male,Black
9236,71837008,71837008-18376,18-24,Male,Black
9237,71859170,71859170-18394,45-64,Male,Black Hispanic
9238,71945803,71945803-18541,Unknown,Male,Black
9239,72189012,72189012-18464,<18,Male,White Hispanic
9240,72189012,72189012-18602,<18,Male,Black Hispanic
9241,72189012,72189012-18887,<18,Male,Black Hispanic
9242,72266159,72266159-18555,18-24,Male,Black
9243,72493478,72493478-18582,25-44,Male,Black
9244,72493478,72493478-18583,25-44,Male,Black
9245,72857704,72857704-18672,Unknown,Male,Black
9246,73037341,73037341-18713,Unknown,Male,Black
9247,73363354,73363354-18787,18-24,Male,Black
9248,73363354,73363354-18788,18-24,Male,Black
9249,73363354,73363354-18789,18-24,Male,Black
9250,73405745,73405745-18961,<18,Male,Black
9251,73408213,73408213-18803,18-24,Male,Black
9252,73455058,73455058-18869,25-44,Male,Unknown
9253,73455060,73455060-18826,18-24,Male,Black
9254,73455060,73455060-18827,18-24,Male,Black
9255,73473781,73473781-19029,18-24,Male,Black
9256,73473796,73473796-18833,25-44,Male,Black
9257,73517101,73517101-18851,25-44,Male,White Hispanic
9258,73523964,73523964-18846,Unknown,Unknown,Unknown
9259,73528809,73528809-18884,<18,Male,Black
9260,73617989,73617989-18875,Unknown,Male,Unknown
9261,73666177,73666177-18893,<18,Male,White Hispanic
9262,73666177,73666177-18922,18-24,Male,White Hispanic
9263,73711070,73711070-18912,<18,Male,Black Hispanic
9264,73839301,73839301-18955,Unknown,Unknown,Unknown
9265,73921169,73921169-19142,18-24,Male,Black
9266,73929044,73929044-19067,18-24,Male,Black
9267,73976308,73976308-18992,Unknown,Unknown,Unknown
9268,74036631,74036631-19034,18-24,Male,Black
9269,74163072,74163072-19047,Unknown,Unknown,Unknown
9270,74234828,74234828-19097,25-44,Male,Black
9271,74259905,74259905-19076,Unknown,Unknown,Unknown
9272,74363834,74363834-19116,25-44,Male,Black
9273,74363834,74363834-19220,25-44,Male,Unknown
9274,74363837,74363837-19119,18-24,Male,Black
9275,74374637,74374637-21607,25-44,Male,Black
9276,74374637,74374637-21608,25-44,Male,Black
9277,74409325,74409325-19123,Unknown,Unknown,Unknown
9278,74429455,74429455-19133,18-24,Male,White Hispanic
9279,74551530,74551530-22743,25-44,Male,White Hispanic
9280,74551530,74551530-23427,25-44,Male,Black
9281,74664418,74664418-19206,Unknown,Unknown,Unknown
9282,74666625,74666625-19208,<18,Male,White Hispanic
9283,74673300,74673300-19380,25-44,Male,Black
9284,74683053,74683053-19223,Unknown,Male,Black
9285,74758972,74758972-19239,Unknown,Male,Black
9286,74770362,74770362-25938,18-24,Male,Black
9287,74944759,74944759-19297,Unknown,Unknown,Unknown
9288,75089473,75089473-19350,18-24,Male,Black
9289,75108228,75108228-19358,18-24,Male,Black
9290,75108429,75108429-19357,Unknown,Male,Black
9291,75190887,75190887-19388,18-24,Male,Black
9292,75340692,75340692-19428,Unknown,Male,Black
9293,75517573,75517573-19476,18-24,Male,Black
9294,75545957,75545957-20786,25-44,Male,Black
9295,75545957,75545957-21016,25-44,Male,Black
9296,75546157,75546157-19466,Unknown,Male,Black
9297,75667502,75667502-19486,Unknown,Male,Unknown
9298,75796178,75796178-19519,<18,Male,Black
9299,76044028,76044028-19574,Unknown,Unknown,Unknown
9300,76601148,76601148-21122,18-24,Male,Black
9301,76601285,76601285-19617,18-24,Male,Black Hispanic
9302,76669080,76669080-19628,25-44,Male,Black Hispanic
9303,76669080,76669080-19629,25-44,Male,Black
9304,76795617,76795617-19651,25-44,Female,Black
9305,76848024,76848024-19682,18-24,Male,Black
9306,76853380,76853380-19665,Unknown,Male,Black
9307,76864295,76864295-20090,18-24,Male,Black
9308,77020029,77020029-19837,18-24,Male,Black
9309,77366059,77366059-19780,25-44,Male,Black
9310,77366059,77366059-19781,25-44,Male,Black
9311,77376417,77376417-21326,18-24,Unknown,Unknown
9312,77383647,77383647-19787,Unknown,Unknown,Unknown
9313,77602720,77602720-19840,Unknown,Male,Black
9314,77653558,77653558-20085,25-44,Male,White Hispanic
9315,78039036,78039036-19918,18-24,Male,Black Hispanic
9316,78110476,78110476-20069,25-44,Male,Black
9317,78168697,78168697-19948,18-24,Male,White Hispanic
9318,78199169,78199169-19961,<18,Male,Black
9319,78302871,78302871-19991,<18,Male,Black
9320,78491892,78491892-20027,18-24,Unknown,Black
9321,78492653,78492653-20227,<18,Male,Black
9322,78496837,78496837-20187,18-24,Male,Black
9323,78696033,78696033-20087,25-44,Male,Black
9324,78696033,78696033-20217,25-44,Male,Black
9325,78817501,78817501-20107,45-64,Male,White
9326,79130066,79130066-20208,25-44,Male,White
9327,79130066,79130066-20221,25-44,Male,White Hispanic
9328,79138098,79138098-20182,18-24,Male,Black
9329,79160768,79160768-23518,25-44,Female,White Hispanic
9330,79160768,79160768-24343,25-44,Male,White Hispanic
9331,79160768,79160768-24344,25-44,Male,White Hispanic
9332,79174469,79174469-20713,18-24,Male,Black
9333,79248889,79248889-20202,25-44,Male,Black
9334,79539415,79539415-20264,25-44,Female,White Hispanic
9335,79539415,79539415-23544,25-44,Male,Black Hispanic
9336,79605717,79605717-20362,18-24,Male,Black
9337,79698912,79698912-20373,18-24,Male,Black
9338,79726749,79726749-21154,18-24,Male,Black
9339,79803014,79803014-20389,18-24,Male,Black
9340,79853873,79853873-20394,18-24,Male,Black Hispanic
9341,79853876,79853876-20443,25-44,Male,Asian / Pacific Islander
9342,79950160,79950160-20412,18-24,Male,Black
9343,79969482,79969482-20434,45-64,Male,Black Hispanic
9344,80139447,80139447-20460,18-24,Male,Black
9345,80166320,80166320-20481,<18,Male,Black
9346,80172625,80172625-20536,45-64,Male,White
9347,80172625,80172625-20537,45-64,Male,White
9348,80172625,80172625-20538,45-64,Male,White
9349,80175373,80175373-20486,18-24,Male,Black
9350,80175373,80175373-20487,18-24,Male,Black
9351,80175373,80175373-20488,18-24,Male,Black
9352,80175373,80175373-20489,<18,Male,Black
9353,80175373,80175373-20501,18-24,Male,Black
9354,80285499,80285499-20757,<18,Male,Black Hispanic
9355,80415519,80415519-20580,18-24,Male,Black
9356,80510376,80510376-20901,25-44,Male,Unknown
9357,80515798,80515798-25280,18-24,Male,Black Hispanic
9358,80541204,80541204-20664,18-24,Male,White Hispanic
9359,80585000,80585000-20657,18-24,Male,Black Hispanic
9360,80585000,80585000-20658,18-24,Male,Black Hispanic
9361,80585000,80585000-20659,18-24,Male,Black Hispanic
9362,80605485,80605485-20672,Unknown,Male,Black
9363,80605485,80605485-20684,18-24,Male,Black
9364,80765199,80765199-20785,25-44,Male,Black
9365,80825806,80825806-20735,Unknown,Unknown,Unknown
9366,80825806,80825806-20754,25-44,Male,Black
9367,80840847,80840847-23139,18-24,Male,Black Hispanic
9368,80844033,80844033-20743,25-44,Male,Black
9369,80844033,80844033-20750,18-24,Male,Black
9370,80844033,80844033-20751,25-44,Male,Black
9371,80916860,80916860-20810,18-24,Male,Black
9372,81097106,81097106-20855,<18,Male,Black Hispanic
9373,81360743,81360743-20951,18-24,Male,Unknown
9374,81573668,81573668-20974,<18,Male,Black
9375,81582921,81582921-21049,<18,Female,Black
9376,81804941,81804941-20988,<18,Male,Black
9377,81825530,81825530-20990,18-24,Male,Black
9378,81843638,81843638-20992,25-44,Male,Black
9379,81881561,81881561-21043,25-44,Male,Black Hispanic
9380,82089251,82089251-21057,25-44,Male,Black
9381,82323801,82323801-21267,<18,Male,Black
9382,82419563,82419563-21135,18-24,Male,Black
9383,82434575,82434575-21132,25-44,Male,Black
9384,82434575,82434575-21572,18-24,Male,Black
9385,82725308,82725308-21247,<18,Male,Black
9386,82725308,82725308-21248,<18,Male,Black
9387,83012404,83012404-21310,18-24,Male,Black
9388,83356305,83356305-21387,18-24,Male,White Hispanic
9389,83492626,83492626-21349,<18,Male,White Hispanic
9390,83514120,83514120-21538,25-44,Male,White
9391,83616064,83616064-21375,25-44,Male,White Hispanic
9392,83616064,83616064-21376,25-44,Male,White Hispanic
9393,83837926,83837926-21458,25-44,Male,Black
9394,84341649,84341649-21684,18-24,Male,Black
9395,84341649,84341649-21735,18-24,Male,Black
9396,84670722,84670722-21563,25-44,Male,Black
9397,84737782,84737782-21573,25-44,Male,Black Hispanic
9398,84737782,84737782-21574,25-44,Male,Black Hispanic
9399,84830052,84830052-23358,25-44,Male,Black
9400,85269245,85269245-21673,18-24,Male,White Hispanic
9401,85269245,85269245-21706,18-24,Male,White Hispanic
9402,85416762,85416762-22561,18-24,Male,Black
9403,85559914,85559914-21737,25-44,Male,Black
9404,85585858,85585858-21745,25-44,Male,Black
9405,85602259,85602259-21819,25-44,Male,Black
9406,85744501,85744501-21962,<18,Male,Black Hispanic
9407,85744759,85744759-22699,25-44,Male,Black
9408,85800946,85800946-21814,18-24,Male,White Hispanic
9409,85800946,85800946-21815,18-24,Male,White Hispanic
9410,85800946,85800946-21816,18-24,Male,White Hispanic
9411,86107852,86107852-21876,Unknown,Unknown,Unknown
9412,86166201,86166201-21930,18-24,Male,Black
9413,86325047,86325047-22125,25-44,Male,Black
9414,86455029,86455029-21968,18-24,Male,Black
9415,86628676,86628676-22082,18-24,Male,Black
9416,86762429,86762429-22010,18-24,Male,Black
9417,86874696,86874696-22067,25-44,Male,Black
9418,86963210,86963210-22104,18-24,Male,Black
9419,87224292,87224292-23548,18-24,Male,Black
9420,87519948,87519948-22206,18-24,Male,Black
9421,87632011,87632011-22282,18-24,Male,Black
9422,87670469,87670469-22216,25-44,Male,White Hispanic
9423,87670469,87670469-22217,25-44,Male,Asian / Pacific Islander
9424,87670469,87670469-22266,25-44,Male,White Hispanic
9425,87811198,87811198-22231,18-24,Male,Black
9426,87812048,87812048-22671,18-24,Male,White Hispanic
9427,87865309,87865309-22534,25-44,Male,White Hispanic
9428,87931467,87931467-22289,<18,Male,Black
9429,87934339,87934339-22422,45-64,Male,Black Hispanic
9430,88085303,88085303-22409,25-44,Male,Black
9431,88085303,88085303-22410,18-24,Male,Black
9432,88085303,88085303-22411,18-24,Male,Black
9433,88085303,88085303-22548,18-24,Male,Black
9434,88330799,88330799-23539,18-24,Male,Black
9435,88581120,88581120-22387,<18,Male,Black
9436,88604513,88604513-22522,18-24,Male,Unknown
9437,88604513,88604513-22523,18-24,Male,Unknown
9438,88898629,88898629-22431,25-44,Male,Black
9439,89279359,89279359-22501,25-44,Male,Black Hispanic
9440,89595619,89595619-22530,25-44,Male,White Hispanic
9441,89595619,89595619-22825,940,Male,White Hispanic
9442,89672812,89672812-22580,18-24,Male,Black
9443,90039188,90039188-22601,<18,Male,Black
9444,90079980,90079980-22623,18-24,Male,Black
9445,90215669,90215669-22622,45-64,Male,Black
9446,90333301,90333301-22670,25-44,Male,Black
9447,90864498,90864498-22807,18-24,Male,Black
9448,90928026,90928026-22739,18-24,Male,Black
9449,90938205,90938205-22728,45-64,Male,White Hispanic
9450,91295674,91295674-22783,18-24,Male,Black
9451,91551942,91551942-22948,18-24,Male,Black
9452,91729179,91729179-22841,18-24,Male,Black
9453,91852607,91852607-22907,18-24,Male,White Hispanic
9454,92077660,92077660-24225,18-24,Male,Black
9455,92077662,92077662-22896,18-24,Male,Black
9456,92077662,92077662-22902,18-24,Male,Black
9457,92134211,92134211-22934,18-24,Male,White Hispanic
9458,92293263,92293263-22926,18-24,Male,Black Hispanic
9459,92403237,92403237-23307,18-24,Male,Black
9460,92489480,92489480-22974,18-24,Male,Black
9461,92710917,92710917-23009,Unknown,Male,Black
9462,92747225,92747225-23010,25-44,Male,Black
9463,92837561,92837561-23052,<18,Male,Black Hispanic
9464,92952443,92952443-23038,25-44,Male,Black
9465,92992155,92992155-23048,18-24,Male,Black
9466,93233266,93233266-23415,18-24,Male,White Hispanic
9467,93386805,93386805-23112,25-44,Male,Black
9468,93499461,93499461-23124,18-24,Male,Black
9469,93607541,93607541-23136,18-24,Male,Black
9470,93726284,93726284-23210,25-44,Male,Black
9471,93885634,93885634-23182,18-24,Male,Black
9472,93885634,93885634-23183,18-24,Male,Black
9473,93885634,93885634-23184,25-44,Male,Black
9474,93932276,93932276-23192,18-24,Male,Black Hispanic
9475,93932276,93932276-23234,18-24,Male,Black
9476,93932276,93932276-23235,18-24,Male,Black
9477,93932276,93932276-23248,18-24,Male,Black
9478,94261524,94261524-23317,25-44,Male,White Hispanic
9479,94261524,94261524-23416,<18,Male,Black
9480,94275120,94275120-23299,45-64,Male,Black
9481,94275120,94275120-23300,25-44,Male,Black
9482,94304035,94304035-23272,45-64,Male,Black
9483,95375423,95375423-23942,<18,Male,Black
9484,109469979,109469979-23572,<18,Male,Black
9485,109615153,109615153-23524,18-24,Male,Black
9486,109659976,109659976-23528,<18,Male,Black Hispanic
9487,136761135,136761135-23633,18-24,Male,Black
9488,136781693,136781693-23603,18-24,Male,Black
9489,136802075,136802075-23639,25-44,Male,Black
9490,136918335,136918335-23627,18-24,Male,Black
9491,137123841,137123841-23674,25-44,Male,Black
9492,137321170,137321170-23746,18-24,Male,Black
9493,137497927,137497927-23711,45-64,Male,Black
9494,137696450,137696450-23747,18-24,Male,Black Hispanic
9495,137696452,137696452-23743,25-44,Male,Black
9496,137804315,137804315-23820,25-44,Male,Black
9497,137852065,137852065-23770,25-44,Male,Black
9498,137926687,137926687-25289,18-24,Male,Black
9499,137944068,137944068-25281,18-24,Male,Black Hispanic
9500,137944068,137944068-25319,18-24,Male,Black
9501,138076776,138076776-23791,<18,Male,Black
9502,138145343,138145343-23799,18-24,Male,Black Hispanic
9503,138145343,138145343-23813,<18,Male,Black Hispanic
9504,138482242,138482242-24065,18-24,Male,Black
9505,138694387,138694387-23981,18-24,Male,Black
9506,138803872,138803872-23947,18-24,Male,Black
9507,138977065,138977065-23953,25-44,Male,White Hispanic
9508,139392077,139392077-24012,<18,Male,Black
9509,139461038,139461038-24025,18-24,Male,Black
9510,139635511,139635511-24049,25-44,Male,Black
9511,139635511,139635511-24050,25-44,Male,Black
9512,139635511,139635511-24136,45-64,Male,Black
9513,139798193,139798193-24530,18-24,Male,Black
9514,140088782,140088782-24798,25-44,Male,Black Hispanic
9515,140088782,140088782-24799,25-44,Male,Black
9516,140088782,140088782-24800,25-44,Male,Black Hispanic
9517,140088782,140088782-24801,<18,Male,Black Hispanic
9518,140088782,140088782-24802,45-64,Female,Black
9519,140088782,140088782-24803,<18,Male,Black
9520,140088782,140088782-24811,25-44,Male,Black
9521,140088782,140088782-24830,25-44,Male,Black
9522,140088782,140088782-25407,25-44,Male,Black Hispanic
9523,140555114,140555114-24232,18-24,Male,Black
9524,140555114,140555114-24305,18-24,Male,White Hispanic
9525,140776404,140776404-24269,18-24,Male,Black
9526,140776404,140776404-24316,18-24,Male,Black
9527,140806570,140806570-24274,<18,Male,White Hispanic
9528,140806570,140806570-24275,18-24,Male,White Hispanic
9529,140847883,140847883-24291,18-24,Male,Black
9530,141229117,141229117-24406,18-24,Male,White Hispanic
9531,141392657,141392657-24376,18-24,Male,Black
9532,141401452,141401452-24362,25-44,Male,Black
9533,141913425,141913425-24409,18-24,Male,White Hispanic
9534,142091389,142091389-24960,25-44,Male,White Hispanic
9535,142169534,142169534-24420,25-44,Male,Black
9536,142247965,142247965-24441,18-24,Male,Black
9537,142252960,142252960-25167,18-24,Male,Black
9538,143157475,143157475-24513,25-44,Male,Unknown
9539,143158588,143158588-24517,18-24,Male,Black
9540,143158588,143158588-24518,25-44,Male,Black
9541,143250265,143250265-2,25-44,Male,Black
9542,143582957,143582957-24540,18-24,Male,Black
9543,143677937,143677937-24549,18-24,Male,Black
9544,143697018,143697018-24551,25-44,Male,Black
9545,144055148,144055148-24655,25-44,Male,Black
9546,144595943,144595943-24644,<18,Male,Black Hispanic
9547,145001699,145001699-24707,25-44,Male,Black
9548,145031982,145031982-24688,18-24,Male,Black
9549,145031982,145031982-24697,18-24,Male,Black
9550,145031982,145031982-24718,18-24,Male,Black
9551,145031982,145031982-24741,18-24,Male,Black
9552,145565706,145565706-24730,25-44,Male,White Hispanic
9553,145722947,145722947-24832,25-44,Male,White Hispanic
9554,146103133,146103133-24816,18-24,Male,Black
9555,146103707,146103707-24792,<18,Male,Black
9556,146282287,146282287-24819,18-24,Male,White Hispanic
9557,146282287,146282287-24823,18-24,Male,White Hispanic
9558,146788788,146788788-24887,25-44,Male,Black
9559,147052371,147052371-24895,45-64,Male,Black
9560,147117636,147117636-24964,18-24,Male,White Hispanic
9561,147117636,147117636-24965,18-24,Male,White Hispanic
9562,147216811,147216811-24968,25-44,Male,Black
9563,147216811,147216811-25130,18-24,Female,Black
9564,147395067,147395067-26214,25-44,Male,Black
9565,148586894,148586894-25099,18-24,Male,Black
9566,148956093,148956093-25136,18-24,Male,Black Hispanic
9567,150566826,150566826-25216,18-24,Male,Black
9568,150566826,150566826-25217,18-24,Male,Black
9569,150789475,150789475-25245,18-24,Male,Black
9570,150789475,150789475-25300,18-24,Male,Black
9571,150843338,150843338-25243,<18,Male,Black
9572,151024564,151024564-25743,18-24,Male,Black Hispanic
9573,151113816,151113816-25267,18-24,Male,White Hispanic
9574,151609049,151609049-25341,18-24,Male,Black
9575,152007175,152007175-25343,25-44,Male,Black
9576,152045460,152045460-1,<18,Male,Black Hispanic
9577,152045460,152045460-2,18-24,Male,Black Hispanic
9578,152045460,152045460-3,18-24,Male,Black Hispanic
9579,152045460,152045460-4,18-24,Male,Black Hispanic
9580,152535322,152535322-25397,18-24,Male,White Hispanic
9581,153022128,153022128-25475,25-44,Male,Black
9582,153415475,153415475-25446,25-44,Male,Black
9583,153415475,153415475-26052,25-44,Male,Black
9584,153511460,153511460-25452,25-44,Male,Black
9585,153511461,153511461-25524,18-24,Male,Black
9586,153615012,153615012-25522,25-44,Male,Black
9587,153710636,153710636-25558,18-24,Male,Black
9588,154091616,154091616-25504,18-24,Male,Black
9589,154138077,154138077-25508,25-44,Male,White Hispanic
9590,154138077,154138077-25509,18-24,Male,White Hispanic
9591,154138080,154138080-25766,25-44,Male,Black
9592,154290105,154290105-25915,25-44,Male,Black
9593,154960801,154960801-26084,18-24,Male,Black Hispanic
9594,155472112,155472112-25747,18-24,Male,Black
9595,155577958,155577958-25637,<18,Male,White Hispanic
9596,155577958,155577958-25638,<18,Male,White Hispanic
9597,155640452,155640452-26865,18-24,Male,Black
9598,155775756,155775756-25731,25-44,Male,Black
9599,155985974,155985974-25673,18-24,Male,Black
9600,155987550,155987550-25763,25-44,Male,Black
9601,155995758,155995758-26278,25-44,Male,Black
9602,156043776,156043776-25782,25-44,Male,Black
9603,156162921,156162921-25795,18-24,Female,Black
9604,156162921,156162921-25816,18-24,Male,Black Hispanic
9605,156246449,156246449-25683,<18,Male,Black
9606,156259662,156259662-25901,25-44,Male,Black
9607,156295960,156295960-25706,18-24,Male,Black
9608,156295960,156295960-25761,18-24,Male,Black
9609,156376378,156376378-26041,25-44,Male,Black
9610,156376378,156376378-26361,25-44,Male,Black
9611,156435422,156435422-26778,18-24,Male,Black
9612,156435422,156435422-26779,18-24,Male,Black
9613,156603441,156603441-25765,18-24,Male,White Hispanic
9614,156603442,156603442-25741,18-24,Male,Black
9615,156920838,156920838-25769,18-24,Male,White Hispanic
9616,156932321,156932321-25821,45-64,Male,Black
9617,157172018,157172018-26632,25-44,Male,Black
9618,157228605,157228605-25843,25-44,Male,Black
9619,158064528,158064528-25854,25-44,Male,White Hispanic
9620,158347436,158347436-25890,25-44,Male,Black
9621,158448771,158448771-26094,25-44,Female,Black
9622,159641529,159641529-26002,25-44,Male,Black
9623,160231032,160231032-26047,18-24,Male,Black
9624,160231032,160231032-26073,18-24,Male,Black
9625,160311887,160311887-26497,18-24,Male,Black Hispanic
9626,160714248,160714248-26218,<18,Male,Black
9627,161044943,161044943-26075,18-24,Male,Black
9628,163025746,163025746-26498,18-24,Male,Black
9629,163105107,163105107-26212,18-24,Male,Black
9630,163178329,163178329-26273,25-44,Male,Black
9631,163213133,163213133-26219,18-24,Male,Black
9632,163254813,163254813-26220,25-44,Male,Black
9633,163631342,163631342-26326,25-44,Male,White Hispanic
9634,163780106,163780106-26276,<18,Male,Black
9635,163875943,163875943-26296,18-24,Male,White Hispanic
9636,163875943,163875943-26297,25-44,Male,Black
9637,164227003,164227003-26315,18-24,Male,Black Hispanic
9638,164337369,164337369-27076,25-44,Male,Black
9639,165101461,165101461-26338,45-64,Male,White
9640,165147267,165147267-26423,18-24,Male,Black
9641,165391605,165391605-26360,18-24,Male,Black
9642,166312843,166312843-26407,25-44,Male,White Hispanic
9643,166413154,166413154-26532,18-24,Male,Black
9644,166547341,166547341-26536,18-24,Male,Black
9645,166810057,166810057-26462,25-44,Male,Black
9646,166998585,166998585-26783,18-24,Male,Black
9647,166998585,166998585-26784,18-24,Male,Black
9648,167094664,167094664-26654,25-44,Male,Black
9649,168095392,168095392-26553,25-44,Male,Black
9650,168111304,168111304-26609,25-44,Male,Black
9651,168152713,168152713-26564,25-44,Male,Black
9652,168152713,168152713-26565,25-44,Male,Black
9653,168152713,168152713-26566,25-44,Male,Black
9654,169180021,169180021-26626,18-24,Male,Black
9655,169326573,169326573-26912,18-24,Male,Unknown
9656,170955476,170955476-26734,25-44,Male,Black
9657,170955520,170955520-26738,18-24,Male,Black
9658,170955520,170955520-26745,18-24,Male,Black
9659,171826202,171826202-26829,<18,Male,Asian / Pacific Islander
9660,172362133,172362133-26993,18-24,Male,Black
9661,172635031,172635031-26857,45-64,Male,Black
9662,172950813,172950813-26868,25-44,Male,Black
9663,172950813,172950813-26874,25-44,Male,Black
9664,175275399,175275399-27032,25-44,Male,White Hispanic
9665,175773150,175773150-27104,18-24,Male,Black
9666,176027888,176027888-27039,25-44,Male,Unknown
9667,176027889,176027889-27043,<18,Male,Black
9668,178202865,178202865-27093,25-44,Male,Black
9669,178830278,178830278-27359,18-24,Male,White Hispanic
9670,182579814,182579814-1,25-44,Male,Black
9671,182750896,182750896-1,18-24,Male,Black
9672,183217904,183217904-27167,18-24,Male,Black
9673,183217904,183217904-27168,25-44,Male,White Hispanic
9674,183435828,183435828-27176,18-24,Male,Black
9675,184834762,184834762-27270,25-44,Male,Black
9676,185207184,185207184-27284,18-24,Male,Black
9677,185672154,185672154-1,18-24,Male,Black Hispanic
9678,185849659,185849659-27344,18-24,Male,Black Hispanic
9679,185849659,185849659-27377,18-24,Male,Black
9680,186606592,186606592-27386,25-44,Male,Black
9681,187132145,187132145-1,18-24,Male,Black Hispanic
9682,187132145,187132145-2,18-24,Male,Black Hispanic
9683,188292643,188292643-1,25-44,Male,Black
9684,189311505,189311505-1,25-44,Male,Black
9685,189350925,189350925-1,18-24,Male,Black
9686,189867540,189867540-1,45-64,Male,Black Hispanic
9687,190507405,190507405-1,25-44,Male,Black
9688,191995443,191995443-1,25-44,Male,Black
9689,192258906,192258906-1,25-44,Male,Black
9690,192258906,192258906-2,25-44,Male,Black
9691,194232503,194232503-1,25-44,Male,Black
9692,194525846,194525846-1,Unknown,Male,Black
9693,195699914,195699914-1,25-44,Male,Black
9694,195699914,195699914-2,25-44,Male,Black
9695,195700547,195700547-1,25-44,Male,Black
9696,195743581,195743581-1,45-64,Male,White Hispanic
9697,197200331,197200331-1,18-24,Male,Black Hispanic
9698,197200331,197200331-2,25-44,Male,White
9699,197200331,197200331-3,25-44,Male,White Hispanic
9700,197200331,197200331-4,18-24,Male,Black
9701,197381374,197381374-1,<18,Male,Black
9702,197423567,197423567-1,25-44,Male,Black Hispanic
9703,197850804,197850804-1,25-44,Male,White Hispanic
9704,197850804,197850804-2,25-44,Male,White Hispanic
9705,198255467,198255467-1,18-24,Male,Black
9706,198552502,198552502-1,<18,Male,Black
9707,198595255,198595255-1,25-44,Male,Black
9708,200365033,200365033-1,18-24,Male,Black
9709,200465329,200465329-1,25-44,Male,Black
9710,200899516,200899516-1,18-24,Male,Black
9711,200899516,200899516-2,18-24,Male,Black
9712,200899516,200899516-3,18-24,Male,Black
9713,200899516,200899516-4,18-24,Male,Black
9714,201291292,201291292-1,25-44,Male,Black
9715,201664630,201664630-1,<18,Male,Unknown
9716,202770948,202770948-1,25-44,Male,Black
9717,203348701,203348701-1,45-64,Male,Black Hispanic
9718,203571464,203571464-1,18-24,Male,Black
9719,203883813,203883813-1,25-44,Male,Black
9720,204458418,204458418-1,25-44,Male,Black
9721,205862270,205862270-1,18-24,Male,Black
9722,205862270,205862270-2,18-24,Male,Black
9723,206898907,206898907-1,25-44,Male,Black
9724,206898907,206898907-2,25-44,Female,Black
9725,206931577,206931577-1,45-64,Male,White Hispanic
9726,208009526,208009526-1,25-44,Male,White Hispanic
9727,208009526,208009526-2,18-24,Male,Black Hispanic
9728,208237501,208237501-1,25-44,Male,Black
9729,208393713,208393713-1,<18,Male,White Hispanic
9730,208531436,208531436-1,25-44,Male,Black
9731,208899478,208899478-1,25-44,Male,Black
9732,208955529,208955529-1,45-64,Male,Black
9733,209404273,209404273-1,18-24,Male,Black
9734,209747702,209747702-4,25-44,Male,Black
9735,210025099,210025099-1,25-44,Male,Black
9736,210025099,210025099-2,25-44,Male,Black
9737,210025099,210025099-3,25-44,Male,Black
9738,210591724,210591724-1,25-44,Male,White Hispanic
9739,210591724,210591724-2,18-24,Male,White Hispanic
9740,210591724,210591724-3,18-24,Female,Black
9741,210591724,210591724-4,18-24,Male,Black
9742,210706803,210706803-1,25-44,Male,Black
9743,210827321,210827321-1,25-44,Male,Black
9744,211293040,211293040-1,45-64,Male,Black
9745,211790146,211790146-1,25-44,Male,Black
9746,212726820,212726820-1,18-24,Male,Black
9747,212903273,212903273-1,25-44,Male,Black
9748,212944540,212944540-1,45-64,Male,White Hispanic
9749,213188081,213188081-1,18-24,Male,Black
9750,213885924,213885924-2,18-24,Male,Black
9751,213973277,213973277-1,25-44,Male,Black
9752,214104573,214104573-1,18-24,Male,Black
9753,214184465,214184465-1,<18,Male,Black
9754,214690556,214690556-1,25-44,Male,Black
9755,215400279,215400279-1,25-44,Male,Black
9756,215400685,215400685-1,<18,Male,Black
9757,215492774,215492774-1,25-44,Male,White Hispanic
9758,215492774,215492774-2,25-44,Male,Black
9759,216055256,216055256-1,25-44,Male,Black
9760,216055256,216055256-2,25-44,Male,Black
9761,216157963,216157963-1,<18,Male,Black
9762,216646418,216646418-1,18-24,Male,White Hispanic
9763,216745747,216745747-1,25-44,Male,Black
9764,216843322,216843322-1,25-44,Male,Black
9765,217509097,217509097-1,18-24,Male,White Hispanic
9766,217509097,217509097-2,18-24,Female,White Hispanic
9767,217777009,217777009-1,25-44,Male,Black
9768,217777009,217777009-2,25-44,Male,Black
9769,218096534,218096534-1,18-24,Male,Black
9770,218219811,218219811-1,25-44,Male,Black
9771,218392075,218392075-1,<18,Male,Black
9772,218722816,218722816-1,25-44,Male,Black
9773,218788648,218788648-1,25-44,Male,Black
9774,219056055,219056055-1,25-44,Male,Black
9775,219173811,219173811-1,25-44,Male,Black
9776,219602138,219602138-1,25-44,Male,Black Hispanic
9777,220122287,220122287-1,18-24,Male,White Hispanic
9778,220122287,220122287-2,45-64,Male,Black Hispanic
9779,220426871,220426871-1,25-44,Male,Black
9780,220870735,220870735-1,<18,Male,Black
9781,221215609,221215609-1,18-24,Male,White
9782,221346749,221346749-1,25-44,Female,Black
9783,221795938,221795938-1,25-44,Male,Black
9784,221891164,221891164-1,25-44,Male,Black
9785,222275370,222275370-1,25-44,Male,Black
9786,222473262,222473262-1,25-44,Male,Black Hispanic
9787,222563765,222563765-1,45-64,Male,White Hispanic
9788,223505104,223505104-1,25-44,Male,Black
9789,224465519,224465519-1,25-44,Male,Black
9790,224744461,224744461-1,<18,Male,Black
9791,224950993,224950993-1,18-24,Male,White Hispanic
9792,225295282,225295282-1,18-24,Male,Black
9793,225295282,225295282-2,18-24,Male,White Hispanic
9794,225397350,225397350-1,25-44,Male,White
9795,225663425,225663425-1,18-24,Male,Black Hispanic
9796,225663425,225663425-2,18-24,Male,White Hispanic
9797,226500706,226500706-1,25-44,Male,Black
9798,226542151,226542151-1,45-64,Male,Black
9799,227089754,227089754-1,<18,Male,Black
9800,227174231,227174231-1,<18,Male,Black
9801,227950643,227950643-1,25-44,Male,Black
9802,228254684,228254684-1,<18,Male,Black
9803,228254684,228254684-2,<18,Male,Black
9804,228482610,228482610-1,25-44,Male,Black
9805,228559719,228559719-1,25-44,Male,Black
9806,228889112,228889112-1,25-44,Male,Black
9807,228889112,228889112-2,25-44,Male,Black
9808,229034593,229034593-1,18-24,Male,White Hispanic
9809,229188687,229188687-1,25-44,Male,Black
9810,229188687,229188687-2,25-44,Male,Asian / Pacific Islander
9811,229542171,229542171-1,18-24,Male,Black
9812,229542171,229542171-2,25-44,Male,Black
9813,229700089,229700089-1,18-24,Male,Black
9814,229823900,229823900-1,25-44,Male,White Hispanic
9815,230196723,230196723-1,18-24,Male,White Hispanic
9816,230196723,230196723-2,18-24,Male,White Hispanic
9817,230234502,230234502-1,<18,Male,Black
9818,230311080,230311080-1,<18,Male,Black
9819,230311080,230311080-2,18-24,Male,Black
9820,231005015,231005015-1,25-44,Male,Black Hispanic
9821,231351985,231351985-1,25-44,Male,Black
9822,231866068,231866068-1,25-44,Male,Black
9823,231941625,231941625-1,25-44,Male,Black
9824,232132667,232132667-1,25-44,Male,Black Hispanic
9825,232188180,232188180-1,65+,Male,Black
9826,232299784,232299784-1,18-24,Male,Black
9827,232496781,232496781-1,45-64,Male,Black
9828,232496781,232496781-2,25-44,Male,Black
9829,232733683,232733683-1,25-44,Male,Black
9830,232978777,232978777-1,25-44,Male,Black
9831,233307768,233307768-1,25-44,Male,Black
9832,233502667,233502667-1,25-44,Male,Black
9833,60954930,60954930-17021,18-24,Male,Black
9834,61000870,61000870-16576,25-44,Male,White
9835,61144239,61144239-16595,Unknown,Unknown,Unknown
9836,61144240,61144240-16596,45-64,Male,Black Hispanic
9837,61170262,61170262-16609,18-24,Male,Unknown
9838,61170262,61170262-16610,18-24,Male,Black
9839,61351690,61351690-16645,25-44,Male,White Hispanic
9840,61351690,61351690-16803,Unknown,Male,White Hispanic
9841,61351692,61351692-16648,18-24,Male,Black
9842,61547633,61547633-16695,18-24,Male,Black
9843,61593629,61593629-16683,Unknown,Male,Black
9844,61593634,61593634-16689,25-44,Male,Black
9845,61593635,61593635-16693,Unknown,Unknown,Unknown
9846,61593638,61593638-16691,Unknown,Unknown,Unknown
9847,61777804,61777804-16726,<18,Male,Black
9848,61777805,61777805-16738,18-24,Male,Black
9849,61961050,61961050-16756,18-24,Male,Black
9850,62014000,62014000-16786,Unknown,Unknown,Unknown
9851,62039622,62039622-16816,18-24,Male,Black
9852,62058672,62058672-16851,Unknown,Male,Black
9853,62058672,62058672-17039,Unknown,Male,Black
9854,62058672,62058672-17040,Unknown,Male,Black
9855,62060279,62060279-16772,25-44,Male,Black
9856,62060279,62060279-16773,18-24,Male,Black
9857,62122829,62122829-16792,18-24,Male,Black
9858,62275553,62275553-16833,Unknown,Unknown,Unknown
9859,62525251,62525251-16880,Unknown,Unknown,Unknown
9860,62525255,62525255-16881,Unknown,Unknown,Unknown
9861,62715029,62715029-16933,<18,Male,Black
9862,62715029,62715029-17051,25-44,Male,Black
9863,62727446,62727446-16928,18-24,Male,Black Hispanic
9864,62727446,62727446-16951,18-24,Male,White Hispanic
9865,62727446,62727446-18633,18-24,Male,Black Hispanic
9866,62748073,62748073-16938,18-24,Male,Black
9867,62854552,62854552-16962,Unknown,Unknown,Unknown
9868,62971598,62971598-17676,Unknown,Unknown,Unknown
9869,62991096,62991096-16987,Unknown,Male,Unknown
9870,63214330,63214330-17097,Unknown,Unknown,Unknown
9871,63234975,63234975-17031,Unknown,Male,Black
9872,63264655,63264655-1,25-44,Male,Black
9873,63382753,63382753-17065,Unknown,Male,Black
9874,63472883,63472883-23448,25-44,Male,Black
9875,63472883,63472883-23449,25-44,Male,Black
9876,63506963,63506963-17212,<18,Male,Black
9877,63506965,63506965-17806,Unknown,Unknown,Unknown
9878,63656428,63656428-17107,Unknown,Unknown,Unknown
9879,63859932,63859932-17205,Unknown,Unknown,Unknown
9880,63926767,63926767-17152,Unknown,Male,Black
9881,64086395,64086395-17174,18-24,Male,Black
9882,64086395,64086395-17181,Unknown,Male,Black
9883,64116656,64116656-17178,25-44,Male,Black
9884,64318200,64318200-17225,Unknown,Unknown,Unknown
9885,64396050,64396050-17266,Unknown,Unknown,Unknown
9886,64556898,64556898-17311,18-24,Male,Black
9887,64730344,64730344-17702,18-24,Male,Black
9888,64773333,64773333-17351,Unknown,Unknown,Unknown
9889,64797879,64797879-17359,Unknown,Unknown,Unknown
9890,64918201,64918201-17384,18-24,Male,Black
9891,65037348,65037348-17411,25-44,Male,White Hispanic
9892,65043088,65043088-17415,25-44,Male,Black
9893,65164189,65164189-17421,45-64,Male,White
9894,65244078,65244078-17436,Unknown,Unknown,Unknown
9895,65463805,65463805-17473,Unknown,Unknown,Unknown
9896,65464026,65464026-17917,18-24,Male,Black
9897,65665878,65665878-17495,Unknown,Male,Unknown
9898,65665879,65665879-17485,Unknown,Unknown,Unknown
9899,65665879,65665879-17486,Unknown,Unknown,Unknown
9900,66101680,66101680-17559,<18,Male,White Hispanic
9901,66101680,66101680-17560,<18,Male,White Hispanic
9902,66101680,66101680-17561,25-44,Male,White Hispanic
9903,66101680,66101680-17562,18-24,Male,White Hispanic
9904,66101680,66101680-17563,<18,Male,White Hispanic
9905,66101680,66101680-17564,<18,Male,White Hispanic
9906,66351738,66351738-17612,Unknown,Unknown,Unknown
9907,66656612,66656612-17637,Unknown,Unknown,Unknown
9908,67133837,67133837-17724,Unknown,Unknown,Unknown
9909,67325545,67325545-17764,Unknown,Unknown,Unknown
9910,67596523,67596523-17790,Unknown,Unknown,Unknown
9911,67678776,67678776-17786,18-24,Male,Black
9912,68079285,68079285-17874,Unknown,Unknown,Unknown
9913,68516060,68516060-17923,Unknown,Unknown,Unknown
9914,69050183,69050183-17980,25-44,Male,Black
9915,69050183,69050183-18145,18-24,Male,Black
9916,69097630,69097630-18084,25-44,Male,Black
9917,69165726,69165726-17987,Unknown,Unknown,Unknown
9918,69228157,69228157-18004,Unknown,Unknown,Unknown
9919,69794646,69794646-18085,<18,Male,White Hispanic
9920,69794646,69794646-21421,18-24,Male,White Hispanic
9921,69794646,69794646-21422,18-24,Male,White Hispanic
9922,69794646,69794646-21426,18-24,Male,White Hispanic
9923,69794646,69794646-21488,18-24,Male,White Hispanic
9924,69914092,69914092-18109,Unknown,Unknown,Unknown
9925,70881714,70881714-18126,<18,Male,Black Hispanic
9926,71152634,71152634-18189,25-44,Male,Black
9927,71170484,71170484-18198,18-24,Male,Black
9928,71347601,71347601-18307,18-24,Male,Black
9929,71747714,71747714-18607,<18,Male,Black
9930,71747716,71747716-18342,Unknown,Male,Black
9931,71791620,71791620-18356,18-24,Male,White Hispanic
9932,71791620,71791620-18594,25-44,Male,Black
9933,71807454,71807454-18588,<18,Male,White Hispanic
9934,71825784,71825784-18368,18-24,Male,Black
9935,71912634,71912634-18401,18-24,Male,Black
9936,72176688,72176688-18457,<18,Male,Black
9937,72195829,72195829-18525,45-64,Male,Black
9938,72195829,72195829-18567,25-44,Male,Black
9939,72636950,72636950-18621,<18,Male,Black
9940,72761390,72761390-18648,<18,Male,Black
9941,72839186,72839186-18676,Unknown,Male,Black Hispanic
9942,72857666,72857666-18671,18-24,Male,Black
9943,72958154,72958154-18861,<18,Male,Unknown
9944,72983203,72983203-18702,18-24,Male,Black
9945,73007911,73007911-18708,<18,Male,White Hispanic
9946,73007911,73007911-18746,<18,Male,Black Hispanic
9947,73007911,73007911-18747,<18,Male,Black Hispanic
9948,73167514,73167514-18730,<18,Male,Black
9949,73167514,73167514-19289,18-24,Male,Black
9950,73192171,73192171-18872,18-24,Male,Unknown
9951,73242837,73242837-18748,18-24,Male,Black
9952,73308097,73308097-18830,25-44,Male,Black
9953,73325410,73325410-20455,18-24,Male,Black
9954,73325410,73325410-20545,18-24,Male,Black
9955,73398090,73398090-18867,25-44,Male,Black
9956,73398091,73398091-18902,25-44,Male,Black
9957,73434228,73434228-18822,Unknown,Unknown,Unknown
9958,73498063,73498063-19614,18-24,Male,Black
9959,73517097,73517097-18841,Unknown,Unknown,Unknown
9960,73517100,73517100-19090,18-24,Male,Black
9961,73517100,73517100-19160,18-24,Male,Black
9962,73574758,73574758-18906,<18,Male,Black
9963,73574758,73574758-19984,<18,Male,Black
9964,73574805,73574805-19062,18-24,Male,Black
9965,73725992,73725992-19759,18-24,Male,Black
9966,73725992,73725992-19760,25-44,Male,Black
9967,73775360,73775360-18930,18-24,Male,Black
9968,73798422,73798422-18987,18-24,Male,Black
9969,73932023,73932023-18986,18-24,Male,Black
9970,73932185,73932185-19091,25-44,Male,Black
9971,74044090,74044090-19014,18-24,Male,Black Hispanic
9972,74063907,74063907-19022,25-44,Female,Black
9973,74378617,74378617-19115,18-24,Male,Black
9974,74487571,74487571-19156,Unknown,Unknown,Unknown
9975,74682318,74682318-19213,45-64,Male,Black
9976,74777488,74777488-19254,Unknown,Unknown,Unknown
9977,74838558,74838558-19366,25-44,Male,Black
9978,74883218,74883218-19277,Unknown,Unknown,Unknown
9979,75019752,75019752-19693,18-24,Male,White Hispanic
9980,75330420,75330420-19420,25-44,Male,White Hispanic
9981,75866798,75866798-19530,Unknown,Male,Black
9982,75946266,75946266-19542,Unknown,Unknown,Unknown
9983,75974448,75974448-19560,Unknown,Unknown,Unknown
9984,76035703,76035703-19573,Unknown,Male,Black
9985,76837803,76837803-19713,25-44,Male,Black
9986,76971174,76971174-25723,25-44,Male,Black
9987,77188430,77188430-19729,25-44,Male,Black
9988,77188430,77188430-19736,18-24,Female,White Hispanic
9989,77262618,77262618-19748,18-24,Male,Black
9990,78092016,78092016-19926,25-44,Male,Black
9991,78103070,78103070-19927,25-44,Male,White Hispanic
9992,78103070,78103070-19928,25-44,Male,White Hispanic
9993,78103070,78103070-19931,25-44,Male,White Hispanic
9994,78103070,78103070-19932,25-44,Male,Black Hispanic
9995,78253354,78253354-19985,18-24,Male,White Hispanic
9996,78253354,78253354-25933,25-44,Male,Black
9997,78284542,78284542-19990,18-24,Male,Black
9998,78401196,78401196-20006,18-24,Male,Black Hispanic
9999,78415495,78415495-20506,<18,Female,Black
10000,78663095,78663095-20075,<18,Male,Black
10001,78676057,78676057-20081,<18,Male,Black
10002,78724621,78724621-20219,45-64,Male,White Hispanic
10003,78737854,78737854-20137,45-64,Male,Black
10004,79006356,79006356-20355,18-24,Unknown,Unknown
10005,79017514,79017514-20158,<18,Male,Black Hispanic
10006,79117816,79117816-20178,Unknown,Male,Black
10007,79204377,79204377-20216,18-24,Male,Black
10008,79219614,79219614-20198,18-24,Male,Black
10009,79219614,79219614-20199,18-24,Male,Black
10010,79337944,79337944-20530,18-24,Male,Black
10011,79337944,79337944-20531,18-24,Male,Black
10012,79337944,79337944-21153,18-24,Male,Black
10013,79401340,79401340-20243,45-64,Male,White
10014,79614240,79614240-20416,18-24,Male,Black
10015,79748386,79748386-20562,18-24,Male,Black
10016,79907808,79907808-20419,<18,Male,Black
10017,79939859,79939859-20548,25-44,Male,Black
10018,80006203,80006203-21225,25-44,Male,Black
10019,80037718,80037718-20715,25-44,Male,Asian / Pacific Islander
10020,80037718,80037718-20716,18-24,Male,Black Hispanic
10021,80079050,80079050-20539,18-24,Male,Black
10022,80190107,80190107-20520,25-44,Male,Black Hispanic
10023,80201032,80201032-20505,18-24,Male,Black
10024,80422885,80422885-20620,18-24,Male,Black
10025,80463845,80463845-20601,Unknown,Male,Black
10026,80784453,80784453-20869,18-24,Male,White Hispanic
10027,80800034,80800034-21035,<18,Male,Black
10028,80871012,80871012-20758,25-44,Male,Black Hispanic
10029,80991527,80991527-20877,18-24,Male,White Hispanic
10030,81100086,81100086-20822,18-24,Male,Black
10031,81213691,81213691-21261,25-44,Male,Black
10032,81328433,81328433-21004,<18,Male,Black
10033,81353455,81353455-20897,18-24,Male,White
10034,81666315,81666315-21014,18-24,Male,White Hispanic
10035,81691806,81691806-21133,45-64,Male,Black
10036,81691806,81691806-21694,25-44,Male,Black
10037,81691806,81691806-21698,25-44,Male,Black
10038,82123779,82123779-21054,<18,Male,Black
10039,82124625,82124625-21056,25-44,Male,Black
10040,82228622,82228622-21087,25-44,Male,Black
10041,82228622,82228622-22173,25-44,Male,Black
10042,82298424,82298424-25724,25-44,Male,White Hispanic
10043,82298424,82298424-25725,18-24,Male,Black
10044,82504166,82504166-21143,18-24,Male,Black
10045,82506665,82506665-21145,18-24,Male,Black
10046,82565818,82565818-21260,18-24,Male,Black
10047,82565818,82565818-22590,18-24,Male,Black Hispanic
10048,82565818,82565818-22636,18-24,Male,Black
10049,82913532,82913532-21220,18-24,Male,Black
10050,83057397,83057397-22413,25-44,Male,Black
10051,83336272,83336272-21356,18-24,Male,Black
10052,83476100,83476100-21338,18-24,Male,Black
10053,83536036,83536036-21363,25-44,Male,Black
10054,83579081,83579081-21437,<18,Male,Black
10055,83753800,83753800-21407,25-44,Male,Black
10056,83753800,83753800-21805,18-24,Female,Unknown
10057,84016597,84016597-21438,25-44,Male,White Hispanic
10058,84830055,84830055-21667,25-44,Male,White Hispanic
10059,84904984,84904984-21599,25-44,Male,Black
10060,84904984,84904984-21627,25-44,Male,White Hispanic
10061,84945935,84945935-21653,18-24,Male,Black
10062,84945936,84945936-21604,18-24,Male,White Hispanic
10063,84956542,84956542-21752,18-24,Male,Black
10064,85086775,85086775-22045,18-24,Male,White Hispanic
10065,85094886,85094886-22083,25-44,Male,Black
10066,85308637,85308637-22288,18-24,Male,Black
10067,85359176,85359176-21704,18-24,Male,Unknown
10068,85416758,85416758-21746,18-24,Male,Black
10069,85518937,85518937-21852,18-24,Male,Black
10070,85683122,85683122-22074,18-24,Male,Black
10071,85820364,85820364-21838,18-24,Male,Black
10072,85861939,85861939-21875,18-24,Male,Black
10073,85966709,85966709-21832,25-44,Male,White Hispanic
10074,85977693,85977693-22058,18-24,Male,Unknown
10075,86087358,86087358-21867,18-24,Male,Black
10076,86093516,86093516-21870,18-24,Male,Black
10077,86107853,86107853-21872,25-44,Male,White
10078,86149358,86149358-21897,18-24,Male,Black
10079,86149358,86149358-21898,18-24,Male,Black
10080,86168468,86168468-21954,25-44,Male,Black
10081,86248120,86248120-21905,18-24,Male,Black Hispanic
10082,86248120,86248120-21907,18-24,Male,Black
10083,86248120,86248120-21908,<18,Male,Black
10084,86397090,86397090-22557,25-44,Male,Black
10085,86437259,86437259-21947,18-24,Male,Black
10086,86437259,86437259-21948,18-24,Male,Black
10087,86437259,86437259-21949,18-24,Male,Black
10088,86437259,86437259-21950,18-24,Male,Black
10089,86588220,86588220-22004,Unknown,Male,Black
10090,86628971,86628971-1,18-24,Male,Black
10091,86641728,86641728-22755,25-44,Male,Black
10092,86830936,86830936-22039,18-24,Male,White Hispanic
10093,86830936,86830936-22040,18-24,Male,White Hispanic
10094,87205084,87205084-22102,Unknown,Male,Black
10095,87205084,87205084-22143,18-24,Male,Black
10096,87205084,87205084-22233,18-24,Male,Black
10097,87234254,87234254-22186,25-44,Male,Black
10098,87234254,87234254-22187,25-44,Male,White Hispanic
10099,87293736,87293736-22124,25-44,Male,White Hispanic
10100,87340187,87340187-22134,18-24,Male,Black
10101,87408751,87408751-22560,18-24,Male,Black
10102,87455767,87455767-22169,18-24,Male,Black
10103,87727623,87727623-22390,18-24,Male,Black
10104,87915247,87915247-22331,18-24,Male,Black
10105,88085304,88085304-22332,25-44,Male,Black
10106,88330800,88330800-22389,18-24,Male,Black
10107,88359016,88359016-22356,18-24,Male,Black
10108,88464989,88464989-22354,18-24,Male,Black
10109,88464989,88464989-22524,<18,Male,Black
10110,88464990,88464990-22346,<18,Male,Black
10111,88464990,88464990-22347,18-24,Male,Black
10112,88596786,88596786-22393,25-44,Male,Black
10113,89220234,89220234-22652,25-44,Male,Black
10114,89298582,89298582-22492,25-44,Male,Black
10115,89298582,89298582-22503,25-44,Male,Black
10116,89298582,89298582-25071,25-44,Female,Black
10117,89658160,89658160-22566,<18,Female,Black
10118,89658160,89658160-22596,<18,Male,Black
10119,89875772,89875772-22599,25-44,Male,Black
10120,89903243,89903243-24303,<18,Male,Black
10121,89943023,89943023-22586,18-24,Male,White Hispanic
10122,89943023,89943023-22588,18-24,Male,White Hispanic
10123,90033892,90033892-22600,25-44,Male,Black
10124,90213039,90213039-22620,Unknown,Male,Black
10125,90253497,90253497-22657,18-24,Male,Black Hispanic
10126,90253497,90253497-22658,18-24,Male,White Hispanic
10127,90460259,90460259-22672,<18,Male,Black
10128,90460259,90460259-22673,<18,Male,Black
10129,90702193,90702193-22698,18-24,Male,Black
10130,90702195,90702195-22753,25-44,Male,Black
10131,90884567,90884567-22720,45-64,Male,Black
10132,90929004,90929004-22799,<18,Male,Black
10133,91095160,91095160-22754,25-44,Male,Black
10134,91303516,91303516-22804,25-44,Male,Black
10135,91344011,91344011-23492,18-24,Male,Black
10136,91344011,91344011-23506,18-24,Male,Black
10137,91344011,91344011-23517,18-24,Male,Black
10138,91408475,91408475-22796,25-44,Male,White
10139,91408475,91408475-22797,25-44,Male,White
10140,91683338,91683338-22864,18-24,Unknown,Black Hispanic
10141,91732783,91732783-23458,18-24,Male,Black
10142,91963084,91963084-23088,18-24,Male,White Hispanic
10143,91968293,91968293-23053,25-44,Male,Black
10144,92077590,92077590-23578,18-24,Male,Black
10145,92385893,92385893-22944,25-44,Male,White Hispanic
10146,92386265,92386265-23019,18-24,Male,Black
10147,92393423,92393423-23005,<18,Male,Black
10148,92507648,92507648-23079,25-44,Male,Black
10149,92507648,92507648-23080,25-44,Male,Black
10150,92597740,92597740-23043,<18,Male,Black
10151,93074940,93074940-23062,25-44,Male,Black
10152,93102601,93102601-23067,25-44,Male,White Hispanic
10153,93164818,93164818-23097,18-24,Male,Black
10154,93164821,93164821-23077,18-24,Male,Black
10155,93255125,93255125-23165,25-44,Male,Black
10156,93589840,93589840-23148,18-24,Male,White Hispanic
10157,93710340,93710340-23158,25-44,Male,White Hispanic
10158,93932277,93932277-23258,25-44,Male,Black
10159,93932277,93932277-23259,18-24,Male,Black
10160,94147103,94147103-23360,18-24,Male,Black Hispanic
10161,94261522,94261522-23266,18-24,Male,White
10162,94484285,94484285-23316,18-24,Male,White Hispanic
10163,94636795,94636795-23312,18-24,Male,Black
10164,94730842,94730842-23959,18-24,Male,Black
10165,95050737,95050737-1,25-44,Male,Black
10166,95266278,95266278-23596,25-44,Male,Black
10167,95301719,95301719-23422,<18,Male,Black
10168,95504868,95504868-23488,18-24,Male,Black
10169,109152978,109152978-23465,18-24,Male,Black
10170,109374270,109374270-23495,<18,Male,Black
10171,109374270,109374270-23496,18-24,Male,Black
10172,109374270,109374270-23497,<18,Male,Black
10173,109548289,109548289-23513,<18,Male,Black
10174,109548289,109548289-23514,<18,Male,Black
10175,109558432,109558432-23511,65+,Male,White
10176,109584597,109584597-23521,25-44,Male,Black
10177,136393519,136393519-23550,18-24,Male,Black
10178,136393519,136393519-27291,Unknown,Male,Unknown
10179,136666128,136666128-23583,25-44,Male,Black
10180,136793221,136793221-23608,25-44,Male,Black
10181,136996343,136996343-1,25-44,Male,Black
10182,137143001,137143001-23664,25-44,Female,Black
10183,137297904,137297904-23906,18-24,Male,Black
10184,137304273,137304273-23681,<18,Male,Black
10185,137591738,137591738-23957,25-44,Male,Black
10186,137613696,137613696-26174,18-24,Male,Black
10187,137613696,137613696-27095,18-24,Male,Black
10188,137804312,137804312-23936,Unknown,Unknown,Unknown
10189,138056368,138056368-23787,25-44,Male,Black
10190,138124826,138124826-23801,25-44,Male,White Hispanic
10191,138145501,138145501-23806,18-24,Male,Black
10192,138255637,138255637-23817,25-44,Male,Black
10193,138255637,138255637-23818,25-44,Male,Black
10194,138255637,138255637-23847,18-24,Male,Black
10195,138282578,138282578-24405,<18,Male,Black
10196,138550995,138550995-26954,18-24,Male,Black
10197,138550995,138550995-26955,18-24,Male,Black
10198,138588532,138588532-23887,18-24,Male,Black
10199,139108027,139108027-23982,18-24,Male,Black Hispanic
10200,139362606,139362606-24762,25-44,Male,White Hispanic
10201,140244299,140244299-24161,25-44,Male,Black
10202,140269242,140269242-24249,<18,Male,White Hispanic
10203,140396353,140396353-24205,18-24,Male,Black
10204,140435608,140435608-24216,18-24,Male,Black
10205,140522692,140522692-24231,18-24,Male,Black
10206,140591804,140591804-24239,25-44,Male,Black
10207,140591805,140591805-24238,25-44,Male,Black
10208,140782575,140782575-24290,45-64,Male,Black
10209,140949282,140949282-24302,25-44,Male,Black
10210,141503951,141503951-24378,25-44,Female,Black
10211,142091382,142091382-24479,18-24,Male,Black
10212,142096493,142096493-24461,<18,Male,Black
10213,142247301,142247301-24415,25-44,Male,Black
10214,142431624,142431624-24430,18-24,Male,Black Hispanic
10215,142431624,142431624-24431,18-24,Male,Black Hispanic
10216,142472724,142472724-24438,25-44,Male,Black
10217,142528605,142528605-24456,18-24,Male,Black
10218,142528605,142528605-24457,18-24,Male,Black
10219,142961825,142961825-24512,18-24,Male,Black
10220,143008672,143008672-24686,18-24,Male,Black
10221,143308630,143308630-24520,25-44,Male,Black
10222,143318272,143318272-24749,Unknown,Unknown,Unknown
10223,143656407,143656407-24547,18-24,Male,Black
10224,143872375,143872375-24576,18-24,Male,Black
10225,144071711,144071711-25572,25-44,Male,Black
10226,144748391,144748391-25355,25-44,Male,Black
10227,144748391,144748391-25356,25-44,Male,White Hispanic
10228,144990021,144990021-24680,18-24,Male,Black
10229,145129353,145129353-24701,18-24,Male,Black
10230,145558576,145558576-25191,18-24,Male,Black
10231,145751254,145751254-24745,45-64,Female,Black
10232,145751254,145751254-24746,18-24,Male,Black
10233,146322557,146322557-24820,18-24,Male,White Hispanic
10234,146659235,146659235-24854,25-44,Male,Black
10235,146690620,146690620-24898,18-24,Male,Black
10236,146938464,146938464-24894,18-24,Male,Black
10237,147237488,147237488-24969,25-44,Male,Black
10238,148087888,148087888-25088,<18,Male,White Hispanic
10239,148275041,148275041-25054,25-44,Male,Black
10240,148326836,148326836-25059,25-44,Male,Black
10241,148326836,148326836-25060,25-44,Male,Black
10242,148511115,148511115-25076,25-44,Male,Black
10243,148809532,148809532-25102,18-24,Male,Black
10244,148854118,148854118-25118,25-44,Female,Black
10245,148854118,148854118-25119,25-44,Male,Black
10246,148854121,148854121-25401,25-44,Male,Black
10247,149073789,149073789-25131,25-44,Male,Black
10248,149622200,149622200-25158,<18,Male,White Hispanic
10249,149622200,149622200-25159,18-24,Male,Black
10250,149622200,149622200-25195,25-44,Male,Black
10251,149622200,149622200-25222,18-24,Male,Black
10252,149622200,149622200-25242,18-24,Male,Black
10253,149685163,149685163-25249,<18,Male,White Hispanic
10254,150206021,150206021-25201,18-24,Male,Black
10255,150307362,150307362-25207,<18,Male,Black
10256,150789476,150789476-25298,45-64,Male,Black
10257,151781743,151781743-25328,25-44,Male,White Hispanic
10258,152146930,152146930-25368,18-24,Male,Black
10259,152146930,152146930-25369,18-24,Male,Black
10260,153907006,153907006-25541,18-24,Male,Black
10261,154349775,154349775-25546,18-24,Male,Black
10262,154350739,154350739-25525,25-44,Male,Black
10263,154563854,154563854-1,25-44,Male,Black
10264,154563854,154563854-2,25-44,Male,Black
10265,154563854,154563854-25628,18-24,Male,Black
10266,154563863,154563863-25594,25-44,Male,Black
10267,154999120,154999120-25717,18-24,Male,Black
10268,155169124,155169124-25588,25-44,Male,Black
10269,155169942,155169942-25590,<18,Male,Black
10270,155389278,155389278-25596,25-44,Male,Black
10271,155509204,155509204-25742,18-24,Male,Black
10272,155571768,155571768-25714,25-44,Male,White Hispanic
10273,155775757,155775757-25654,18-24,Male,Black
10274,155775757,155775757-25655,25-44,Male,Black
10275,155775758,155775758-25781,25-44,Male,Black Hispanic
10276,156246451,156246451-1,18-24,Male,Black
10277,156246451,156246451-2,25-44,Male,Black
10278,156246451,156246451-27047,25-44,Male,Black
10279,156345444,156345444-25780,<18,Male,Black
10280,156756667,156756667-25757,25-44,Male,Black
10281,156756668,156756668-25752,25-44,Male,Black
10282,157151996,157151996-25794,25-44,Male,Black
10283,158064531,158064531-25880,25-44,Male,Black
10284,158064531,158064531-25881,25-44,Male,Black
10285,158161108,158161108-25871,<18,Male,Black
10286,158669665,158669665-25917,18-24,Female,White Hispanic
10287,158669665,158669665-25924,18-24,Male,Black
10288,158669665,158669665-25930,18-24,Female,White Hispanic
10289,158669665,158669665-25931,18-24,Male,White Hispanic
10290,158669665,158669665-26413,18-24,Male,White Hispanic
10291,158783523,158783523-26005,25-44,Male,Black
10292,159955203,159955203-26071,18-24,Male,Black
10293,160509155,160509155-26070,18-24,Male,Black
10294,160509155,160509155-26123,18-24,Male,Black
10295,160509155,160509155-27094,18-24,Male,Black
10296,161078122,161078122-26076,18-24,Male,Black Hispanic
10297,161311803,161311803-26105,25-44,Male,Black
10298,161746539,161746539-26124,<18,Male,Black
10299,161746539,161746539-26159,18-24,Male,Black Hispanic
10300,161746539,161746539-26160,18-24,Male,Black Hispanic
10301,161865493,161865493-26152,18-24,Male,White Hispanic
10302,162178920,162178920-26391,18-24,Male,Black
10303,163401371,163401371-26224,25-44,Male,Black
10304,163401371,163401371-26225,25-44,Male,Black
10305,163703968,163703968-26365,18-24,Male,Black
10306,164066249,164066249-26271,25-44,Male,Black Hispanic
10307,164066250,164066250-26272,25-44,Male,Black
10308,164246023,164246023-26284,18-24,Male,Black
10309,165356669,165356669-26372,18-24,Male,Black
10310,165356669,165356669-26448,25-44,Male,White Hispanic
10311,166188049,166188049-26399,25-44,Female,Black
10312,166413153,166413153-26415,18-24,Male,Black
10313,166413153,166413153-26417,25-44,Female,Black
10314,166660830,166660830-26465,25-44,Male,Black Hispanic
10315,166728122,166728122-26533,18-24,Male,Black
10316,166886661,166886661-26746,25-44,Male,White Hispanic
10317,167094663,167094663-27215,25-44,Male,White Hispanic
10318,167343475,167343475-26515,25-44,Male,White
10319,168563109,168563109-26601,25-44,Male,Black
10320,170839326,170839326-26744,18-24,Male,Black
10321,170955519,170955519-26736,25-44,Male,Black Hispanic
10322,171254025,171254025-26754,18-24,Male,White Hispanic
10323,171254027,171254027-26753,25-44,Male,Black
10324,171254027,171254027-26758,18-24,Male,Black
10325,172950814,172950814-26873,25-44,Female,Black
10326,173652442,173652442-26918,18-24,Male,Black
10327,175531345,175531345-27005,18-24,Male,White Hispanic
10328,175531346,175531346-27044,18-24,Male,White Hispanic
10329,175773152,175773152-27017,25-44,Male,Black
10330,177934246,177934246-27061,18-24,Male,Black
10331,177934246,177934246-27062,18-24,Male,Black
10332,177934246,177934246-27063,18-24,Male,Unknown
10333,177934246,177934246-27064,18-24,Male,Black
10334,183217908,183217908-27181,25-44,Male,Black
10335,183610025,183610025-27205,18-24,Male,White Hispanic
10336,183780930,183780930-27372,18-24,Male,Black
10337,184396805,184396805-27309,18-24,Male,Black
10338,184706530,184706530-1,25-44,Male,Black
10339,185296318,185296318-27337,<18,Male,Black
10340,185760779,185760779-1,25-44,Male,Black
10341,186329303,186329303-1,45-64,Male,Black Hispanic
10342,187157833,187157833-1,18-24,Male,Black Hispanic
10343,187157833,187157833-2,18-24,Male,Black Hispanic
10344,187205650,187205650-1,Unknown,Male,Unknown
10345,187396123,187396123-1,25-44,Male,Black
10346,187535839,187535839-1,18-24,Male,Black Hispanic
10347,187867632,187867632-1,18-24,Male,Black
10348,188483688,188483688-1,25-44,Male,Black
10349,189311508,189311508-1,45-64,Male,Unknown
10350,189982855,189982855-1,25-44,Male,Black Hispanic
10351,190372774,190372774-1,18-24,Male,Black
10352,190802851,190802851-1,<18,Male,Black
10353,190951308,190951308-1,25-44,Male,Black
10354,191221615,191221615-1,18-24,Male,Black
10355,191681185,191681185-1,45-64,Male,Black
10356,191698518,191698518-1,25-44,Male,Black
10357,192834299,192834299-1,25-44,Male,Black
10358,193118596,193118596-1,18-24,Male,White Hispanic
10359,193517125,193517125-1,25-44,Male,Black
10360,193517125,193517125-2,25-44,Male,Black
10361,193982311,193982311-1,18-24,Male,Black
10362,195013384,195013384-1,18-24,Male,Black
10363,195013387,195013387-1,18-24,Male,White Hispanic
10364,195013387,195013387-2,<18,Male,White Hispanic
10365,196315234,196315234-2,65+,Male,Black
10366,196525187,196525187-1,25-44,Male,Black
10367,197293452,197293452-1,18-24,Male,Black
10368,198266990,198266990-1,18-24,Male,Black
10369,198998743,198998743-1,<18,Male,Black
10370,199314079,199314079-1,25-44,Male,Black
10371,200680425,200680425-1,18-24,Male,Black
10372,200994113,200994113-1,25-44,Male,Black
10373,201034738,201034738-1,45-64,Male,Black
10374,201982887,201982887-1,25-44,Male,Black
10375,201982888,201982888-1,25-44,Male,Black
10376,203348707,203348707-1,25-44,Male,White Hispanic
10377,204020534,204020534-1,25-44,Male,Black
10378,204020534,204020534-2,25-44,Male,Black
10379,204294842,204294842-1,18-24,Male,Black
10380,204338716,204338716-1,18-24,Male,Black
10381,204398628,204398628-1,<18,Male,Black
10382,205280612,205280612-1,25-44,Male,Black
10383,205862271,205862271-1,25-44,Male,White
10384,206195058,206195058-1,18-24,Male,Black
10385,206832555,206832555-1,25-44,Male,Black
10386,206890929,206890929-1,25-44,Male,Black
10387,206909437,206909437-1,18-24,Female,Black
10388,206909437,206909437-2,25-44,Male,Black
10389,207701108,207701108-1,25-44,Male,Black
10390,207815721,207815721-1,<18,Male,Black
10391,208187328,208187328-1,25-44,Male,White Hispanic
10392,208187328,208187328-2,25-44,Male,White Hispanic
10393,208187328,208187328-3,25-44,Female,White Hispanic
10394,209536032,209536032-1,45-64,Male,Black
10395,209640802,209640802-1,25-44,Male,Black Hispanic
10396,211767422,211767422-1,25-44,Male,Black
10397,211767422,211767422-2,25-44,Male,Black
10398,211793809,211793809-1,25-44,Male,White Hispanic
10399,211793809,211793809-2,25-44,Male,White Hispanic
10400,211905748,211905748-1,18-24,Male,Black
10401,211963623,211963623-1,25-44,Male,Black
10402,211963623,211963623-2,25-44,Male,Black
10403,211964521,211964521-1,25-44,Male,Black
10404,213108367,213108367-1,25-44,Male,Black
10405,213108367,213108367-3,25-44,Male,Black
10406,213187658,213187658-1,18-24,Male,Black Hispanic
10407,213187662,213187662-1,25-44,Male,Black Hispanic
10408,213772742,213772742-1,45-64,Male,Black
10409,213943825,213943825-1,18-24,Male,Black
10410,214467577,214467577-1,65+,Male,Black Hispanic
10411,214513452,214513452-1,45-64,Male,White
10412,214693795,214693795-1,25-44,Male,White
10413,214874085,214874085-1,18-24,Male,Black
10414,214874085,214874085-2,18-24,Male,Black
10415,214874085,214874085-3,18-24,Male,Black
10416,214874085,214874085-4,18-24,Male,Black
10417,215086719,215086719-1,18-24,Male,Black
10418,215483874,215483874-1,18-24,Male,Black Hispanic
10419,215776715,215776715-1,45-64,Female,Black
10420,216745338,216745338-1,18-24,Male,Black
10421,216745338,216745338-2,25-44,Male,Black
10422,217212135,217212135-1,25-44,Male,Black
10423,217256140,217256140-1,18-24,Male,Black
10424,217776903,217776903-1,25-44,Male,Black
10425,217776903,217776903-2,25-44,Male,White Hispanic
10426,218091265,218091265-1,18-24,Male,Black
10427,219373143,219373143-1,18-24,Male,Black
10428,220226347,220226347-1,18-24,Male,Black
10429,220229017,220229017-1,25-44,Male,Black
10430,220553702,220553702-1,18-24,Male,Black
10431,220553702,220553702-2,18-24,Male,Black
10432,220553702,220553702-3,18-24,Male,Black
10433,220553702,220553702-4,18-24,Male,Black
10434,220553702,220553702-5,18-24,Male,Black
10435,220563854,220563854-1,18-24,Male,Black Hispanic
10436,220844952,220844952-1,18-24,Male,White Hispanic
10437,221025256,221025256-1,25-44,Male,White Hispanic
10438,222164728,222164728-1,45-64,Male,Black
10439,223603110,223603110-1,25-44,Male,White Hispanic
10440,223827862,223827862-1,18-24,Male,White Hispanic
10441,223827862,223827862-2,<18,Male,White Hispanic
10442,224354729,224354729-1,25-44,Male,Black
10443,224702000,224702000-1,18-24,Male,Black
10444,224965528,224965528-1,18-24,Male,Black
10445,225439056,225439056-1,<18,Male,Black
10446,225662333,225662333-1,25-44,Male,Black Hispanic
10447,225923348,225923348-1,<18,Male,Black
10448,227089385,227089385-1,18-24,Male,Black
10449,227344440,227344440-1,18-24,Male,Black
10450,227384908,227384908-1,25-44,Male,Black
10451,227384908,227384908-2,25-44,Male,Black
10452,227431725,227431725-1,25-44,Male,Black
10453,227497354,227497354-1,25-44,Male,Black
10454,227647465,227647465-1,25-44,Male,Black
10455,228049708,228049708-1,18-24,Male,Black
10456,228049710,228049710-1,18-24,Male,Black
10457,228559114,228559114-1,18-24,Male,Black
10458,228630118,228630118-3,25-44,Male,Black
10459,228890010,228890010-1,25-44,Male,Black
10460,228890010,228890010-2,25-44,Male,Black Hispanic
10461,229507547,229507547-1,25-44,Male,White Hispanic
10462,229643172,229643172-1,25-44,Male,Black
10463,229643172,229643172-2,18-24,Male,White Hispanic
10464,229861111,229861111-1,18-24,Male,White Hispanic
10465,229861111,229861111-2,25-44,Male,Black Hispanic
10466,229861111,229861111-6,18-24,Male,White Hispanic
10467,229861111,229861111-7,18-24,Male,Black Hispanic
10468,229943472,229943472-1,25-44,Male,Black
10469,230162221,230162221-1,25-44,Male,Black
10470,230193606,230193606-1,25-44,Male,Black
10471,231053195,231053195-1,18-24,Male,Black
10472,231110269,231110269-1,18-24,Female,Black
10473,231110269,231110269-2,18-24,Male,Black
10474,231246225,231246225-2,25-44,Female,White Hispanic
10475,231246225,231246225-4,18-24,Male,White Hispanic
10476,231246225,231246225-5,25-44,Male,Black
10477,231246225,231246225-6,18-24,Female,White Hispanic
10478,231246225,231246225-7,25-44,Male,Black Hispanic
10479,231369852,231369852-1,25-44,Male,Black
10480,231433039,231433039-1,18-24,Male,Black
10481,231635821,231635821-1,18-24,Male,Black
10482,231965278,231965278-1,<18,Male,White Hispanic
10483,232504313,232504313-1,25-44,Male,Black
10484,232978776,232978776-1,18-24,Male,Asian / Pacific Islander
10485,233147633,233147633-1,25-44,Male,White Hispanic
10486,233307769,233307769-1,18-24,Male,White Hispanic
10487,233307769,233307769-2,25-44,Male,Black Hispanic
10488,233828559,233828559-1,25-44,Female,Asian / Pacific Islander
10489,234101081,234101081-1,25-44,Male,Black
10490,234101081,234101081-2,18-24,Male,Black
10491,234208386,234208386-1,18-24,Male,Black
10492,234208836,234208836-1,25-44,Male,Black
10493,234208836,234208836-2,25-44,Male,Black
10494,234208836,234208836-3,18-24,Male,Black
10495,235941692,235941692-1,25-44,Male,Black
10496,235962609,235962609-1,18-24,Male,Black
10497,236056049,236056049-1,18-24,Male,Black
10498,236246540,236246540-1,25-44,Male,Black
10499,236246540,236246540-2,18-24,Male,Black
10500,237218698,237218698-1,25-44,Male,White Hispanic
10501,237362439,237362439-1,<18,Male,Black
10502,237710986,237710986-1,25-44,Male,White Hispanic
10503,237744900,237744900-1,25-44,Male,Asian / Pacific Islander
10504,238147754,238147754-1,25-44,Male,White Hispanic
10505,238930136,238930136-1,<18,Male,Black
10506,239222316,239222316-1,18-24,Male,White Hispanic
10507,239811193,239811193-1,18-24,Male,Black
10508,239811193,239811193-2,18-24,Male,Black
10509,240174262,240174262-1,25-44,Male,White Hispanic
10510,240175310,240175310-1,<18,Male,Black
10511,240175310,240175310-2,<18,Male,Black
10512,240256033,240256033-1,25-44,Male,Black
10513,240438093,240438093-1,18-24,Male,Black
10514,241265567,241265567-1,18-24,Male,Black
10515,242017512,242017512-1,25-44,Male,Black
10516,242017512,242017512-2,25-44,Male,Black
10517,242092034,242092034-2,18-24,Male,White Hispanic
10518,242092034,242092034-3,18-24,Male,White Hispanic
10519,242223932,242223932-1,18-24,Male,White Hispanic
10520,242223932,242223932-2,18-24,Male,White Hispanic
10521,242373590,242373590-1,25-44,Male,Black
10522,242373590,242373590-2,25-44,Male,Black
10523,242671714,242671714-1,18-24,Male,Black
10524,242671714,242671714-2,25-44,Male,Black
10525,242882171,242882171-1,18-24,Male,White Hispanic
10526,242882171,242882171-2,18-24,Male,Black Hispanic
10527,243143527,243143527-1,18-24,Male,Black
10528,243175384,243175384-1,25-44,Male,White Hispanic
10529,243175384,243175384-2,18-24,Male,Black Hispanic
10530,243738413,243738413-1,18-24,Female,Black
10531,244011694,244011694-1,<18,Male,Black
10532,244169757,244169757-1,<18,Male,Black
10533,244430639,244430639-1,25-44,Female,Black
10534,244487414,244487414-1,18-24,Male,White Hispanic
10535,244590016,244590016-1,<18,Male,Black
10536,244590016,244590016-2,<18,Male,Black
10537,244818448,244818448-1,45-64,Male,White Hispanic
10538,245439464,245439464-1,25-44,Male,Asian / Pacific Islander
10539,245439464,245439464-2,25-44,Male,Asian / Pacific Islander
10540,52122543,52122543-15597,Unknown,Male,Black
10541,52122543,52122543-15598,Unknown,Male,Black
10542,52122543,52122543-15599,Unknown,Male,Black
10543,52269755,52269755-15640,Unknown,Male,Black
10544,52335895,52335895-19235,25-44,Male,Black
10545,53847340,53847340-15793,Unknown,Unknown,Unknown
10546,53869939,53869939-15772,18-24,Male,Black
10547,54080624,54080624-15803,25-44,Male,Black
10548,54080624,54080624-15817,18-24,Female,Black
10549,54273340,54273340-15851,Unknown,Male,Black
10550,54382776,54382776-15868,<18,Male,Black
10551,54382776,54382776-23567,18-24,Male,Black Hispanic
10552,54458332,54458332-15876,Unknown,Unknown,Unknown
10553,54610399,54610399-15904,18-24,Male,Black
10554,54968479,54968479-15972,18-24,Male,Black
10555,54968479,54968479-16069,18-24,Male,Black
10556,55082912,55082912-16077,<18,Female,White Hispanic
10557,55082912,55082912-16096,18-24,Male,White Hispanic
10558,55112480,55112480-16008,Unknown,Male,White Hispanic
10559,55195352,55195352-16023,Unknown,Unknown,Unknown
10560,55322801,55322801-1,25-44,Male,Black
10561,55322804,55322804-16090,Unknown,Male,Unknown
10562,55322804,55322804-16091,Unknown,Male,Unknown
10563,55581513,55581513-16137,Unknown,Unknown,Unknown
10564,55756426,55756426-16157,<18,Male,White Hispanic
10565,55925855,55925855-16223,25-44,Male,Black Hispanic
10566,56290941,56290941-16254,Unknown,Male,Black
10567,56403294,56403294-16270,45-64,Male,White Hispanic
10568,57938886,57938886-16315,Unknown,Male,Black
10569,57938886,57938886-16344,Unknown,Male,Black
10570,57938889,57938889-16313,45-64,Male,White Hispanic
10571,58892889,58892889-16318,18-24,Male,Black
10572,58892889,58892889-16319,25-44,Male,Black
10573,59218197,59218197-16375,25-44,Male,Black
10574,59660232,59660232-16427,Unknown,Male,Black
10575,59688550,59688550-16437,18-24,Male,White Hispanic
10576,59716831,59716831-16445,Unknown,Unknown,Unknown
10577,60371007,60371007-16519,25-44,Male,Black
10578,60789950,60789950-16764,18-24,Male,Black
10579,60789950,60789950-16776,18-24,Male,Black
10580,61098685,61098685-16603,18-24,Male,Black
10581,61144234,61144234-16709,25-44,Male,Black
10582,61223906,61223906-16626,Unknown,Unknown,Unknown
10583,61373839,61373839-16652,Unknown,Unknown,Unknown
10584,61547631,61547631-16679,25-44,Male,Black
10585,61547631,61547631-16690,25-44,Male,Black
10586,61593632,61593632-16686,18-24,Male,Black
10587,61593632,61593632-16699,25-44,Male,Black
10588,61777801,61777801-16721,Unknown,Unknown,Unknown
10589,61803653,61803653-16743,Unknown,Unknown,Unknown
10590,61943536,61943536-16752,25-44,Male,Black
10591,62012202,62012202-16762,25-44,Male,Black
10592,62058673,62058673-16858,18-24,Male,Black Hispanic
10593,62122828,62122828-16793,25-44,Male,White
10594,62122830,62122830-16791,25-44,Male,White Hispanic
10595,62200685,62200685-16805,Unknown,Male,Black
10596,62242976,62242976-16827,Unknown,Male,Black
10597,62242976,62242976-16859,Unknown,Male,Black
10598,62255307,62255307-16834,18-24,Male,Black
10599,62255307,62255307-16905,Unknown,Male,Black
10600,62255307,62255307-16906,Unknown,Male,Black
10601,62275550,62275550-16838,Unknown,Unknown,Unknown
10602,62314283,62314283-16832,Unknown,Male,Black
10603,62525253,62525253-16883,25-44,Male,Black
10604,62526977,62526977-16885,Unknown,Unknown,Unknown
10605,62663565,62663565-16917,18-24,Male,Black
10606,62725594,62725594-16944,Unknown,Unknown,Unknown
10607,62727214,62727214-17042,18-24,Male,Black
10608,62773206,62773206-16937,25-44,Male,Black Hispanic
10609,62773207,62773207-16943,Unknown,Unknown,Unknown
10610,62991280,62991280-16977,25-44,Male,Unknown
10611,62991280,62991280-16983,18-24,Male,Black
10612,62991280,62991280-18395,18-24,Male,Black
10613,63189910,63189910-17062,18-24,Male,Black
10614,63372963,63372963-17070,25-44,Male,Black Hispanic
10615,63381857,63381857-17073,Unknown,Unknown,Unknown
10616,63405886,63405886-17078,18-24,Male,Black
10617,63429559,63429559-17079,Unknown,Unknown,Unknown
10618,63506964,63506964-17085,18-24,Male,Black
10619,63506964,63506964-17086,45-64,Male,Black
10620,63506964,63506964-17087,18-24,Male,White Hispanic
10621,63506964,63506964-17088,18-24,Male,Black
10622,63656431,63656431-17110,18-24,Male,Black
10623,63656431,63656431-17127,18-24,Male,White Hispanic
10624,63796439,63796439-17150,18-24,Male,Black
10625,64040918,64040918-17168,Unknown,Unknown,Unknown
10626,64169805,64169805-17193,18-24,Male,Black
10627,64169805,64169805-17322,<18,Male,White Hispanic
10628,64206873,64206873-17202,18-24,Male,White Hispanic
10629,64213920,64213920-17209,Unknown,Male,Black
10630,64239748,64239748-17211,18-24,Male,Black
10631,64297167,64297167-17218,Unknown,Unknown,Unknown
10632,64297172,64297172-17264,18-24,Male,Black
10633,64297172,64297172-17265,<18,Male,Black
10634,64318202,64318202-17241,Unknown,Unknown,Unknown
10635,64320323,64320323-19950,25-44,Male,Black
10636,64530049,64530049-17309,18-24,Male,White Hispanic
10637,64556899,64556899-17314,25-44,Male,Black
10638,64751904,64751904-17363,Unknown,Unknown,Unknown
10639,64880707,64880707-17376,Unknown,Unknown,Unknown
10640,65084708,65084708-17409,18-24,Male,Black
10641,65084708,65084708-17468,45-64,Male,Black
10642,65308659,65308659-17448,<18,Male,White Hispanic
10643,65463810,65463810-22025,18-24,Male,Black
10644,65464028,65464028-17466,Unknown,Unknown,Unknown
10645,66017114,66017114-17545,18-24,Male,Black
10646,66107747,66107747-17568,25-44,Male,Black
10647,66170354,66170354-17590,Unknown,Unknown,Unknown
10648,66174423,66174423-17592,18-24,Male,Black
10649,66174423,66174423-17698,18-24,Male,Black
10650,66192468,66192468-17587,Unknown,Unknown,Unknown
10651,66239913,66239913-17598,25-44,Male,Black
10652,66680652,66680652-17639,<18,Male,White Hispanic
10653,66855506,66855506-17674,Unknown,Unknown,Unknown
10654,67109564,67109564-17738,25-44,Male,White Hispanic
10655,67549586,67549586-17779,25-44,Male,Black Hispanic
10656,67549586,67549586-17780,18-24,Male,White Hispanic
10657,67605368,67605368-18241,Unknown,Unknown,Unknown
10658,67726495,67726495-18021,Unknown,Unknown,Unknown
10659,68015427,68015427-17852,25-44,Male,Black
10660,68152300,68152300-17964,25-44,Male,Black
10661,68190936,68190936-17885,Unknown,Unknown,Unknown
10662,68296785,68296785-17903,18-24,Male,Black Hispanic
10663,68296785,68296785-18078,<18,Male,Black Hispanic
10664,68296786,68296786-17907,Unknown,Unknown,Unknown
10665,68566526,68566526-17931,Unknown,Unknown,Unknown
10666,69045873,69045873-17979,25-44,Male,Black
10667,69045873,69045873-18016,25-44,Male,Black
10668,69231237,69231237-17991,25-44,Male,Black
10669,69231237,69231237-17992,25-44,Male,Black
10670,69231237,69231237-17993,25-44,Male,Black
10671,69294357,69294357-18005,25-44,Male,Black
10672,69297260,69297260-18014,Unknown,Unknown,Unknown
10673,69420483,69420483-18035,Unknown,Male,White Hispanic
10674,69526311,69526311-18046,Unknown,Male,Black
10675,69526311,69526311-18079,Unknown,Male,Black
10676,69794647,69794647-18070,18-24,Male,Black
10677,69888729,69888729-18097,Unknown,Unknown,Unknown
10678,70882802,70882802-18138,Unknown,Unknown,Unknown
10679,71054065,71054065-18164,Unknown,Unknown,Unknown
10680,71078796,71078796-18182,18-24,Male,White Hispanic
10681,71078796,71078796-18210,18-24,Male,Black Hispanic
10682,71515833,71515833-18266,18-24,Male,Black
10683,71836062,71836062-18373,Unknown,Male,Black
10684,71928918,71928918-18468,Unknown,Unknown,Unknown
10685,71946598,71946598-18408,18-24,Male,Black
10686,72077239,72077239-18430,25-44,Male,Black Hispanic
10687,72096465,72096465-18433,Unknown,Male,Black
10688,72123360,72123360-18449,25-44,Male,Black
10689,72284257,72284257-18507,Unknown,Male,Black
10690,72493829,72493829-18586,Unknown,Male,Black
10691,72512116,72512116-18661,18-24,Male,White Hispanic
10692,72748588,72748588-18811,18-24,Male,Black
10693,72753702,72753702-18650,25-44,Male,White Hispanic
10694,72837480,72837480-18984,18-24,Male,Black
10695,72837480,72837480-19114,18-24,Male,Black
10696,72837480,72837480-19615,18-24,Male,Black Hispanic
10697,72837480,72837480-19616,18-24,Male,Black
10698,72837480,72837480-19815,25-44,Male,Black
10699,72939621,72939621-18691,Unknown,Male,Black Hispanic
10700,73037340,73037340-18712,Unknown,Male,Black Hispanic
10701,73064559,73064559-18907,25-44,Male,Black Hispanic
10702,73085549,73085549-18721,Unknown,Male,Black
10703,73298254,73298254-18773,18-24,Male,Black
10704,73417481,73417481-18804,Unknown,Male,Black
10705,73600076,73600076-18879,65+,Male,Black
10706,73666186,73666186-18891,<18,Male,White Hispanic
10707,74037340,74037340-19007,25-44,Male,Black
10708,74186599,74186599-19221,25-44,Male,Black
10709,74186599,74186599-19283,25-44,Male,Black
10710,74186599,74186599-19284,25-44,Male,Black
10711,74514013,74514013-19165,18-24,Male,White Hispanic
10712,74514013,74514013-19166,18-24,Male,White Hispanic
10713,74581557,74581557-19293,25-44,Male,Black
10714,74673299,74673299-19224,25-44,Male,Black
10715,74675086,74675086-19212,Unknown,Male,Black
10716,74989382,74989382-19311,Unknown,Unknown,Unknown
10717,75487856,75487856-19456,Unknown,Male,Black Hispanic
10718,75644646,75644646-19477,Unknown,Unknown,Unknown
10719,75779114,75779114-19514,18-24,Male,Black
10720,75831638,75831638-19522,Unknown,Male,Black
10721,75841719,75841719-19524,Unknown,Male,Unknown
10722,75847102,75847102-19650,<18,Male,Black
10723,75847942,75847942-19525,25-44,Male,Black
10724,75962098,75962098-19563,Unknown,Male,Black
10725,75962098,75962098-19564,Unknown,Male,Black
10726,76070199,76070199-19580,Unknown,Male,Black
10727,76606767,76606767-22372,18-24,Male,Black
10728,76606767,76606767-22373,18-24,Male,Black
10729,76606767,76606767-22374,18-24,Male,Black
10730,76619414,76619414-19597,18-24,Male,Black Hispanic
10731,76623745,76623745-19602,18-24,Male,Black
10732,76623746,76623746-19658,25-44,Male,Black
10733,76642352,76642352-19604,Unknown,Unknown,Unknown
10734,76663353,76663353-19690,18-24,Male,Black
10735,76663354,76663354-19642,18-24,Male,Black
10736,76983467,76983467-19689,Unknown,Unknown,Unknown
10737,77471349,77471349-19805,18-24,Male,Black
10738,77801473,77801473-19996,18-24,Male,Black
10739,78019135,78019135-19915,18-24,Male,Black
10740,78019135,78019135-19916,18-24,Male,Black Hispanic
10741,78157447,78157447-19945,<18,Male,Black
10742,78208491,78208491-19964,18-24,Male,Black
10743,78380446,78380446-20000,18-24,Male,Black
10744,78380446,78380446-20001,18-24,Female,Black
10745,78380446,78380446-20002,25-44,Male,Black
10746,78452334,78452334-20018,25-44,Male,Black
10747,78663094,78663094-20074,Unknown,Unknown,Unknown
10748,78989048,78989048-20148,25-44,Male,Black
10749,79217429,79217429-20189,18-24,Male,White Hispanic
10750,79489506,79489506-20283,18-24,Male,Black
10751,79496945,79496945-20592,18-24,Male,Black
10752,79500004,79500004-22144,45-64,Male,Black
10753,79614242,79614242-20349,18-24,Male,Black
10754,79853890,79853890-20454,18-24,Male,Black Hispanic
10755,79924835,79924835-20397,<18,Male,Black
10756,80055677,80055677-20433,18-24,Male,Black
10757,80225511,80225511-20500,25-44,Male,Black Hispanic
10758,80320379,80320379-20547,Unknown,Male,White Hispanic
10759,80772455,80772455-20739,18-24,Male,Black
10760,80772455,80772455-20803,18-24,Male,Black Hispanic
10761,80938321,80938321-20791,<18,Male,Black
10762,80938321,80938321-21265,18-24,Male,Black
10763,81002219,81002219-20801,Unknown,Unknown,Unknown
10764,81206160,81206160-21242,18-24,Male,Black
10765,81206979,81206979-25183,18-24,Male,Black
10766,81560488,81560488-21222,<18,Male,White Hispanic
10767,81600916,81600916-20957,18-24,Male,Black
10768,81600916,81600916-20958,<18,Male,Black
10769,81600916,81600916-20964,<18,Male,Black
10770,81785568,81785568-20999,<18,Female,Black
10771,81785568,81785568-26213,18-24,Male,Black
10772,82157674,82157674-21106,18-24,Male,Black
10773,82230824,82230824-21111,18-24,Male,Black
10774,82251613,82251613-21091,Unknown,Male,Unknown
10775,82323151,82323151-21109,25-44,Male,White Hispanic
10776,82323151,82323151-21110,25-44,Male,White Hispanic
10777,82496548,82496548-21146,<18,Male,Black
10778,82496548,82496548-21191,18-24,Male,Black
10779,82576220,82576220-21256,25-44,Male,Black
10780,82751862,82751862-21209,25-44,Male,White Hispanic
10781,83133189,83133189-21768,25-44,Male,Black
10782,83170423,83170423-21286,45-64,Male,Black
10783,83243668,83243668-24407,25-44,Male,Black
10784,83572406,83572406-22466,18-24,Male,Black
10785,83751047,83751047-21397,25-44,Male,Black
10786,83751047,83751047-21398,18-24,Male,Black
10787,83810863,83810863-21400,25-44,Male,Black
10788,84046385,84046385-21445,Unknown,Unknown,Unknown
10789,84046385,84046385-21495,25-44,Male,Black
10790,84046385,84046385-21496,25-44,Male,Black
10791,84107266,84107266-21457,25-44,Male,Black
10792,84341651,84341651-21557,18-24,Male,Unknown
10793,84354611,84354611-21524,25-44,Male,Black
10794,84702238,84702238-24245,18-24,Male,Black
10795,84737784,84737784-21660,18-24,Male,Black
10796,84737784,84737784-21661,18-24,Male,Black
10797,84737784,84737784-21662,18-24,Male,Black
10798,84817081,84817081-22044,18-24,Male,Black
10799,84829748,84829748-21588,<18,Male,Black
10800,84973833,84973833-21782,25-44,Male,Black
10801,85040123,85040123-21699,25-44,Male,Black
10802,85053568,85053568-21812,18-24,Male,Black
10803,85127160,85127160-21918,18-24,Male,Black
10804,85152128,85152128-21712,25-44,Male,White Hispanic
10805,85193906,85193906-21651,18-24,Male,Black
10806,85250455,85250455-21668,25-44,Male,Black
10807,85518940,85518940-22006,25-44,Male,Black
10808,85630227,85630227-21756,18-24,Male,Black
10809,85630227,85630227-21757,18-24,Male,Black
10810,85630227,85630227-21771,18-24,Male,Black
10811,85657851,85657851-21777,25-44,Male,Black
10812,85768006,85768006-21796,25-44,Male,Black
10813,85768006,85768006-21802,25-44,Male,Black
10814,85768006,85768006-21803,25-44,Female,Black
10815,85768006,85768006-21804,18-24,Male,Black
10816,85875439,85875439-21827,<18,Male,Black
10817,85875439,85875439-21844,18-24,Male,Black
10818,86093515,86093515-21902,18-24,Male,Black
10819,86211820,86211820-21911,45-64,Male,Black Hispanic
10820,86298109,86298109-21909,18-24,Male,Black
10821,86298109,86298109-21910,25-44,Male,Black
10822,86437458,86437458-21943,45-64,Male,White
10823,86469569,86469569-21956,25-44,Female,White Hispanic
10824,86469569,86469569-22184,18-24,Male,Black
10825,86494510,86494510-22126,18-24,Male,Black
10826,86664788,86664788-22101,25-44,Male,Black
10827,86945618,86945618-22064,<18,Male,Black
10828,87455080,87455080-22421,18-24,Male,Black
10829,87624952,87624952-22505,18-24,Male,White Hispanic
10830,87765892,87765892-23162,25-44,Male,Black
10831,87924643,87924643-22284,45-64,Male,Black
10832,88306914,88306914-22313,25-44,Male,White Hispanic
10833,88360956,88360956-22328,25-44,Male,Black
10834,88693672,88693672-22406,18-24,Male,Black
10835,88931835,88931835-22427,25-44,Male,White Hispanic
10836,88931835,88931835-22433,25-44,Male,White Hispanic
10837,88931835,88931835-22434,25-44,Male,White Hispanic
10838,89420965,89420965-22500,25-44,Male,Black
10839,89658158,89658158-22616,18-24,Male,White Hispanic
10840,89724382,89724382-23033,45-64,Male,White
10841,89770225,89770225-22575,25-44,Male,Black
10842,90006563,90006563-22738,18-24,Male,Black
10843,90699334,90699334-22692,25-44,Male,White Hispanic
10844,90731411,90731411-22819,25-44,Male,Black Hispanic
10845,90731411,90731411-22848,25-44,Male,Black Hispanic
10846,90731411,90731411-23031,25-44,Male,White Hispanic
10847,91048614,91048614-22953,25-44,Male,Black
10848,91165982,91165982-22773,25-44,Male,Black
10849,91177904,91177904-22763,25-44,Male,White Hispanic
10850,91177905,91177905-22766,18-24,Male,Black
10851,91177905,91177905-22767,<18,Male,Black
10852,91270515,91270515-22779,18-24,Male,White Hispanic
10853,91270515,91270515-22780,25-44,Male,White Hispanic
10854,91500043,91500043-22943,18-24,Male,Black
10855,91500044,91500044-22811,18-24,Male,Black
10856,91551820,91551820-22815,18-24,Male,Black
10857,92041830,92041830-22904,18-24,Male,Black
10858,92101515,92101515-22901,18-24,Male,Black
10859,92152096,92152096-23367,<18,Male,Black
10860,92228866,92228866-22967,25-44,Male,Black
10861,92228866,92228866-22968,18-24,Male,Black
10862,92403280,92403280-23343,18-24,Male,Black
10863,92409934,92409934-22969,18-24,Male,Black
10864,92410079,92410079-22947,18-24,Male,Black Hispanic
10865,92431848,92431848-23294,25-44,Male,White Hispanic
10866,92431848,92431848-23508,25-44,Male,White Hispanic
10867,92992153,92992153-23050,18-24,Male,White Hispanic
10868,93122432,93122432-23082,18-24,Male,Black
10869,93179715,93179715-23138,18-24,Male,Black Hispanic
10870,93273400,93273400-23114,18-24,Male,Black
10871,93509179,93509179-23160,18-24,Male,Black
10872,93618069,93618069-23475,25-44,Male,Black
10873,93775842,93775842-23167,25-44,Male,White Hispanic
10874,93834352,93834352-23428,25-44,Male,Black
10875,93853481,93853481-24590,25-44,Male,White Hispanic
10876,94136969,94136969-23281,25-44,Male,Black Hispanic
10877,94179654,94179654-23250,45-64,Male,White Hispanic
10878,94794254,94794254-23363,18-24,Male,Black
10879,94794254,94794254-23379,18-24,Male,Black
10880,94947264,94947264-23384,18-24,Male,Black
10881,94947264,94947264-23385,25-44,Male,Black
10882,94947264,94947264-23555,18-24,Male,Black
10883,95013712,95013712-23410,18-24,Male,White Hispanic
10884,95013712,95013712-23411,18-24,Male,Black
10885,95043444,95043444-23381,25-44,Male,Black Hispanic
10886,95154482,95154482-23390,45-64,Male,Black
10887,95338625,95338625-23462,25-44,Male,Asian / Pacific Islander
10888,95385216,95385216-23435,18-24,Male,Black
10889,95473240,95473240-23452,<18,Male,Black
10890,109324540,109324540-23515,18-24,Male,Black
10891,109324540,109324540-23561,18-24,Male,Black
10892,136506639,136506639-23568,25-44,Male,Black
10893,136563285,136563285-23566,Unknown,Unknown,Unknown
10894,136619575,136619575-23798,<18,Male,Black
10895,136633629,136633629-23580,25-44,Male,Black
10896,136640265,136640265-23586,18-24,Male,Black
10897,137132715,137132715-23665,18-24,Male,Black Hispanic
10898,137584249,137584249-23719,18-24,Male,Black
10899,137670655,137670655-23731,18-24,Male,White Hispanic
10900,137670655,137670655-23785,18-24,Male,Black Hispanic
10901,137931192,137931192-23844,25-44,Male,White Hispanic
10902,138265228,138265228-23824,18-24,Male,Black
10903,138339134,138339134-24178,18-24,Male,Black Hispanic
10904,138364300,138364300-23930,25-44,Male,Black
10905,138364636,138364636-23969,25-44,Male,Black
10906,138447853,138447853-24548,18-24,Male,Black
10907,138477077,138477077-23867,18-24,Male,Black
10908,138477083,138477083-23919,25-44,Male,Unknown
10909,138554248,138554248-23935,18-24,Male,Black
10910,138579727,138579727-25623,18-24,Male,Black
10911,138750340,138750340-23933,<18,Male,Black
10912,138935806,138935806-24028,25-44,Male,Black
10913,139250596,139250596-24070,18-24,Male,Black
10914,139362663,139362663-24015,<18,Male,Black
10915,139461295,139461295-24075,18-24,Male,Black
10916,139461295,139461295-24076,18-24,Male,Black
10917,139461295,139461295-24077,18-24,Male,Black
10918,139565164,139565164-24029,<18,Male,Black
10919,139798191,139798191-24082,45-64,Male,Black
10920,140105765,140105765-24134,18-24,Male,Black
10921,140105765,140105765-24135,18-24,Male,Black
10922,140266643,140266643-24278,18-24,Male,White Hispanic
10923,140591802,140591802-24365,25-44,Male,White Hispanic
10924,140787287,140787287-24315,18-24,Male,Black
10925,140883286,140883286-24427,25-44,Male,Black
10926,141108958,141108958-24375,18-24,Male,Black
10927,141768993,141768993-24951,45-64,Male,White Hispanic
10928,141793435,141793435-24391,65+,Male,White
10929,142262293,142262293-27118,25-44,Male,White Hispanic
10930,142414703,142414703-24428,25-44,Male,Black
10931,142432395,142432395-24434,18-24,Male,Black
10932,142472726,142472726-24447,25-44,Male,Black Hispanic
10933,142647611,142647611-24714,18-24,Male,Black
10934,142680042,142680042-24459,18-24,Male,White Hispanic
10935,142794320,142794320-24472,25-44,Male,Black Hispanic
10936,142889363,142889363-24487,25-44,Male,Black
10937,143158082,143158082-24499,18-24,Male,White Hispanic
10938,143613175,143613175-24689,18-24,Male,Black
10939,144441786,144441786-24755,<18,Male,White Hispanic
10940,144479288,144479288-25428,25-44,Male,Black
10941,144515400,144515400-24696,18-24,Male,Black
10942,144626264,144626264-25162,18-24,Male,White Hispanic
10943,144731681,144731681-24660,<18,Male,Black
10944,144825551,144825551-24711,25-44,Male,Asian / Pacific Islander
10945,144878524,144878524-24676,18-24,Male,Black
10946,145596038,145596038-24855,18-24,Male,Black
10947,145596038,145596038-24856,<18,Male,Black
10948,145751255,145751255-24761,18-24,Male,Black
10949,145811501,145811501-24764,18-24,Male,White Hispanic
10950,145938766,145938766-24773,18-24,Male,Black
10951,146462810,146462810-24827,18-24,Male,Black
10952,147095356,147095356-24967,25-44,Male,Black
10953,147275865,147275865-25019,25-44,Male,Black
10954,147460152,147460152-24987,25-44,Male,Black
10955,147460152,147460152-27045,Unknown,Male,Unknown
10956,148039514,148039514-25030,18-24,Male,Black Hispanic
10957,148039514,148039514-25173,18-24,Male,White Hispanic
10958,148332862,148332862-25073,18-24,Male,White Hispanic
10959,148586893,148586893-25127,<18,Male,Black
10960,148726133,148726133-25113,<18,Male,Black
10961,148828503,148828503-25103,25-44,Male,Black
10962,148854123,148854123-25135,18-24,Female,Black
10963,148937599,148937599-25115,25-44,Male,White Hispanic
10964,149242441,149242441-25156,25-44,Male,Black Hispanic
10965,149253186,149253186-25140,45-64,Male,Black
10966,150169143,150169143-25197,25-44,Male,Black
10967,150370919,150370919-25205,25-44,Male,Black
10968,150543224,150543224-25213,25-44,Male,Black
10969,150772442,150772442-25234,25-44,Male,White Hispanic
10970,150772442,150772442-25235,25-44,Male,Black
10971,150772443,150772443-25375,<18,Male,Black
10972,150772443,150772443-25376,<18,Male,Black Hispanic
10973,151011251,151011251-25271,25-44,Male,Black
10974,151173891,151173891-25333,18-24,Male,Black
10975,152109820,152109820-25357,25-44,Male,Black
10976,152491583,152491583-25389,<18,Male,Black
10977,152950869,152950869-26012,18-24,Male,Black
10978,153273025,153273025-25429,18-24,Male,Black
10979,153282009,153282009-25433,25-44,Male,Black
10980,153309829,153309829-25454,18-24,Male,Black Hispanic
10981,153309829,153309829-25455,18-24,Male,Black Hispanic
10982,153538194,153538194-25457,25-44,Male,Black
10983,153792289,153792289-25494,25-44,Male,Black
10984,153916054,153916054-25496,25-44,Male,Black Hispanic
10985,153916054,153916054-25497,25-44,Male,Black
10986,153930441,153930441-25479,25-44,Male,Black Hispanic
10987,153953519,153953519-25482,25-44,Male,Black Hispanic
10988,154216394,154216394-25531,25-44,Male,Black
10989,154358257,154358257-25526,18-24,Male,Black
10990,154496696,154496696-25867,25-44,Male,White Hispanic
10991,154866775,154866775-25658,18-24,Male,Black
10992,154867062,154867062-25561,18-24,Male,White Hispanic
10993,155036101,155036101-25852,18-24,Male,Black
10994,155176232,155176232-25577,18-24,Male,Black
10995,155176232,155176232-25578,18-24,Male,Black
10996,155195782,155195782-25680,18-24,Male,Black
10997,155429709,155429709-25597,25-44,Male,Black Hispanic
10998,155429709,155429709-25625,25-44,Male,Black Hispanic
10999,155472109,155472109-25636,18-24,Male,Black
11000,155653777,155653777-25642,25-44,Male,White Hispanic
11001,155995754,155995754-25691,18-24,Male,Black
11002,156246001,156246001-25687,18-24,Male,Black Hispanic
11003,156246456,156246456-25713,18-24,Male,Black
11004,157055738,157055738-25810,18-24,Male,Black
11005,157055738,157055738-25811,18-24,Male,Black
11006,157628246,157628246-26303,18-24,Male,Black
11007,158305331,158305331-26098,18-24,Male,White Hispanic
11008,159478998,159478998-26001,25-44,Male,Black
11009,161311801,161311801-26089,18-24,Male,Black
11010,161486738,161486738-26099,25-44,Male,Black
11011,161595777,161595777-26106,18-24,Male,Black
11012,161595777,161595777-27214,18-24,Male,Black
11013,162879362,162879362-26204,25-44,Male,Black
11014,163436270,163436270-26264,25-44,Male,Black
11015,163842822,163842822-26258,18-24,Male,Black
11016,163842823,163842823-26257,45-64,Male,Unknown
11017,163842829,163842829-26311,25-44,Male,Black
11018,164239892,164239892-26285,25-44,Male,Black
11019,164239892,164239892-26286,18-24,Male,Black
11020,164781319,164781319-26321,25-44,Male,American Indian/Alaskan Native
11021,164942050,164942050-26334,<18,Male,Black
11022,165015157,165015157-26578,25-44,Male,Black
11023,165015157,165015157-26579,18-24,Male,Black Hispanic
11024,165015157,165015157-26580,18-24,Male,Black
11025,165015157,165015157-26581,18-24,Male,Black
11026,165252469,165252469-26359,25-44,Male,Black
11027,165264178,165264178-26348,25-44,Male,White Hispanic
11028,165294204,165294204-26349,25-44,Male,Black
11029,165720217,165720217-26400,<18,Male,Black
11030,166152718,166152718-1,25-44,Male,Black
11031,166268792,166268792-26470,25-44,Female,Black
11032,166268794,166268794-26405,25-44,Male,Black Hispanic
11033,166412375,166412375-26481,25-44,Male,Black
11034,166676981,166676981-26479,25-44,Male,Black
11035,166741095,166741095-26452,25-44,Male,Black
11036,167328738,167328738-26582,25-44,Male,White Hispanic
11037,167835863,167835863-26534,18-24,Male,Black
11038,167917431,167917431-26546,18-24,Male,White Hispanic
11039,168080540,168080540-26551,18-24,Male,Black
11040,168757748,168757748-26616,18-24,Male,Black
11041,169566541,169566541-26889,18-24,Male,White Hispanic
11042,169924416,169924416-26698,25-44,Male,Black
11043,169924416,169924416-26699,25-44,Male,Black
11044,171094332,171094332-26750,45-64,Male,White
11045,171990077,171990077-26810,<18,Male,Black
11046,173220452,173220452-26887,18-24,Male,Black
11047,173391550,173391550-26908,18-24,Male,White
11048,173438642,173438642-26898,25-44,Male,Black
11049,173696361,173696361-26925,25-44,Male,Black
11050,173892243,173892243-26957,18-24,Male,Black
11051,173892243,173892243-26963,18-24,Male,Black
11052,178480481,178480481-27134,25-44,Male,Black
11053,178651739,178651739-27128,<18,Male,White Hispanic
11054,178651739,178651739-27130,<18,Male,Black
11055,178651739,178651739-27184,18-24,Male,Black
11056,182440990,182440990-27135,18-24,Male,Black
11057,182535482,182535482-27132,18-24,Male,Black
11058,182535482,182535482-27133,18-24,Male,Black
11059,182751446,182751446-27156,18-24,Male,Black Hispanic
11060,182931019,182931019-27392,18-24,Male,Black
11061,182931019,182931019-27393,<18,Male,Black
11062,183691056,183691056-27210,25-44,Male,Unknown
11063,183826155,183826155-27202,18-24,Male,Black
11064,184630194,184630194-27305,25-44,Male,Black
11065,184921280,184921280-27327,25-44,Male,Black
11066,184921284,184921284-27326,45-64,Male,Black
11067,185015377,185015377-27362,18-24,Male,Black
11068,185484640,185484640-27340,18-24,Male,Black
11069,185484640,185484640-27342,18-24,Male,Black
11070,186238946,186238946-27363,25-44,Male,White Hispanic
11071,186238946,186238946-27364,18-24,Male,White Hispanic
11072,186606270,186606270-1,25-44,Male,Black
11073,187007734,187007734-1,25-44,Male,Black Hispanic
11074,187132144,187132144-1,25-44,Male,Black
11075,187535840,187535840-1,25-44,Male,Black
11076,187591674,187591674-1,25-44,Male,Black
11077,187954076,187954076-1,<18,Male,Black
11078,188483681,188483681-1,<18,Male,Black
11079,188483684,188483684-1,25-44,Male,Black
11080,189435389,189435389-1,25-44,Male,Black
11081,190413383,190413383-1,18-24,Male,Black
11082,190413383,190413383-2,45-64,Male,Black
11083,190699069,190699069-1,<18,Male,Black
11084,190699069,190699069-2,<18,Male,Black
11085,190950367,190950367-1,25-44,Male,Black
11086,190950367,190950367-2,25-44,Female,Black
11087,190950367,190950367-3,25-44,Male,Black
11088,191853461,191853461-1,18-24,Male,Black
11089,192834303,192834303-1,25-44,Male,Black
11090,192876454,192876454-1,18-24,Male,Black
11091,193417904,193417904-1,18-24,Male,Black
11092,193417904,193417904-2,<18,Male,White Hispanic
11093,194226976,194226976-1,18-24,Male,Black
11094,194817578,194817578-1,25-44,Unknown,Unknown
11095,195102364,195102364-1,25-44,Male,Black
11096,196678735,196678735-1,45-64,Male,Black
11097,196680983,196680983-1,18-24,Male,Black
11098,197573447,197573447-1,<18,Male,Black
11099,198171739,198171739-1,25-44,Male,Black
11100,199467225,199467225-1,18-24,Male,Black
11101,199742306,199742306-1,<18,Male,Black
11102,199742306,199742306-2,<18,Male,Black
11103,200056611,200056611-1,25-44,Male,Black
11104,200521041,200521041-1,25-44,Male,White
11105,201573941,201573941-1,65+,Male,White
11106,201765787,201765787-1,25-44,Male,Black
11107,201851566,201851566-1,25-44,Male,Black
11108,202804358,202804358-1,18-24,Male,Black
11109,203041425,203041425-1,25-44,Male,White Hispanic
11110,203207193,203207193-1,<18,Male,Black
11111,204458419,204458419-1,25-44,Male,Black
11112,205177555,205177555-1,25-44,Male,White Hispanic
11113,205705081,205705081-1,18-24,Male,Black
11114,205862274,205862274-1,25-44,Male,Black
11115,206195060,206195060-1,18-24,Male,White Hispanic
11116,206526480,206526480-1,18-24,Male,Black
11117,206526480,206526480-2,18-24,Male,Black
11118,206909436,206909436-1,25-44,Male,Black
11119,206909436,206909436-2,18-24,Male,Black
11120,209281497,209281497-1,25-44,Male,Black
11121,209713053,209713053-1,18-24,Male,White Hispanic
11122,209713053,209713053-2,18-24,Male,Black Hispanic
11123,212640533,212640533-1,18-24,Male,Black
11124,212904807,212904807-1,25-44,Male,White Hispanic
11125,213187655,213187655-1,25-44,Male,Black
11126,213283576,213283576-1,25-44,Male,Black
11127,213471604,213471604-1,25-44,Male,Black
11128,213772741,213772741-1,25-44,Male,Black
11129,214184460,214184460-1,45-64,Male,Black
11130,214312113,214312113-1,18-24,Male,Black
11131,214608095,214608095-1,<18,Male,Black
11132,214693509,214693509-1,<18,Male,Black
11133,214693509,214693509-2,<18,Male,Black
11134,214693798,214693798-1,18-24,Male,Black Hispanic
11135,214874082,214874082-1,25-44,Male,Black
11136,214874082,214874082-2,25-44,Male,Black
11137,215034242,215034242-1,25-44,Male,Black
11138,215132742,215132742-1,25-44,Male,Black
11139,215644246,215644246-1,18-24,Male,Black
11140,215776332,215776332-1,18-24,Male,Black
11141,215776332,215776332-2,18-24,Male,Black
11142,215776332,215776332-3,18-24,Male,Black
11143,215776332,215776332-4,18-24,Male,Black
11144,216063723,216063723-1,25-44,Male,Black
11145,216263382,216263382-1,18-24,Male,Black
11146,216351812,216351812-1,18-24,Male,Black
11147,216353085,216353085-1,18-24,Male,Black
11148,216655521,216655521-1,25-44,Male,Black
11149,216796484,216796484-1,18-24,Male,Black
11150,216924606,216924606-1,25-44,Male,Black
11151,217209757,217209757-1,18-24,Male,Black
11152,217220153,217220153-1,25-44,Male,Black
11153,217494336,217494336-1,45-64,Male,White Hispanic
11154,217705090,217705090-1,18-24,Male,Black Hispanic
11155,217902814,217902814-1,25-44,Male,Black
11156,217902815,217902815-1,25-44,Male,Black
11157,217902815,217902815-2,25-44,Female,White Hispanic
11158,217953750,217953750-1,45-64,Male,Black Hispanic
11159,217953750,217953750-2,25-44,Male,White Hispanic
11160,218720899,218720899-1,25-44,Male,Black Hispanic
11161,219392056,219392056-1,45-64,Female,White Hispanic
11162,219559166,219559166-1,18-24,Male,Black
11163,219688158,219688158-1,25-44,Male,Black Hispanic
11164,219975238,219975238-1,45-64,Male,White Hispanic
11165,219975241,219975241-1,<18,Male,Black
11166,220122286,220122286-1,25-44,Male,Black
11167,220200662,220200662-1,25-44,Male,Black
11168,221550604,221550604-1,25-44,Male,Black
11169,222052230,222052230-1,25-44,Male,Black
11170,222052230,222052230-2,25-44,Male,Black
11171,222390879,222390879-1,25-44,Male,Black
11172,222932690,222932690-1,18-24,Male,Black
11173,222932690,222932690-2,18-24,Male,Black
11174,223298155,223298155-1,<18,Male,White Hispanic
11175,223782358,223782358-1,25-44,Male,Black
11176,223928178,223928178-1,18-24,Male,Black
11177,224642508,224642508-1,18-24,Male,Black
11178,224642508,224642508-2,<18,Male,Black
11179,224659382,224659382-1,25-44,Male,Black
11180,224817401,224817401-1,18-24,Male,White Hispanic
11181,224817846,224817846-1,25-44,Male,Black Hispanic
11182,224949526,224949526-1,65+,Male,White
11183,224949528,224949528-1,<18,Male,Black
11184,224954558,224954558-1,25-44,Male,Black
11185,224954558,224954558-2,25-44,Male,Black
11186,224954558,224954558-3,18-24,Male,Black
11187,224954558,224954558-4,25-44,Male,Black
11188,224954558,224954558-5,25-44,Male,Black
11189,225168411,225168411-1,18-24,Male,Asian / Pacific Islander
11190,225168411,225168411-2,25-44,Male,Black Hispanic
11191,225779049,225779049-1,<18,Male,Black Hispanic
11192,225779049,225779049-2,18-24,Female,Black
11193,225779049,225779049-3,<18,Male,Black
11194,225779049,225779049-4,18-24,Male,Black
11195,226266743,226266743-1,25-44,Male,Black
11196,227496843,227496843-1,25-44,Male,White Hispanic
11197,227950637,227950637-1,25-44,Male,White Hispanic
11198,227950658,227950658-1,25-44,Male,Black
11199,227950658,227950658-2,18-24,Male,Black
11200,227950665,227950665-1,25-44,Male,Black
11201,228109390,228109390-1,25-44,Male,Black
11202,228307361,228307361-1,<18,Male,Black
11203,228730773,228730773-1,<18,Male,Black
11204,228730773,228730773-2,18-24,Male,Black Hispanic
11205,228917764,228917764-1,45-64,Male,Black
11206,229224142,229224142-1,18-24,Male,Black
11207,229224142,229224142-2,18-24,Male,Black
11208,229498263,229498263-1,18-24,Male,Black Hispanic
11209,229498263,229498263-2,18-24,Male,White Hispanic
11210,229943474,229943474-1,25-44,Male,White
11211,230161942,230161942-1,18-24,Male,Black
11212,230161942,230161942-2,18-24,Male,Black
11213,230448653,230448653-1,25-44,Male,Black
11214,231008084,231008084-1,18-24,Male,Black
11215,231633081,231633081-2,25-44,Male,Black
11216,231941627,231941627-1,45-64,Male,Black
11217,232291475,232291475-1,25-44,Male,Black
11218,233459107,233459107-1,45-64,Male,Black
11219,233459107,233459107-2,25-44,Male,Black
11220,233765081,233765081-1,25-44,Male,Black Hispanic
11221,233765081,233765081-2,25-44,Male,White Hispanic
11222,233769246,233769246-1,<18,Male,Black
11223,234268729,234268729-1,18-24,Male,Black Hispanic
11224,234268729,234268729-2,18-24,Male,Black
11225,234403518,234403518-1,25-44,Male,Black
11226,234433694,234433694-1,25-44,Male,Asian / Pacific Islander
11227,234930233,234930233-1,25-44,Female,Asian / Pacific Islander
11228,234985333,234985333-1,18-24,Male,Black
11229,234985333,234985333-2,25-44,Male,Black
11230,235088037,235088037-1,25-44,Male,White Hispanic
11231,235457029,235457029-1,18-24,Male,White Hispanic
11232,235543653,235543653-1,18-24,Male,Black
11233,235801034,235801034-1,<18,Male,Black
11234,236065671,236065671-1,18-24,Male,Black
11235,236236704,236236704-1,18-24,Male,White Hispanic
11236,236818010,236818010-1,18-24,Male,Black
11237,237011779,237011779-1,18-24,Male,Black
11238,238040458,238040458-1,25-44,Male,Black Hispanic
11239,238040458,238040458-2,18-24,Male,Black Hispanic
11240,238040458,238040458-3,18-24,Male,Black Hispanic
11241,238040458,238040458-4,18-24,Male,White Hispanic
11242,238238212,238238212-1,25-44,Male,Black
11243,238238212,238238212-2,25-44,Male,Black
11244,55604964,55604964-16130,Unknown,Unknown,Unknown
11245,55699969,55699969-16149,Unknown,Unknown,Unknown
11246,55729907,55729907-16156,25-44,Male,Black Hispanic
11247,55867749,55867749-16170,Unknown,Male,White Hispanic
11248,55867749,55867749-16218,Unknown,Male,White Hispanic
11249,55867749,55867749-16219,Unknown,Male,White Hispanic
11250,55867749,55867749-16220,Unknown,Male,White Hispanic
11251,55867749,55867749-16221,Unknown,Male,Unknown
11252,55867752,55867752-21425,25-44,Male,Black
11253,55976671,55976671-16198,Unknown,Male,Black
11254,55976671,55976671-16225,Unknown,Male,Black
11255,56422560,56422560-16274,18-24,Male,Black
11256,56422564,56422564-16269,18-24,Male,Black
11257,56717662,56717662-16284,Unknown,Male,Black
11258,56717662,56717662-16292,Unknown,Male,Black
11259,59090170,59090170-16346,25-44,Male,Black
11260,60049264,60049264-16469,Unknown,Unknown,Unknown
11261,60097567,60097567-16520,Unknown,Male,Unknown
11262,60097569,60097569-16528,Unknown,Unknown,Unknown
11263,60509644,60509644-16580,Unknown,Male,Unknown
11264,61033829,61033829-16604,Unknown,Male,Unknown
11265,61351687,61351687-16661,25-44,Male,Black
11266,61351687,61351687-16969,Unknown,Unknown,Unknown
11267,61373836,61373836-16662,Unknown,Male,Black
11268,61853630,61853630-16856,Unknown,Male,Black
11269,62122832,62122832-16780,25-44,Male,Black
11270,62212183,62212183-16807,25-44,Male,Black
11271,62329953,62329953-16850,25-44,Male,Black
11272,62329953,62329953-16981,25-44,Female,Black
11273,62525252,62525252-16886,Unknown,Unknown,Unknown
11274,62883997,62883997-16964,Unknown,Male,Black
11275,62951037,62951037-16975,Unknown,Unknown,Unknown
11276,63146035,63146035-17022,Unknown,Unknown,Unknown
11277,63189242,63189242-17410,25-44,Male,White Hispanic
11278,63189249,63189249-17028,25-44,Male,Black
11279,63382827,63382827-17066,Unknown,Unknown,Unknown
11280,63406570,63406570-17077,18-24,Male,Unknown
11281,63465788,63465788-17105,18-24,Male,Black
11282,63636992,63636992-17116,Unknown,Unknown,Unknown
11283,63656430,63656430-17109,Unknown,Male,Black
11284,63874443,63874443-17707,Unknown,Unknown,Unknown
11285,64043225,64043225-17169,18-24,Male,Black Hispanic
11286,64064880,64064880-17186,Unknown,Unknown,Unknown
11287,64086396,64086396-17175,25-44,Male,Black
11288,64086396,64086396-17189,18-24,Male,Black
11289,64086396,64086396-17255,18-24,Male,Black
11290,64116658,64116658-17182,25-44,Male,Black
11291,64148507,64148507-17194,25-44,Male,Black
11292,64318201,64318201-17226,Unknown,Unknown,Unknown
11293,64318201,64318201-17556,Unknown,Unknown,Unknown
11294,64454371,64454371-17289,<18,Male,Black
11295,64454371,64454371-17343,<18,Male,Black
11296,64529971,64529971-17300,Unknown,Unknown,Unknown
11297,64697796,64697796-17388,18-24,Male,Black
11298,64741959,64741959-17362,Unknown,Unknown,Unknown
11299,64804440,64804440-17393,Unknown,Unknown,Unknown
11300,64857683,64857683-18086,Unknown,Unknown,Unknown
11301,64951006,64951006-17427,18-24,Male,Black
11302,64951006,64951006-17428,18-24,Male,Black
11303,64951006,64951006-17458,18-24,Male,Black
11304,64951006,64951006-17460,18-24,Male,Black
11305,65043085,65043085-17417,18-24,Male,Black Hispanic
11306,65043085,65043085-17418,18-24,Male,Black
11307,65043087,65043087-17481,25-44,Male,Black
11308,65084870,65084870-17413,Unknown,Male,Black
11309,65156505,65156505-24904,Unknown,Unknown,Unknown
11310,65192264,65192264-18032,18-24,Male,Black
11311,65270412,65270412-17432,Unknown,Unknown,Unknown
11312,65640276,65640276-18105,Unknown,Unknown,Unknown
11313,65644496,65644496-17482,18-24,Male,Black
11314,65732876,65732876-17498,Unknown,Unknown,Unknown
11315,65844393,65844393-17655,<18,Male,Black
11316,65844567,65844567-17509,Unknown,Male,Black
11317,65844568,65844568-17567,18-24,Male,Black
11318,65844568,65844568-17664,18-24,Female,Black
11319,65928471,65928471-17532,Unknown,Unknown,Unknown
11320,66160487,66160487-17581,18-24,Male,Black
11321,66160487,66160487-17688,18-24,Male,Black
11322,66383287,66383287-17615,<18,Male,Black
11323,66383287,66383287-17631,18-24,Male,Black
11324,66431721,66431721-17689,18-24,Male,Black
11325,66479621,66479621-24918,Unknown,Male,Unknown
11326,66629764,66629764-17629,25-44,Male,White Hispanic
11327,66629764,66629764-17630,25-44,Male,White Hispanic
11328,66629764,66629764-17654,18-24,Male,Black Hispanic
11329,66680651,66680651-17638,18-24,Male,Black
11330,66680651,66680651-17687,25-44,Male,Black
11331,67108494,67108494-17712,25-44,Male,White Hispanic
11332,67131200,67131200-17725,25-44,Male,Black
11333,67359321,67359321-17756,Unknown,Unknown,Unknown
11334,67631486,67631486-17854,Unknown,Unknown,Unknown
11335,67718601,67718601-17796,Unknown,Unknown,Unknown
11336,67896370,67896370-17838,<18,Male,Black
11337,67896370,67896370-17928,<18,Male,Black
11338,67960600,67960600-17842,18-24,Male,Black
11339,68054814,68054814-17869,25-44,Male,Black
11340,68251161,68251161-17888,18-24,Male,White Hispanic
11341,68310889,68310889-17905,Unknown,Unknown,Unknown
11342,68326103,68326103-17899,18-24,Male,Black
11343,68655470,68655470-17942,Unknown,Male,Black
11344,68655470,68655470-17943,Unknown,Male,Black
11345,68806065,68806065-17956,Unknown,Unknown,Unknown
11346,68964080,68964080-17966,25-44,Male,White Hispanic
11347,69030015,69030015-17972,Unknown,Unknown,Unknown
11348,69079434,69079434-17978,25-44,Male,Black
11349,69127317,69127317-17982,18-24,Male,Black
11350,69297259,69297259-18013,Unknown,Unknown,Unknown
11351,70881716,70881716-18127,Unknown,Unknown,Unknown
11352,70892764,70892764-18137,18-24,Male,Black
11353,70908229,70908229-18143,18-24,Male,Black
11354,71055965,71055965-18166,45-64,Male,Black Hispanic
11355,71057839,71057839-18169,18-24,Male,Black
11356,71057840,71057840-18168,18-24,Male,Black
11357,71057840,71057840-19100,18-24,Male,Black
11358,71171837,71171837-18199,Unknown,Male,Black
11359,71171837,71171837-18200,Unknown,Male,Black
11360,71325491,71325491-18240,18-24,Male,Black
11361,71325493,71325493-18225,18-24,Male,Black
11362,71423250,71423250-18249,18-24,Male,Black
11363,71521757,71521757-18281,18-24,Male,Unknown
11364,71625598,71625598-18294,Unknown,Unknown,Unknown
11365,71625599,71625599-18304,224,Male,White Hispanic
11366,71633350,71633350-18302,18-24,Male,Black
11367,71712042,71712042-18327,18-24,Male,Black
11368,71825656,71825656-18365,18-24,Male,Black
11369,71938019,71938019-18405,25-44,Male,White Hispanic
11370,72083621,72083621-18428,Unknown,Male,Black
11371,72083622,72083622-18429,Unknown,Male,Black
11372,72189009,72189009-18461,25-44,Male,Black
11373,72189009,72189009-18523,18-24,Male,White Hispanic
11374,72214694,72214694-18485,Unknown,Male,Black
11375,72214694,72214694-18486,Unknown,Male,White Hispanic
11376,72456338,72456338-18575,Unknown,Male,Black
11377,72569846,72569846-18598,Unknown,Male,Black
11378,72725120,72725120-18645,25-44,Male,Black
11379,72732794,72732794-18637,Unknown,Unknown,Unknown
11380,72732794,72732794-18640,Unknown,Unknown,Unknown
11381,72988944,72988944-18829,18-24,Male,Black
11382,73193744,73193744-18736,25-44,Male,Black
11383,73204779,73204779-18783,<18,Female,Black
11384,73204779,73204779-18784,18-24,Female,Black
11385,73204779,73204779-18791,18-24,Male,Black
11386,73204779,73204779-19728,25-44,Male,Black
11387,73292413,73292413-18759,25-44,Male,Unknown
11388,73433698,73433698-18821,25-44,Male,Black
11389,73726094,73726094-18917,Unknown,Unknown,Unknown
11390,73830302,73830302-19457,18-24,Male,Black
11391,73879554,73879554-20630,25-44,Male,Black
11392,73881906,73881906-18973,Unknown,Male,Black
11393,73896757,73896757-19161,25-44,Male,Black
11394,73950769,73950769-19049,25-44,Male,Black
11395,74070515,74070515-22858,18-24,Male,White Hispanic
11396,74282940,74282940-19092,<18,Male,Black
11397,74363836,74363836-19222,18-24,Male,Black
11398,74488595,74488595-19157,25-44,Male,Black
11399,74674385,74674385-19214,<18,Male,Black
11400,74674385,74674385-19219,18-24,Male,Black
11401,74718608,74718608-19229,18-24,Male,Black Hispanic
11402,74725512,74725512-21239,18-24,Male,Black
11403,74743265,74743265-19236,Unknown,Unknown,Unknown
11404,74752320,74752320-19237,Unknown,Unknown,Unknown
11405,74770562,74770562-19250,25-44,Male,Black Hispanic
11406,74770562,74770562-19251,18-24,Female,Black Hispanic
11407,74770562,74770562-19252,25-44,Female,White Hispanic
11408,74770562,74770562-19253,25-44,Male,Black Hispanic
11409,74776957,74776957-19404,<18,Male,Black
11410,74883744,74883744-19279,Unknown,Male,Black Hispanic
11411,74883744,74883744-19280,Unknown,Male,Black Hispanic
11412,75161196,75161196-19377,18-24,Male,Black
11413,75187779,75187779-19381,Unknown,Unknown,Unknown
11414,75439784,75439784-19488,18-24,Male,Black
11415,75535656,75535656-19461,18-24,Male,Black
11416,75544372,75544372-19465,18-24,Male,Black
11417,75671308,75671308-19649,25-44,Male,Black
11418,75705154,75705154-19495,Unknown,Male,Black
11419,75705154,75705154-19496,Unknown,Male,Black
11420,75893140,75893140-19532,Unknown,Male,Black
11421,75973779,75973779-19562,Unknown,Male,Black
11422,76602889,76602889-19592,45-64,Male,Black
11423,76656487,76656487-19666,18-24,Male,Black
11424,76761841,76761841-19767,<18,Male,Black
11425,76762110,76762110-19630,<18,Male,Black
11426,76762110,76762110-19761,18-24,Male,White Hispanic
11427,76779639,76779639-19636,<18,Male,Black
11428,76854527,76854527-19776,18-24,Male,White Hispanic
11429,77050529,77050529-19843,18-24,Male,Black
11430,77050529,77050529-19849,18-24,Male,Black Hispanic
11431,77105789,77105789-19717,Unknown,Unknown,Unknown
11432,77144220,77144220-19719,Unknown,Unknown,Unknown
11433,77173982,77173982-19732,Unknown,Unknown,Unknown
11434,77228663,77228663-19740,25-44,Male,White Hispanic
11435,77245610,77245610-19744,<18,Male,Black Hispanic
11436,77366275,77366275-19791,18-24,Male,Black
11437,77376416,77376416-19783,25-44,Male,Black Hispanic
11438,77376416,77376416-19784,18-24,Male,White Hispanic
11439,77376416,77376416-19785,18-24,Male,White Hispanic
11440,77376416,77376416-19786,<18,Male,White Hispanic
11441,77491412,77491412-19812,Unknown,Unknown,Unknown
11442,77575392,77575392-19829,18-24,Male,Black
11443,77776346,77776346-19876,Unknown,Unknown,Unknown
11444,77792077,77792077-19884,25-44,Male,Black
11445,77858483,77858483-20121,Unknown,Unknown,Unknown
11446,77858484,77858484-20146,25-44,Male,Black
11447,77888546,77888546-19904,18-24,Male,Black
11448,77888546,77888546-19937,18-24,Male,Black
11449,77905143,77905143-19994,25-44,Male,Black
11450,78040437,78040437-20070,18-24,Male,Black
11451,78415524,78415524-20010,18-24,Male,Black
11452,78491893,78491893-20028,18-24,Male,Black
11453,78676056,78676056-20078,25-44,Female,Black
11454,78676056,78676056-20079,<18,Male,Black
11455,78919887,78919887-20134,25-44,Female,Black
11456,78961869,78961869-20142,Unknown,Unknown,Unknown
11457,79114906,79114906-20175,Unknown,Unknown,Unknown
11458,79202265,79202265-20201,<18,Male,Black
11459,79202265,79202265-20215,<18,Male,Black
11460,79202265,79202265-20535,<18,Male,Black
11461,79256550,79256550-20207,45-64,Male,White
11462,79321264,79321264-20353,Unknown,Male,Black
11463,79352029,79352029-25777,25-44,Male,Black
11464,79684810,79684810-20321,25-44,Male,Black Hispanic
11465,79821089,79821089-20582,25-44,Male,Black
11466,79853870,79853870-20442,Unknown,Male,Black
11467,79853871,79853871-20591,<18,Male,Black
11468,79853891,79853891-20430,25-44,Male,Black
11469,79913968,79913968-20459,18-24,Male,Black
11470,79977773,79977773-20413,18-24,Male,White Hispanic
11471,80102964,80102964-20449,45-64,Male,Black
11472,80102964,80102964-20450,18-24,Male,Black
11473,80149331,80149331-20514,18-24,Male,Black
11474,80184464,80184464-20483,<18,Male,Black
11475,80328708,80328708-20740,18-24,Male,Black
11476,80365940,80365940-20572,18-24,Male,Black
11477,80365940,80365940-20573,25-44,Male,Black
11478,80558961,80558961-21497,18-24,Male,Asian / Pacific Islander
11479,80576264,80576264-20641,25-44,Male,Black
11480,80592972,80592972-21038,18-24,Male,Black
11481,80767341,80767341-20772,18-24,Male,Black
11482,80928179,80928179-20802,18-24,Male,Black
11483,81289584,81289584-20900,65+,Male,White
11484,81673807,81673807-21179,18-24,Male,Black
11485,81853687,81853687-21075,<18,Male,Black
11486,82122513,82122513-21053,45-64,Male,Black
11487,82198522,82198522-21098,<18,Male,White Hispanic
11488,82380540,82380540-21120,<18,Male,Black
11489,82597213,82597213-21167,<18,Male,Black
11490,82664191,82664191-21273,<18,Male,Black
11491,83224375,83224375-21292,45-64,Male,White Hispanic
11492,83242987,83242987-21295,25-44,Male,Black
11493,83295284,83295284-21306,18-24,Male,Black
11494,83356966,83356966-21336,<18,Male,Black
11495,83356966,83356966-21337,18-24,Male,Black
11496,84236041,84236041-21795,18-24,Male,Black
11497,84237632,84237632-21597,25-44,Male,Black
11498,84410722,84410722-21511,18-24,Male,Black Hispanic
11499,84505972,84505972-21543,<18,Male,Black
11500,84505973,84505973-21530,<18,Male,Black
11501,84505973,84505973-21535,18-24,Male,Black
11502,84505973,84505973-21536,18-24,Male,Black
11503,84651608,84651608-22133,18-24,Male,Black
11504,84689782,84689782-21663,25-44,Male,Black Hispanic
11505,84720306,84720306-21567,Unknown,Male,Black
11506,84720306,84720306-21569,18-24,Male,Black
11507,84829749,84829749-21664,18-24,Male,Black
11508,85157475,85157475-21769,25-44,Male,Black
11509,85180337,85180337-21696,18-24,Male,Black Hispanic
11510,85570835,85570835-21934,18-24,Male,Black
11511,85875437,85875437-22377,<18,Male,Black
11512,85875437,85875437-22463,18-24,Male,Black
11513,86012378,86012378-21850,18-24,Male,White Hispanic
11514,86207309,86207309-22204,<18,Male,Black
11515,86267582,86267582-21903,25-44,Male,Black
11516,86362266,86362266-21935,18-24,Male,Black
11517,86362266,86362266-22397,18-24,Male,Black
11518,86524626,86524626-21969,25-44,Male,White Hispanic
11519,86537762,86537762-21970,25-44,Male,Black
11520,86607094,86607094-21996,18-24,Male,Black
11521,86628306,86628306-21993,25-44,Male,Black
11522,86641730,86641730-22100,25-44,Male,Black
11523,86992683,86992683-22132,25-44,Male,Black
11524,87224294,87224294-22110,25-44,Male,Black
11525,87662604,87662604-22195,Unknown,Male,Black
11526,87811199,87811199-22225,18-24,Male,Black
11527,87915620,87915620-22249,<18,Male,Black
11528,88244186,88244186-24734,25-44,Male,Black
11529,88421872,88421872-22341,45-64,Male,White Hispanic
11530,88506502,88506502-22369,18-24,Male,Black
11531,88508021,88508021-22412,18-24,Male,White Hispanic
11532,89411881,89411881-22520,25-44,Male,Black
11533,89433288,89433288-22502,25-44,Female,White
11534,89783683,89783683-22551,<18,Male,White Hispanic
11535,89875795,89875795-22822,18-24,Male,White Hispanic
11536,90978406,90978406-22735,25-44,Male,Black
11537,91067932,91067932-22750,<18,Male,Black
11538,91126258,91126258-23108,45-64,Male,Black
11539,91174107,91174107-22760,18-24,Male,Black
11540,91273230,91273230-23293,25-44,Male,Black
11541,91344012,91344012-22791,18-24,Male,Black
11542,91428020,91428020-22846,<18,Male,Black
11543,91428020,91428020-22847,25-44,Male,Black
11544,91744328,91744328-22849,25-44,Male,Black
11545,91833289,91833289-27288,Unknown,Male,Unknown
11546,92077663,92077663-22981,25-44,Male,Black
11547,92171991,92171991-22960,18-24,Male,Black
11548,92171991,92171991-23089,18-24,Male,Black
11549,92673476,92673476-23002,18-24,Male,Black
11550,92673476,92673476-23003,25-44,Male,Black
11551,92786028,92786028-23021,18-24,Unknown,Black
11552,92827425,92827425-23085,18-24,Male,Black Hispanic
11553,92827425,92827425-23086,18-24,Male,Black Hispanic
11554,93081407,93081407-23370,18-24,Male,White Hispanic
11555,93081407,93081407-23371,18-24,Male,White Hispanic
11556,93233340,93233340-23091,<18,Male,Black
11557,93233340,93233340-23103,18-24,Male,Black
11558,93233340,93233340-23104,<18,Male,Black
11559,93312838,93312838-23128,18-24,Male,Black
11560,93312838,93312838-23129,25-44,Male,Black Hispanic
11561,93525205,93525205-23126,25-44,Male,White
11562,93885633,93885633-23205,25-44,Male,Black
11563,94261527,94261527-23320,25-44,Male,Black
11564,94461953,94461953-23789,18-24,Male,Black
11565,94558027,94558027-23297,25-44,Male,Black
11566,94629910,94629910-23351,18-24,Male,Black
11567,94756452,94756452-23414,18-24,Male,White Hispanic
11568,95032340,95032340-23382,45-64,Male,Black
11569,95375619,95375619-23486,<18,Male,White Hispanic
11570,109324545,109324545-23478,18-24,Male,Black
11571,109506937,109506937-23660,18-24,Male,Black
11572,109576337,109576337-23523,<18,Male,Black
11573,109576337,109576337-23531,<18,Male,Black
11574,136486601,136486601-23649,18-24,Male,Black
11575,136486601,136486601-23650,18-24,Female,Black
11576,136486601,136486601-23690,18-24,Male,Black
11577,136525689,136525689-23557,18-24,Female,Black
11578,136733659,136733659-23617,18-24,Male,White Hispanic
11579,136733659,136733659-23618,25-44,Male,White Hispanic
11580,136793220,136793220-23615,25-44,Male,Black
11581,136867313,136867313-23622,18-24,Male,Black
11582,137086415,137086415-23682,18-24,Male,White Hispanic
11583,137247989,137247989-23677,<18,Male,Black Hispanic
11584,137276348,137276348-23703,25-44,Male,Black
11585,137473303,137473303-24153,18-24,Male,Black
11586,137473574,137473574-23821,18-24,Male,Black
11587,137480316,137480316-23728,<18,Male,Black
11588,137480316,137480316-23795,<18,Male,Black
11589,137831684,137831684-23750,18-24,Male,Black
11590,137831684,137831684-23796,18-24,Male,Black
11591,138159732,138159732-23807,25-44,Male,Black
11592,139042126,139042126-25212,25-44,Male,Black
11593,139574749,139574749-24118,18-24,Male,Black
11594,139762462,139762462-25241,18-24,Male,Black Hispanic
11595,139909804,139909804-24103,18-24,Male,Black
11596,139909804,139909804-24104,<18,Male,Black
11597,139945105,139945105-24132,<18,Male,Black
11598,140081027,140081027-24386,18-24,Male,Black
11599,140081027,140081027-24399,18-24,Male,Black
11600,140081030,140081030-24122,25-44,Male,Black
11601,140329778,140329778-24174,25-44,Male,Black
11602,140397850,140397850-24257,18-24,Male,Black
11603,140486218,140486218-24224,18-24,Male,Black
11604,140616823,140616823-24248,25-44,Male,Black
11605,141003369,141003369-24308,18-24,Male,Black
11606,141183925,141183925-24333,18-24,Male,Black Hispanic
11607,141183925,141183925-24334,18-24,Male,Black Hispanic
11608,141239717,141239717-24924,18-24,Male,Asian / Pacific Islander
11609,141580602,141580602-24948,18-24,Male,Black
11610,142443716,142443716-24439,18-24,Male,Black
11611,142609757,142609757-24842,25-44,Male,Black
11612,142960967,142960967-24760,25-44,Male,Black
11613,142961824,142961824-24490,25-44,Male,Black
11614,142961824,142961824-24534,25-44,Male,Black
11615,143214815,143214815-24511,25-44,Male,Black
11616,143214815,143214815-24876,25-44,Male,White
11617,143924256,143924256-24683,<18,Male,Black
11618,143924256,143924256-24684,18-24,Male,Black
11619,143996999,143996999-24593,18-24,Male,Black
11620,144774530,144774530-24675,<18,Male,Black
11621,144825552,144825552-25145,18-24,Male,Black
11622,145405678,145405678-24731,25-44,Male,Black
11623,145559868,145559868-26985,25-44,Male,Black
11624,146291689,146291689-24831,18-24,Male,Black
11625,146723633,146723633-24899,18-24,Male,White Hispanic
11626,146723633,146723633-24974,18-24,Male,White Hispanic
11627,146938465,146938465-24993,18-24,Male,Black
11628,146938465,146938465-25003,<18,Male,Black
11629,147404637,147404637-25240,<18,Male,White Hispanic
11630,147520559,147520559-25100,18-24,Male,Black
11631,147741228,147741228-25079,18-24,Male,Black
11632,148154062,148154062-25063,18-24,Male,Black
11633,148459677,148459677-26000,18-24,Male,Black
11634,149685161,149685161-25163,25-44,Male,Black
11635,150216452,150216452-25198,18-24,Male,White
11636,150216452,150216452-25335,18-24,Male,White Hispanic
11637,150543225,150543225-26589,18-24,Male,Black
11638,150544024,150544024-25215,25-44,Male,White Hispanic
11639,150966648,150966648-25253,25-44,Male,Unknown
11640,151321920,151321920-25322,45-64,Male,Black
11641,151527279,151527279-25309,25-44,Male,Black
11642,151527279,151527279-25310,18-24,Male,Black Hispanic
11643,151624171,151624171-25316,25-44,Female,Black Hispanic
11644,151624171,151624171-25358,45-64,Male,Black
11645,151624171,151624171-25359,45-64,Male,Black
11646,151829478,151829478-25345,18-24,Male,Black
11647,152146929,152146929-25372,18-24,Male,Black
11648,152216264,152216264-25371,18-24,Male,Black
11649,153553572,153553572-25466,18-24,Male,Black
11650,153710634,153710634-25476,<18,Male,Black
11651,154161411,154161411-25521,18-24,Male,Black
11652,154177096,154177096-27306,18-24,Male,Black
11653,154177096,154177096-27319,18-24,Male,Black
11654,155775755,155775755-25644,18-24,Male,White Hispanic
11655,155821012,155821012-25659,25-44,Male,White Hispanic
11656,155890469,155890469-25663,18-24,Male,White Hispanic
11657,155890469,155890469-25740,18-24,Male,Black Hispanic
11658,155995757,155995757-25670,45-64,Male,Black
11659,156280532,156280532-25685,<18,Male,White Hispanic
11660,156435309,156435309-1,18-24,Male,Black
11661,156822745,156822745-25788,<18,Male,Black
11662,157022198,157022198-25770,25-44,Male,Black
11663,157130894,157130894-26141,18-24,Male,Black
11664,157457581,157457581-25800,18-24,Male,Black
11665,157457581,157457581-25801,<18,Male,White Hispanic
11666,157457581,157457581-25802,18-24,Male,Black Hispanic
11667,157776102,157776102-25838,18-24,Male,Black Hispanic
11668,158064302,158064302-25862,25-44,Male,Black
11669,158064302,158064302-25863,25-44,Male,Black
11670,158090349,158090349-25861,18-24,Male,Black
11671,158263710,158263710-25872,25-44,Male,Black Hispanic
11672,158475213,158475213-25899,25-44,Male,Black
11673,158731887,158731887-25923,25-44,Male,White
11674,158873309,158873309-26312,18-24,Male,Black
11675,159259778,159259778-25980,18-24,Male,Black
11676,159829845,159829845-26067,25-44,Male,Black
11677,159875727,159875727-26512,25-44,Male,White Hispanic
11678,159875727,159875727-26717,18-24,Male,Black Hispanic
11679,160413348,160413348-26083,18-24,Male,Black
11680,160861308,160861308-26147,25-44,Male,Black
11681,161591964,161591964-26117,<18,Male,Black
11682,161865323,161865323-26223,25-44,Male,Black
11683,161933733,161933733-26210,18-24,Male,Black
11684,163422744,163422744-26596,18-24,Male,Black
11685,163956127,163956127-26267,25-44,Male,Black Hispanic
11686,164188746,164188746-26280,18-24,Male,White Hispanic
11687,165014944,165014944-26387,18-24,Male,White Hispanic
11688,165492098,165492098-26467,25-44,Male,Black
11689,166660833,166660833-26439,45-64,Male,Black
11690,166741094,166741094-26445,25-44,Male,White Hispanic
11691,166886659,166886659-26568,25-44,Male,Black
11692,167602863,167602863-26587,18-24,Male,Black
11693,168080334,168080334-26614,25-44,Male,Black
11694,168306060,168306060-26705,25-44,Male,Black
11695,168306280,168306280-26592,18-24,Male,Black
11696,168757752,168757752-26681,<18,Male,Black
11697,169230066,169230066-26630,25-44,Male,Black Hispanic
11698,169230066,169230066-26631,25-44,Male,Black
11699,169454926,169454926-26640,25-44,Male,Black
11700,169680542,169680542-26689,18-24,Male,White Hispanic
11701,169761149,169761149-26680,25-44,Male,White Hispanic
11702,170060280,170060280-26769,18-24,Male,Black Hispanic
11703,170349785,170349785-26708,18-24,Male,Black
11704,172233871,172233871-26825,25-44,Male,Black
11705,172233872,172233872-26827,25-44,Male,White Hispanic
11706,172233872,172233872-26851,18-24,Male,Black
11707,172479302,172479302-26837,25-44,Male,Black
11708,172479303,172479303-26834,25-44,Male,Black
11709,173354353,173354353-26894,25-44,Male,Black
11710,174146098,174146098-26934,18-24,Male,Black
11711,174319223,174319223-26978,45-64,Male,Black
11712,175189438,175189438-26983,25-44,Male,Black Hispanic
11713,182363093,182363093-1,18-24,Male,Black
11714,182839899,182839899-27140,25-44,Male,Black
11715,182930731,182930731-1,25-44,Male,Black
11716,184058011,184058011-27221,25-44,Male,Black
11717,184396813,184396813-1,18-24,Male,Black
11718,184396813,184396813-27230,25-44,Male,Black
11719,184779100,184779100-1,18-24,Male,Black
11720,185015378,185015378-1,18-24,Male,Black
11721,185015378,185015378-2,18-24,Male,Black
11722,185015378,185015378-3,18-24,Male,Black
11723,185015378,185015378-4,18-24,Male,Black
11724,185015378,185015378-5,18-24,Male,Black
11725,185015378,185015378-6,25-44,Male,Black
11726,185015378,185015378-7,18-24,Male,Black
11727,185015378,185015378-8,25-44,Male,Black
11728,185483179,185483179-27304,18-24,Male,Black
11729,187396121,187396121-1,18-24,Male,Black
11730,188369913,188369913-1,18-24,Male,White
11731,188369913,188369913-2,18-24,Male,White
11732,189580000,189580000-2,18-24,Male,White Hispanic
11733,189580000,189580000-3,18-24,Male,White Hispanic
11734,189621201,189621201-1,25-44,Male,Black
11735,190950366,190950366-1,18-24,Male,White
11736,193779318,193779318-1,25-44,Male,Black
11737,193779318,193779318-2,25-44,Female,Black
11738,194817577,194817577-1,18-24,Male,Unknown
11739,195254733,195254733-1,25-44,Male,White Hispanic
11740,196195743,196195743-1,25-44,Male,Black
11741,197801426,197801426-1,18-24,Male,Black
11742,198052648,198052648-1,18-24,Male,White Hispanic
11743,198255460,198255460-1,45-64,Male,White Hispanic
11744,198858228,198858228-1,18-24,Male,Black
11745,199247701,199247701-1,18-24,Male,Black
11746,199247701,199247701-2,<18,Male,White
11747,199247701,199247701-3,18-24,Male,Black
11748,199247701,199247701-7,25-44,Male,Black
11749,200272477,200272477-1,25-44,Male,Black
11750,200995688,200995688-1,45-64,Male,Unknown
11751,202457201,202457201-1,25-44,Male,Black
11752,202562770,202562770-1,25-44,Male,Black
11753,202620767,202620767-1,18-24,Male,Black
11754,202804357,202804357-1,25-44,Male,Black
11755,202804357,202804357-2,25-44,Male,White Hispanic
11756,203348704,203348704-1,25-44,Male,Black
11757,204971624,204971624-1,25-44,Male,Black
11758,205437642,205437642-1,25-44,Male,Black
11759,205748546,205748546-1,<18,Male,Black
11760,205748548,205748548-1,18-24,Male,White Hispanic
11761,205908100,205908100-1,25-44,Female,Black
11762,206882664,206882664-1,25-44,Male,Black
11763,206909435,206909435-1,18-24,Male,Black
11764,207824248,207824248-2,25-44,Male,Black
11765,207824248,207824248-3,25-44,Male,White Hispanic
11766,208237500,208237500-1,25-44,Male,Black
11767,208237500,208237500-2,25-44,Male,Black Hispanic
11768,208532946,208532946-1,25-44,Male,Black
11769,208532947,208532947-1,25-44,Male,White Hispanic
11770,208549977,208549977-1,25-44,Male,Black
11771,209281502,209281502-1,45-64,Male,Black
11772,209281505,209281505-1,45-64,Male,Black
11773,211830262,211830262-1,45-64,Male,White Hispanic
11774,211964520,211964520-1,25-44,Male,Black
11775,212063774,212063774-1,25-44,Male,Black
11776,212063774,212063774-2,25-44,Male,Black
11777,212250653,212250653-1,45-64,Male,Black
11778,212250653,212250653-2,45-64,Male,Black
11779,212431082,212431082-1,18-24,Male,Black
11780,212903585,212903585-1,25-44,Male,White Hispanic
11781,213188083,213188083-1,18-24,Male,Black
11782,213188084,213188084-1,18-24,Male,Black
11783,213188084,213188084-2,18-24,Male,Black
11784,214184455,214184455-1,25-44,Male,Black Hispanic
11785,214312559,214312559-1,18-24,Male,Black
11786,214359648,214359648-1,18-24,Male,Black
11787,214359648,214359648-2,18-24,Male,Black
11788,214359648,214359648-3,<18,Male,White Hispanic
11789,214431179,214431179-1,25-44,Male,Black
11790,214693789,214693789-1,18-24,Male,Black
11791,214693789,214693789-2,<18,Male,Black
11792,214778104,214778104-1,18-24,Male,Black
11793,214948388,214948388-1,25-44,Male,Black
11794,215488833,215488833-1,25-44,Male,Black
11795,215492772,215492772-1,25-44,Male,Black
11796,215535832,215535832-1,25-44,Male,Black
11797,215925633,215925633-1,25-44,Male,Black
11798,216056536,216056536-1,25-44,Male,Black
11799,216103886,216103886-1,45-64,Male,Black
11800,216355703,216355703-1,25-44,Male,Black Hispanic
11801,216651226,216651226-1,18-24,Male,White Hispanic
11802,216651448,216651448-1,18-24,Male,White Hispanic
11803,216655527,216655527-1,25-44,Female,Black
11804,216843323,216843323-1,<18,Male,Black
11805,216930293,216930293-1,18-24,Male,Black
11806,216930293,216930293-2,18-24,Male,Black
11807,216930293,216930293-3,18-24,Male,Black
11808,216930293,216930293-4,18-24,Male,Black
11809,217218949,217218949-1,25-44,Female,Black
11810,217495445,217495445-1,25-44,Male,Black
11811,217509094,217509094-1,18-24,Male,White Hispanic
11812,217513742,217513742-1,18-24,Male,White Hispanic
11813,217540562,217540562-1,<18,Male,Black
11814,217593193,217593193-1,18-24,Male,Black
11815,217953748,217953748-1,18-24,Male,White Hispanic
11816,218272061,218272061-1,25-44,Male,White
11817,218272061,218272061-2,18-24,Male,White Hispanic
11818,218830982,218830982-1,18-24,Male,Black
11819,219396173,219396173-1,45-64,Male,White Hispanic
11820,219688157,219688157-1,25-44,Male,Black
11821,219708180,219708180-1,18-24,Male,White Hispanic
11822,219711266,219711266-2,25-44,Male,Black
11823,219874160,219874160-1,18-24,Male,Black
11824,220555210,220555210-1,25-44,Male,Black
11825,220606025,220606025-1,18-24,Male,White Hispanic
11826,220759442,220759442-1,18-24,Male,Black
11827,220759442,220759442-2,18-24,Male,Black
11828,220848245,220848245-1,25-44,Male,Black
11829,221286028,221286028-1,25-44,Male,Black
11830,221423371,221423371-1,18-24,Male,Black
11831,221490637,221490637-1,18-24,Male,Black Hispanic
11832,221609000,221609000-1,25-44,Male,Black
11833,222074792,222074792-1,25-44,Male,White Hispanic
11834,222115833,222115833-1,18-24,Male,Black
11835,222115833,222115833-2,18-24,Male,Black
11836,222211370,222211370-1,18-24,Male,Black
11837,222932692,222932692-1,18-24,Male,Black
11838,222932692,222932692-2,18-24,Male,Black
11839,222932692,222932692-3,<18,Male,Black
11840,222932692,222932692-4,18-24,Male,Black
11841,223198984,223198984-1,25-44,Male,Black
11842,223201958,223201958-1,25-44,Male,Black
11843,223201958,223201958-2,25-44,Male,Black
11844,223201958,223201958-3,25-44,Female,Asian / Pacific Islander
11845,223782357,223782357-1,25-44,Male,Black
11846,224079785,224079785-1,25-44,Male,Black
11847,224079785,224079785-2,25-44,Male,Black
11848,224354731,224354731-1,25-44,Male,Black
11849,224952440,224952440-1,18-24,Male,Black
11850,225295736,225295736-1,25-44,Male,White Hispanic
11851,225295736,225295736-2,25-44,Male,Black Hispanic
11852,226321042,226321042-1,18-24,Male,Black
11853,226841841,226841841-1,18-24,Male,White
11854,227089383,227089383-1,18-24,Male,Black
11855,227344448,227344448-1,18-24,Male,Black
11856,227550941,227550941-1,25-44,Male,Black
11857,227647478,227647478-1,25-44,Male,Black
11858,227950655,227950655-1,25-44,Male,White Hispanic
11859,227950655,227950655-2,18-24,Male,White Hispanic
11860,227950663,227950663-1,25-44,Male,Black Hispanic
11861,227987578,227987578-1,18-24,Female,Black
11862,227987578,227987578-2,18-24,Male,Black
11863,227987578,227987578-3,18-24,Male,Black
11864,227987578,227987578-4,25-44,Female,Black
11865,227987578,227987578-5,<18,Female,Black
11866,228252164,228252164-1,25-44,Male,Black
11867,228482606,228482606-1,25-44,Male,Black
11868,228679850,228679850-1,18-24,Male,Black Hispanic
11869,229161013,229161013-1,<18,Male,Black
11870,229196265,229196265-1,18-24,Male,Black
11871,229347036,229347036-1,25-44,Male,Black
11872,229579330,229579330-1,18-24,Male,White Hispanic
11873,229579330,229579330-2,18-24,Male,Black
11874,229700088,229700088-1,25-44,Male,White Hispanic
11875,229995494,229995494-1,18-24,Male,Black
11876,230712739,230712739-1,18-24,Male,Black
11877,230717903,230717903-1,<18,Male,Black
11878,230717903,230717903-2,<18,Female,White Hispanic
11879,230741370,230741370-1,<18,Male,Black
11880,230741370,230741370-2,18-24,Male,Black
11881,230741370,230741370-3,<18,Male,Black
11882,230741370,230741370-4,18-24,Male,Black
11883,230775122,230775122-1,18-24,Male,White Hispanic
11884,230805644,230805644-1,18-24,Male,Black
11885,230805644,230805644-2,18-24,Male,Black
11886,230805644,230805644-3,18-24,Male,Black
11887,231089374,231089374-1,25-44,Male,Black
11888,231965060,231965060-1,18-24,Male,Black
11889,232924792,232924792-1,<18,Male,White Hispanic
11890,232924793,232924793-1,18-24,Male,Black
11891,232924793,232924793-2,18-24,Male,Black
11892,233199173,233199173-1,25-44,Male,Black Hispanic
11893,233253334,233253334-1,25-44,Male,White Hispanic
11894,233307766,233307766-1,25-44,Male,Black
11895,233459106,233459106-1,25-44,Male,Black
11896,233459106,233459106-2,18-24,Male,Black
11897,233564841,233564841-1,25-44,Male,Black
11898,233626999,233626999-1,45-64,Male,Black
11899,233627709,233627709-1,25-44,Male,White Hispanic
11900,233766393,233766393-1,18-24,Male,Black
11901,234482344,234482344-1,18-24,Male,Black
11902,236362255,236362255-1,18-24,Male,Black
11903,236362255,236362255-2,<18,Male,Black
11904,237012948,237012948-1,18-24,Male,Black
11905,237012948,237012948-2,25-44,Female,White Hispanic
11906,238041595,238041595-1,25-44,Male,Black
11907,238053955,238053955-1,25-44,Male,Black
11908,238209824,238209824-1,<18,Male,White Hispanic
11909,238930137,238930137-1,18-24,Male,Black
11910,239207163,239207163-1,18-24,Male,White
11911,240208840,240208840-1,18-24,Male,Black
11912,241156324,241156324-1,18-24,Male,White Hispanic
11913,242116699,242116699-1,25-44,Male,White Hispanic
11914,242375567,242375567-2,25-44,Male,White Hispanic
11915,242377361,242377361-1,18-24,Male,White Hispanic
11916,243300894,243300894-1,25-44,Male,White Hispanic
11917,243566421,243566421-1,18-24,Male,Black
11918,243754489,243754489-1,45-64,Male,Black Hispanic
11919,244154955,244154955-1,25-44,Male,White Hispanic
11920,244154955,244154955-2,25-44,Male,Black
11921,244219631,244219631-1,18-24,Male,Black
11922,244219634,244219634-1,25-44,Male,Black
11923,244279285,244279285-1,<18,Male,Black
11924,244279285,244279285-2,18-24,Male,Black
11925,244914823,244914823-2,<18,Male,White Hispanic
11926,244914824,244914824-1,<18,Male,White
11927,245025481,245025481-1,18-24,Male,Black
11928,245820992,245820992-1,25-44,Male,Black
11929,245885842,245885842-1,18-24,Male,White Hispanic
11930,245899807,245899807-1,25-44,Male,White Hispanic
11931,246104594,246104594-1,25-44,Male,White Hispanic
11932,246359110,246359110-1,<18,Male,Black Hispanic
11933,246359110,246359110-2,<18,Male,Black
11934,246359110,246359110-3,18-24,Male,White Hispanic
11935,246359111,246359111-1,18-24,Male,Black
11936,246359111,246359111-2,25-44,Male,Black
11937,246652133,246652133-1,25-44,Male,White Hispanic
11938,246652171,246652171-1,18-24,Male,Black
11939,246889855,246889855-1,25-44,Male,Black
11940,246985877,246985877-1,45-64,Male,Black
11941,247099744,247099744-1,18-24,Male,Black
11942,247100194,247100194-1,18-24,Male,Black Hispanic
11943,247100194,247100194-2,18-24,Male,Black
11944,247456089,247456089-1,25-44,Male,Black
11945,247501140,247501140-1,25-44,Male,Black
11946,247501140,247501140-2,25-44,Male,Black
11947,247542572,247542572-1,18-24,Male,Black
11948,247542572,247542572-2,18-24,Male,Black
11949,247836775,247836775-1,18-24,Male,Black
11950,248001905,248001905-1,25-44,Male,Black
11951,248322051,248322051-1,18-24,Male,Black
11952,248322051,248322051-2,<18,Male,Black
11953,248322051,248322051-3,18-24,Male,Black
11954,248377809,248377809-1,25-44,Male,Black
11955,248602153,248602153-1,25-44,Male,Black
11956,248955331,248955331-1,<18,Male,Black
11957,249072669,249072669-1,25-44,Male,Black
11958,249623005,249623005-1,25-44,Male,Black
11959,62773200,62773200-16956,Unknown,Unknown,Unknown
11960,62773204,62773204-16939,Unknown,Unknown,Unknown
11961,62792694,62792694-16960,<18,Male,Black
11962,62792694,62792694-18894,<18,Male,Black
11963,62860010,62860010-17257,25-44,Male,Black
11964,62947234,62947234-17661,Unknown,Unknown,Unknown
11965,62968509,62968509-16980,18-24,Male,Black
11966,62968509,62968509-17043,25-44,Male,Black
11967,63159993,63159993-17010,18-24,Male,Black
11968,63358192,63358192-17071,Unknown,Unknown,Unknown
11969,63656610,63656610-17114,Unknown,Male,Black
11970,64418909,64418909-17268,Unknown,Unknown,Unknown
11971,64479269,64479269-17337,Unknown,Unknown,Unknown
11972,64479269,64479269-17338,Unknown,Unknown,Unknown
11973,64554620,64554620-17552,Unknown,Unknown,Unknown
11974,64612019,64612019-17319,<18,Male,Black
11975,64721029,64721029-17341,Unknown,Unknown,Unknown
11976,64773334,64773334-17367,18-24,Male,Black
11977,64773334,64773334-25563,25-44,Male,Black
11978,65037656,65037656-17546,18-24,Male,Black Hispanic
11979,65445483,65445483-17465,<18,Male,Black
11980,65445483,65445483-18487,18-24,Male,Black
11981,65445483,65445483-18488,18-24,Male,Black
11982,65464024,65464024-24907,Unknown,Male,Black
11983,65810079,65810079-24913,Unknown,Male,Black
11984,66017113,66017113-17544,Unknown,Unknown,Unknown
11985,66110492,66110492-17576,Unknown,Unknown,Unknown
11986,66112200,66112200-17572,Unknown,Male,Black
11987,66112200,66112200-17575,Unknown,Male,Black
11988,66170352,66170352-17586,Unknown,Unknown,Unknown
11989,66217193,66217193-17597,25-44,Unknown,Black
11990,66528215,66528215-17643,Unknown,Unknown,Unknown
11991,66528215,66528215-17644,Unknown,Unknown,Unknown
11992,66712491,66712491-17647,<18,Male,Black
11993,66803137,66803137-17802,18-24,Male,Black
11994,66851168,66851168-17672,Unknown,Unknown,Unknown
11995,67430041,67430041-17772,18-24,Male,Black
11996,67581878,67581878-17800,18-24,Male,Black
11997,67581878,67581878-17801,18-24,Male,Black
11998,67824207,67824207-17816,<18,Male,Black
11999,67956145,67956145-17846,Unknown,Unknown,Unknown
12000,68143729,68143729-18276,25-44,Male,Black
12001,68225857,68225857-17924,18-24,Male,Black
12002,68326097,68326097-22272,18-24,Male,White Hispanic
12003,68326099,68326099-17895,18-24,Male,Black
12004,68717420,68717420-17946,Unknown,Unknown,Unknown
12005,68835387,68835387-17955,Unknown,Unknown,Unknown
12006,69127288,69127288-17981,18-24,Male,White Hispanic
12007,69129682,69129682-17988,18-24,Male,Black
12008,69228156,69228156-18001,Unknown,Unknown,Unknown
12009,69289171,69289171-18012,Unknown,Unknown,Unknown
12010,69294327,69294327-18011,25-44,Male,Black Hispanic
12011,69526313,69526313-18049,25-44,Male,Unknown
12012,69526319,69526319-18065,25-44,Male,Black
12013,69794648,69794648-18073,Unknown,Unknown,Unknown
12014,69904684,69904684-18102,Unknown,Unknown,Unknown
12015,69914090,69914090-18111,Unknown,Unknown,Unknown
12016,70964821,70964821-18212,45-64,Male,Black Hispanic
12017,71258747,71258747-18215,Unknown,Male,Black
12018,71365284,71365284-18274,18-24,Male,Black
12019,71421996,71421996-18263,18-24,Male,White Hispanic
12020,71781462,71781462-18349,Unknown,Unknown,Unknown
12021,71781852,71781852-18561,Unknown,Male,White Hispanic
12022,71781852,71781852-18562,Unknown,Male,White Hispanic
12023,71792110,71792110-18571,<18,Male,Black
12024,71827386,71827386-18370,18-24,Male,Black
12025,71871795,71871795-18385,Unknown,Unknown,Unknown
12026,71947432,71947432-18412,<18,Male,White Hispanic
12027,72000149,72000149-18419,Unknown,Male,Unknown
12028,72189011,72189011-18680,Unknown,Male,Unknown
12029,72256154,72256154-18495,Unknown,Unknown,Unknown
12030,72313326,72313326-18513,18-24,Male,Black
12031,72313326,72313326-18719,<18,Male,Black
12032,72521168,72521168-18596,25-44,Male,White Hispanic
12033,72697465,72697465-18659,<18,Male,Black
12034,72697465,72697465-18660,18-24,Male,Black
12035,72744268,72744268-18639,Unknown,Male,Black
12036,72837481,72837481-18675,18-24,Male,Black
12037,72845468,72845468-18669,Unknown,Male,Black
12038,73318272,73318272-18813,25-44,Male,Unknown
12039,73427946,73427946-18817,Unknown,Unknown,Unknown
12040,73517110,73517110-18853,Unknown,Male,Black
12041,73524916,73524916-18859,<18,Male,White Hispanic
12042,73684500,73684500-18898,25-44,Male,Black
12043,73726900,73726900-18918,Unknown,Unknown,Unknown
12044,73850656,73850656-18966,25-44,Male,Black
12045,73850656,73850656-19226,18-24,Male,White Hispanic
12046,73856347,73856347-18968,Unknown,Unknown,Unknown
12047,73883009,73883009-18971,25-44,Female,Black
12048,74252833,74252833-19171,18-24,Male,Black Hispanic
12049,74252833,74252833-19172,<18,Male,Black Hispanic
12050,74255122,74255122-19074,Unknown,Unknown,Unknown
12051,74259904,74259904-19075,18-24,Male,Black
12052,74497965,74497965-19162,Unknown,Male,Black
12053,74648773,74648773-19305,18-24,Male,Black
12054,74664417,74664417-19205,18-24,Male,Black
12055,74664417,74664417-19405,45-64,Male,Black
12056,74692923,74692923-19230,<18,Male,Black
12057,74768859,74768859-19259,25-44,Male,Black
12058,74843390,74843390-1,25-44,Male,Black
12059,74856744,74856744-19287,<18,Male,Black
12060,74856744,74856744-19288,18-24,Male,Black
12061,74867440,74867440-19276,Unknown,Unknown,Unknown
12062,74925351,74925351-19292,25-44,Male,Black
12063,74925351,74925351-19454,18-24,Male,Black
12064,75067293,75067293-19345,Unknown,Male,Black
12065,75098435,75098435-19349,25-44,Male,Black
12066,75190886,75190886-19386,Unknown,Male,Black
12067,75190886,75190886-19387,Unknown,Male,Black
12068,75258713,75258713-19407,18-24,Male,White Hispanic
12069,75293685,75293685-19441,25-44,Male,White
12070,75366450,75366450-19535,25-44,Male,Black
12071,75432711,75432711-19447,25-44,Male,Black
12072,75439782,75439782-19470,18-24,Male,Black
12073,75528605,75528605-19459,18-24,Male,Black
12074,75543833,75543833-19497,18-24,Male,Black
12075,75646932,75646932-21401,18-24,Male,Black
12076,75725874,75725874-19498,Unknown,Unknown,Unknown
12077,75840576,75840576-19523,18-24,Male,Black Hispanic
12078,76002322,76002322-19566,Unknown,Male,Black
12079,76047142,76047142-19822,<18,Male,Black
12080,76601147,76601147-19589,Unknown,Male,Black
12081,76720704,76720704-19670,18-24,Male,Black
12082,76726295,76726295-19656,25-44,Male,Black
12083,77365866,77365866-20165,25-44,Male,Black
12084,77365866,77365866-20166,25-44,Male,Black
12085,77469215,77469215-19814,Unknown,Unknown,Unknown
12086,77491619,77491619-19810,18-24,Male,Black
12087,77507890,77507890-19816,<18,Male,Black
12088,77793949,77793949-19883,25-44,Male,Black
12089,78275465,78275465-19977,Unknown,Unknown,Unknown
12090,78381129,78381129-1,25-44,Male,Black
12091,78497423,78497423-20057,25-44,Male,Black
12092,78497423,78497423-20058,25-44,Male,Black
12093,78529201,78529201-20060,18-24,Male,White Hispanic
12094,78529201,78529201-20061,18-24,Male,Black
12095,78529228,78529228-20032,<18,Male,White Hispanic
12096,78529228,78529228-20033,18-24,Male,Black
12097,78529228,78529228-20035,18-24,Male,White Hispanic
12098,78578419,78578419-21065,18-24,Male,White Hispanic
12099,78886510,78886510-20184,25-44,Male,Black Hispanic
12100,78939201,78939201-20139,<18,Female,Black
12101,78961776,78961776-20140,18-24,Male,Black
12102,78997263,78997263-20151,18-24,Male,Black Hispanic
12103,79035782,79035782-20161,25-44,Male,Black
12104,79410158,79410158-20350,<18,Male,Black
12105,79624364,79624364-20294,18-24,Male,Black
12106,79636636,79636636-20302,18-24,Male,Black Hispanic
12107,79820988,79820988-25095,45-64,Male,White
12108,79853883,79853883-22155,<18,Male,Black
12109,79853893,79853893-20375,45-64,Male,White
12110,79940492,79940492-20401,Unknown,Male,Black
12111,79940492,79940492-20402,Unknown,Male,Black
12112,79940492,79940492-20403,Unknown,Male,Black
12113,80086888,80086888-20549,18-24,Male,Black
12114,80265926,80265926-20518,25-44,Male,Black
12115,80523390,80523390-20618,18-24,Male,Black
12116,80526433,80526433-20639,18-24,Male,White Hispanic
12117,80541205,80541205-20622,25-44,Male,Black
12118,80541205,80541205-21277,25-44,Male,Black
12119,80581459,80581459-20650,18-24,Male,Black
12120,80606049,80606049-20671,18-24,Male,Black
12121,80624786,80624786-20678,25-44,Male,Black
12122,80665404,80665404-20689,25-44,Male,Black
12123,80665725,80665725-20827,18-24,Male,Black
12124,80848972,80848972-20815,18-24,Male,White
12125,80879661,80879661-20771,18-24,Female,Black
12126,80879661,80879661-25564,18-24,Male,Black
12127,80951465,80951465-20787,25-44,Male,Black
12128,80951465,80951465-22553,25-44,Female,Black
12129,80991312,80991312-20816,18-24,Male,Black
12130,80991526,80991526-21003,18-24,Male,Black Hispanic
12131,81116166,81116166-21052,18-24,Male,Black
12132,81213726,81213726-20858,18-24,Male,Black
12133,81446167,81446167-20911,25-44,Male,Black Hispanic
12134,81470432,81470432-20924,25-44,Male,Black
12135,81470432,81470432-20938,25-44,Male,Black
12136,81470432,81470432-21121,18-24,Male,Black
12137,81581892,81581892-20946,18-24,Male,Black
12138,81652626,81652626-26238,25-44,Male,Black Hispanic
12139,81862992,81862992-21257,25-44,Male,Black
12140,81982709,81982709-21064,18-24,Male,White Hispanic
12141,82030643,82030643-21141,<18,Male,Black
12142,83072042,83072042-21347,25-44,Male,Black Hispanic
12143,83292061,83292061-21303,<18,Male,Black
12144,83453598,83453598-21332,18-24,Male,Black
12145,83453598,83453598-21341,<18,Male,Black
12146,83595827,83595827-21753,18-24,Male,Black Hispanic
12147,84209229,84209229-21467,25-44,Male,Black
12148,84210764,84210764-21468,25-44,Male,Black
12149,84279560,84279560-21503,25-44,Male,Black
12150,84279560,84279560-21504,25-44,Male,Black
12151,84279560,84279560-21566,18-24,Male,Black
12152,84287158,84287158-21516,18-24,Male,Black
12153,84287158,84287158-21517,18-24,Male,White Hispanic
12154,84574196,84574196-21547,18-24,Male,Black
12155,84574196,84574196-21548,18-24,Male,Black
12156,84702240,84702240-21571,18-24,Male,Black
12157,84704352,84704352-21589,25-44,Male,Black
12158,84829750,84829750-21583,18-24,Male,Black
12159,84945381,84945381-21623,18-24,Male,Black
12160,84945381,84945381-21624,25-44,Male,Black
12161,84945381,84945381-21705,25-44,Male,Black
12162,84945381,84945381-22043,25-44,Male,Black
12163,85123077,85123077-1,25-44,Female,White Hispanic
12164,85123077,85123077-21644,25-44,Male,White Hispanic
12165,85443262,85443262-21714,18-24,Male,White Hispanic
12166,85590468,85590468-21749,18-24,Male,Black Hispanic
12167,85643660,85643660-21957,25-44,Male,Black
12168,85643661,85643661-21775,18-24,Male,Black
12169,85643667,85643667-21766,25-44,Female,Black
12170,85643667,85643667-21767,25-44,Male,Black
12171,85760042,85760042-22329,18-24,Male,White Hispanic
12172,85940010,85940010-22900,25-44,Male,Black Hispanic
12173,85977694,85977694-22021,18-24,Male,Black
12174,86220826,86220826-21901,18-24,Male,White Hispanic
12175,86416091,86416091-21946,<18,Male,Black
12176,86520723,86520723-21990,18-24,Male,Black
12177,86637782,86637782-22008,18-24,Male,Black
12178,87045003,87045003-22084,25-44,Male,Black
12179,87045003,87045003-22085,25-44,Female,Black
12180,87388315,87388315-22149,18-24,Male,Black
12181,87598230,87598230-22183,18-24,Male,Black
12182,87797528,87797528-22415,18-24,Male,Black
12183,87801408,87801408-22242,18-24,Male,Black Hispanic
12184,87915623,87915623-22240,45-64,Male,Black
12185,87915906,87915906-22241,18-24,Male,Black
12186,88202833,88202833-23419,<18,Male,White Hispanic
12187,88202833,88202833-23420,18-24,Male,Black
12188,88202833,88202833-23464,25-44,Male,Black
12189,88210634,88210634-22303,<18,Male,Black
12190,88596785,88596785-22663,25-44,Male,White
12191,88637176,88637176-22879,18-24,Male,Black
12192,88637176,88637176-22880,<18,Male,Black
12193,88637176,88637176-22881,18-24,Male,Black
12194,88637176,88637176-22882,18-24,Male,Black
12195,88756044,88756044-22444,18-24,Male,Black
12196,88896038,88896038-22420,<18,Male,Black
12197,89298583,89298583-22584,18-24,Male,White Hispanic
12198,89298583,89298583-22585,18-24,Male,White Hispanic
12199,89610763,89610763-22582,18-24,Male,Black
12200,89634774,89634774-22536,18-24,Male,Black
12201,89770269,89770269-22583,18-24,Male,Black
12202,90095199,90095199-22608,25-44,Male,White Hispanic
12203,90388871,90388871-22648,18-24,Male,Black
12204,90388871,90388871-22649,25-44,Male,Black
12205,90388871,90388871-22650,18-24,Male,Black
12206,90460231,90460231-22717,18-24,Male,Black
12207,90557984,90557984-25244,18-24,Male,Black
12208,90677639,90677639-22691,25-44,Male,White Hispanic
12209,90906892,90906892-22727,25-44,Male,Black
12210,90929326,90929326-22726,25-44,Male,Black
12211,91000086,91000086-22746,18-24,Male,Black Hispanic
12212,91270516,91270516-22798,25-44,Male,Black
12213,91510787,91510787-22851,18-24,Male,Black
12214,91683339,91683339-22883,25-44,Male,Black
12215,91744330,91744330-22845,18-24,Female,Black
12216,91772885,91772885-22850,25-44,Female,Black
12217,91836121,91836121-23001,18-24,Male,Black
12218,91963083,91963083-22868,25-44,Male,Black Hispanic
12219,91963083,91963083-22869,25-44,Male,Black Hispanic
12220,91968295,91968295-22886,18-24,Male,Black
12221,91968295,91968295-22887,18-24,Male,Black
12222,92003740,92003740-22980,18-24,Male,Black Hispanic
12223,92077591,92077591-23849,25-44,Male,Black
12224,92077591,92077591-23875,25-44,Male,Black
12225,92275694,92275694-22975,18-24,Male,Black
12226,92275696,92275696-22929,18-24,Male,White Hispanic
12227,92311768,92311768-22931,25-44,Male,White Hispanic
12228,92316710,92316710-22933,25-44,Male,Black
12229,92489485,92489485-22971,18-24,Male,Black
12230,92500637,92500637-22972,25-44,Male,White Hispanic
12231,93627333,93627333-23202,25-44,Male,Black
12232,93726282,93726282-23156,18-24,Male,Asian / Pacific Islander
12233,93916583,93916583-23230,25-44,Male,Black
12234,93942449,93942449-23208,18-24,Male,Black
12235,93942449,93942449-23211,25-44,Male,Black
12236,94636738,94636738-23311,18-24,Male,Black
12237,94703200,94703200-23331,18-24,Male,Black
12238,94723316,94723316-23782,18-24,Male,Black
12239,94764553,94764553-23340,18-24,Male,Black
12240,94842437,94842437-23356,25-44,Male,White Hispanic
12241,95318517,95318517-23587,25-44,Male,Black
12242,109506087,109506087-23570,18-24,Male,Black
12243,109576338,109576338-23516,45-64,Male,Black
12244,136619576,136619576-23592,25-44,Male,Black
12245,136802070,136802070-23609,25-44,Male,Black Hispanic
12246,136829758,136829758-23696,<18,Male,Black
12247,137297902,137297902-23678,18-24,Male,Black Hispanic
12248,137297902,137297902-23679,18-24,Male,Black
12249,137318243,137318243-23687,18-24,Male,Black
12250,137334596,137334596-23688,18-24,Male,Black Hispanic
12251,137354846,137354846-23695,18-24,Male,Black
12252,137371869,137371869-26031,18-24,Male,Black
12253,137962902,137962902-23766,18-24,Male,Black
12254,137962902,137962902-25527,18-24,Male,Black
12255,137962902,137962902-25547,18-24,Male,Black
12256,137962902,137962902-25548,25-44,Male,Black
12257,137962902,137962902-25549,25-44,Male,Black
12258,137962902,137962902-25550,18-24,Male,Black
12259,137962902,137962902-25552,18-24,Male,Black
12260,137962902,137962902-25553,25-44,Male,Black
12261,137962902,137962902-25554,25-44,Male,Black
12262,137962902,137962902-25555,18-24,Male,Black
12263,138303017,138303017-23843,25-44,Male,Black
12264,138429902,138429902-23864,25-44,Male,Black
12265,138477080,138477080-23868,18-24,Male,Black
12266,138496681,138496681-23873,25-44,Male,Black
12267,138588463,138588463-23892,18-24,Male,Black Hispanic
12268,138632299,138632299-23905,<18,Male,Black
12269,138693360,138693360-23910,25-44,Male,White Hispanic
12270,139027835,139027835-23968,18-24,Male,Black
12271,139128073,139128073-23975,18-24,Male,Black
12272,139180373,139180373-24194,25-44,Male,Black
12273,139601977,139601977-24036,25-44,Male,Black
12274,139621461,139621461-24099,18-24,Male,Black
12275,139635509,139635509-24048,25-44,Male,Black
12276,139932282,139932282-24110,25-44,Male,Black
12277,140173011,140173011-24182,18-24,Male,White Hispanic
12278,140173011,140173011-24398,18-24,Male,Black
12279,140407289,140407289-24211,18-24,Male,Black
12280,140424108,140424108-24206,25-44,Male,White
12281,140501474,140501474-24276,18-24,Male,Black Hispanic
12282,140618709,140618709-24246,25-44,Male,Black
12283,141003371,141003371-24878,25-44,Male,Black
12284,141078846,141078846-24313,25-44,Male,Black
12285,141377721,141377721-24794,25-44,Female,Black
12286,141377721,141377721-24850,25-44,Male,White Hispanic
12287,141377721,141377721-24851,25-44,Male,Black
12288,141377721,141377721-24852,25-44,Male,White Hispanic
12289,141377721,141377721-24880,25-44,Male,White Hispanic
12290,141431203,141431203-24929,<18,Male,Black
12291,141609254,141609254-24543,25-44,Male,White
12292,141709935,141709935-24947,25-44,Male,Black
12293,141903739,141903739-24449,18-24,Male,Black Hispanic
12294,142169745,142169745-25077,18-24,Male,Black
12295,142432393,142432393-24442,25-44,Male,Black
12296,142432396,142432396-24432,18-24,Male,Black Hispanic
12297,142432396,142432396-24433,18-24,Male,Black Hispanic
12298,142627469,142627469-24467,25-44,Male,Unknown
12299,142639399,142639399-24453,25-44,Male,Black
12300,142680039,142680039-24542,18-24,Male,Black
12301,142680039,142680039-25686,18-24,Male,Black
12302,142680041,142680041-24498,18-24,Male,Black
12303,142889364,142889364-24599,18-24,Male,White Hispanic
12304,143458742,143458742-24535,<18,Male,Black
12305,143677938,143677938-24554,25-44,Male,Black Hispanic
12306,143677940,143677940-24643,25-44,Male,Black
12307,143770880,143770880-24582,<18,Male,Black
12308,143770880,143770880-24617,18-24,Male,Black
12309,143819362,143819362-24627,25-44,Male,Black
12310,143819362,143819362-24628,45-64,Male,Black
12311,143819362,143819362-24629,25-44,Male,Black
12312,144079982,144079982-25002,18-24,Male,White Hispanic
12313,144198047,144198047-24604,25-44,Male,Black
12314,144240975,144240975-24605,25-44,Male,Black
12315,144323851,144323851-24611,25-44,Male,Black
12316,144775862,144775862-24702,<18,Male,Black
12317,145179745,145179745-24704,18-24,Male,Black
12318,145503526,145503526-24732,25-44,Male,White Hispanic
12319,145660038,145660038-24739,18-24,Male,Black
12320,145992814,145992814-24781,<18,Male,White Hispanic
12321,146462286,146462286-24825,18-24,Male,Black
12322,146462286,146462286-24826,18-24,Male,Black
12323,146462286,146462286-24837,18-24,Male,Black
12324,147717457,147717457-25001,18-24,Male,Black
12325,147874630,147874630-26964,18-24,Male,Black
12326,148039515,148039515-26100,18-24,Male,Black
12327,148542344,148542344-25247,18-24,Male,Black
12328,149020844,149020844-25250,<18,Male,Black
12329,149029624,149029624-25120,<18,Female,White Hispanic
12330,149029624,149029624-25179,25-44,Male,White Hispanic
12331,149455197,149455197-25228,25-44,Male,White Hispanic
12332,149455197,149455197-25238,25-44,Male,Black
12333,149455197,149455197-25290,18-24,Male,White Hispanic
12334,149622201,149622201-25255,45-64,Male,Black
12335,149622201,149622201-25256,45-64,Male,Black
12336,150307624,150307624-26563,25-44,Male,White Hispanic
12337,150430416,150430416-25227,25-44,Male,Black
12338,150430741,150430741-25210,18-24,Male,Black
12339,151081175,151081175-25279,18-24,Male,Black
12340,151183307,151183307-26014,18-24,Male,Black
12341,151747520,151747520-25503,<18,Male,Black
12342,152216268,152216268-25416,<18,Male,Black
12343,152322872,152322872-25756,25-44,Male,Black
12344,152736116,152736116-25406,<18,Male,Black
12345,153172812,153172812-25424,25-44,Male,White
12346,153237080,153237080-25427,18-24,Male,Black
12347,153511459,153511459-26997,25-44,Male,Black
12348,153575115,153575115-25472,18-24,Male,Black Hispanic
12349,153575115,153575115-25473,18-24,Male,Black
12350,153575115,153575115-25474,<18,Male,Black
12351,153754903,153754903-25760,45-64,Male,Black
12352,153922921,153922921-25744,25-44,Male,Black Hispanic
12353,153970016,153970016-25519,25-44,Male,White
12354,154161410,154161410-25515,65+,Male,Black Hispanic
12355,154584998,154584998-25540,25-44,Male,Black
12356,154866662,154866662-1,25-44,Male,Black
12357,154866662,154866662-2,25-44,Male,Black
12358,155472108,155472108-25661,<18,Male,Black
12359,155775753,155775753-25648,25-44,Male,Black
12360,155775753,155775753-25649,25-44,Male,White Hispanic
12361,156430717,156430717-25870,18-24,Male,Black
12362,156430717,156430717-26530,25-44,Male,Black
12363,156484293,156484293-25708,18-24,Male,Black
12364,156484294,156484294-26471,18-24,Male,Black
12365,156610143,156610143-26605,18-24,Male,Black
12366,156642466,156642466-25732,25-44,Male,Black
12367,156690336,156690336-25748,18-24,Male,White Hispanic
12368,156822743,156822743-25755,25-44,Male,Black
12369,157228604,157228604-25826,25-44,Male,Black
12370,157852471,157852471-26068,25-44,Male,Black
12371,158064293,158064293-26110,25-44,Male,Black Hispanic
12372,158202344,158202344-25868,25-44,Male,White Hispanic
12373,159082084,159082084-25996,25-44,Male,Black
12374,159095280,159095280-25962,25-44,Male,Black
12375,159248464,159248464-25999,45-64,Male,White
12376,159759238,159759238-26169,25-44,Male,White Hispanic
12377,159826970,159826970-26229,18-24,Male,Black
12378,160296911,160296911-26045,18-24,Male,Black
12379,162026813,162026813-26140,45-64,Male,White Hispanic
12380,162079281,162079281-26193,<18,Male,Black
12381,162744954,162744954-27224,18-24,Male,Black
12382,162744954,162744954-27225,18-24,Male,Black
12383,162744954,162744954-27226,<18,Male,Black
12384,163631340,163631340-26302,25-44,Male,Black
12385,164301444,164301444-26300,25-44,Male,Black
12386,164337370,164337370-1,25-44,Male,Black
12387,164355051,164355051-26289,<18,Male,Black
12388,164689067,164689067-26329,18-24,Male,Black
12389,166352784,166352784-26427,18-24,Male,Black
12390,166429462,166429462-26509,18-24,Male,Black
12391,166530437,166530437-26428,18-24,Male,White Hispanic
12392,166530437,166530437-26433,25-44,Male,White Hispanic
12393,166530437,166530437-26435,18-24,Male,White Hispanic
12394,166530437,166530437-26480,18-24,Male,White Hispanic
12395,166530437,166530437-26777,25-44,Male,White Hispanic
12396,166635500,166635500-26443,18-24,Male,Black Hispanic
12397,166635502,166635502-26557,25-44,Male,Black
12398,166886663,166886663-27242,25-44,Male,Black
12399,166920671,166920671-26460,25-44,Male,Black Hispanic
12400,166951006,166951006-26487,18-24,Male,Black
12401,166951006,166951006-26488,25-44,Male,Black
12402,167265735,167265735-26538,25-44,Male,Black Hispanic
12403,167265737,167265737-1,25-44,Male,White Hispanic
12404,167328739,167328739-26503,18-24,Male,Black
12405,167485590,167485590-26517,18-24,Male,Black
12406,167581878,167581878-26529,18-24,Male,Black
12407,167835438,167835438-27251,Unknown,Male,Unknown
12408,167917432,167917432-26560,25-44,Male,Black
12409,168306278,168306278-26571,18-24,Male,Black
12410,168528146,168528146-26732,18-24,Male,Black
12411,169761148,169761148-26660,18-24,Male,Black Hispanic
12412,169924409,169924409-26677,25-44,Male,Black
12413,170368033,170368033-26712,18-24,Male,Black
12414,170436085,170436085-26790,25-44,Male,Black
12415,170630334,170630334-26730,45-64,Male,Black
12416,170630334,170630334-26904,45-64,Male,Black
12417,170955518,170955518-26752,25-44,Male,Black
12418,171067428,171067428-26748,25-44,Male,Black
12419,171171092,171171092-26789,<18,Male,Black
12420,171171092,171171092-26793,18-24,Male,Black
12421,171171092,171171092-27216,18-24,Male,Black
12422,171171092,171171092-27320,18-24,Male,Black
12423,171171092,171171092-27321,25-44,Male,Black
12424,171254028,171254028-26755,18-24,Male,Black
12425,171292988,171292988-26761,25-44,Male,White Hispanic
12426,172233873,172233873-26826,25-44,Male,Unknown
12427,172837754,172837754-26864,25-44,Male,Black
12428,172991324,172991324-26877,18-24,Male,Black Hispanic
12429,174146099,174146099-26962,25-44,Male,Black
12430,174946402,174946402-27012,18-24,Male,Black
12431,174946402,174946402-27129,18-24,Male,Black
12432,174946403,174946403-26988,<18,Male,Black
12433,175317913,175317913-27022,25-44,Male,Black
12434,178202866,178202866-27073,18-24,Male,Black
12435,178203199,178203199-27069,25-44,Male,Black
12436,178203200,178203200-27071,25-44,Male,Black
12437,178517986,178517986-27090,25-44,Male,Black
12438,178565039,178565039-27103,18-24,Male,Black
12439,178565039,178565039-27105,18-24,Male,Black
12440,178740662,178740662-27149,18-24,Male,Black
12441,178740662,178740662-27150,<18,Male,Black
12442,178830276,178830276-27112,25-44,Male,Black
12443,178830276,178830276-27113,25-44,Female,Black
12444,182362867,182362867-27123,45-64,Male,Black
12445,185296319,185296319-27374,25-44,Male,Black
12446,185296319,185296319-27375,25-44,Male,Black
12447,185296322,185296322-27295,18-24,Male,Black
12448,185525629,185525629-1,18-24,Male,Black
12449,186606589,186606589-1,25-44,Male,Black
12450,186606589,186606589-2,18-24,Male,Black
12451,187133721,187133721-1,25-44,Male,Black
12452,187678244,187678244-1,25-44,Male,Black
12453,187771702,187771702-1,25-44,Male,Black
12454,188483686,188483686-1,25-44,Male,Black
12455,188483686,188483686-2,18-24,Male,Unknown
12456,189350926,189350926-1,<18,Male,White
12457,189581510,189581510-1,25-44,Female,Black
12458,190467155,190467155-1,<18,Male,White Hispanic
12459,190755623,190755623-1,25-44,Male,Black
12460,190755623,190755623-2,25-44,Male,Black
12461,190755623,190755623-3,25-44,Male,Black
12462,190755623,190755623-4,25-44,Male,Black
12463,190755623,190755623-5,25-44,Male,Black
12464,191145997,191145997-1,25-44,Male,White Hispanic
12465,192834300,192834300-1,18-24,Male,Black
12466,192834300,192834300-2,18-24,Male,Black
12467,193118592,193118592-1,25-44,Male,Black Hispanic
12468,193226256,193226256-1,25-44,Male,Black
12469,193939356,193939356-1,25-44,Male,Asian / Pacific Islander
12470,194032590,194032590-1,<18,Male,Black
12471,197106407,197106407-1,25-44,Male,Black
12472,197381379,197381379-1,25-44,Male,White Hispanic
12473,197662446,197662446-1,18-24,Male,Black
12474,197662446,197662446-2,25-44,Male,Black
12475,197662446,197662446-3,<18,Male,Black
12476,197662446,197662446-4,18-24,Male,Black
12477,198948494,198948494-1,18-24,Male,Black
12478,198948497,198948497-1,18-24,Male,Unknown
12479,198948497,198948497-2,18-24,Male,Black
12480,198948497,198948497-3,18-24,Male,Black
12481,199052835,199052835-1,25-44,Male,Black
12482,199403136,199403136-1,25-44,Male,Black
12483,199403136,199403136-2,18-24,Male,Black
12484,199900180,199900180-1,18-24,Male,Black
12485,200209682,200209682-1,25-44,Male,White
12486,200781634,200781634-1,18-24,Male,Black
12487,202853369,202853369-1,18-24,Male,Black
12488,203348703,203348703-1,25-44,Male,Black
12489,203676927,203676927-1,25-44,Male,Black
12490,205280617,205280617-1,25-44,Male,White Hispanic
12491,205437643,205437643-1,25-44,Male,Black
12492,206196589,206196589-1,25-44,Male,Black
12493,206367551,206367551-1,25-44,Male,Black
12494,206681439,206681439-1,25-44,Unknown,Black
12495,208071994,208071994-1,18-24,Male,Black
12496,210592236,210592236-1,25-44,Male,Black
12497,211534998,211534998-1,25-44,Male,Black
12498,212640102,212640102-1,45-64,Male,White
12499,212640102,212640102-2,25-44,Male,Asian / Pacific Islander
12500,212640102,212640102-3,25-44,Male,White
12501,212824098,212824098-1,18-24,Male,Black
12502,213187656,213187656-1,25-44,Male,White Hispanic
12503,213188082,213188082-1,18-24,Male,Black
12504,213471606,213471606-1,25-44,Male,Black
12505,213748378,213748378-1,25-44,Male,Black
12506,214102397,214102397-1,25-44,Male,Black Hispanic
12507,214312556,214312556-1,25-44,Male,Black
12508,214947242,214947242-1,18-24,Male,Black
12509,214947243,214947243-1,25-44,Male,Black
12510,214948380,214948380-1,25-44,Male,White Hispanic
12511,214948380,214948380-2,25-44,Male,Black
12512,215087167,215087167-1,18-24,Male,White Hispanic
12513,215087167,215087167-2,18-24,Male,Black
12514,215223441,215223441-1,18-24,Male,Black
12515,215817235,215817235-1,25-44,Male,Black
12516,216064793,216064793-1,18-24,Male,Black
12517,216360027,216360027-1,18-24,Male,Black
12518,216360027,216360027-2,25-44,Male,White Hispanic
12519,216401363,216401363-1,18-24,Male,Black
12520,216401363,216401363-2,<18,Male,Black
12521,216401363,216401363-3,18-24,Male,Black
12522,216401363,216401363-4,18-24,Male,Black
12523,216458280,216458280-1,25-44,Male,White Hispanic
12524,216928799,216928799-1,18-24,Male,White Hispanic
12525,216935792,216935792-1,18-24,Male,White Hispanic
12526,216972671,216972671-1,25-44,Female,Black
12527,217206842,217206842-1,25-44,Male,White Hispanic
12528,217496597,217496597-1,25-44,Male,Black
12529,217560412,217560412-1,<18,Male,Black
12530,217773054,217773054-1,25-44,Male,Black
12531,218103499,218103499-1,18-24,Male,Black
12532,218103499,218103499-2,18-24,Male,Black
12533,218391447,218391447-1,45-64,Male,Black
12534,218559669,218559669-1,18-24,Male,Black
12535,218777497,218777497-1,18-24,Male,Asian / Pacific Islander
12536,219057186,219057186-1,18-24,Male,White Hispanic
12537,219293606,219293606-1,18-24,Male,Black
12538,219293606,219293606-2,18-24,Male,Black
12539,219293606,219293606-3,18-24,Male,Black
12540,219293606,219293606-4,18-24,Male,Black
12541,219392055,219392055-1,18-24,Male,Black
12542,220562287,220562287-1,25-44,Male,Black
12543,221025253,221025253-1,25-44,Male,Black
12544,221484508,221484508-1,18-24,Male,Asian / Pacific Islander
12545,221766738,221766738-1,18-24,Male,Black
12546,222048378,222048378-2,45-64,Male,White Hispanic
12547,222275369,222275369-1,<18,Male,Black
12548,226419174,226419174-1,25-44,Male,Black
12549,226503934,226503934-1,25-44,Male,Black
12550,226949678,226949678-1,65+,Male,White Hispanic
12551,227000895,227000895-1,<18,Male,Black
12552,227000895,227000895-2,<18,Male,Asian / Pacific Islander
12553,227000895,227000895-3,<18,Male,Black Hispanic
12554,228062046,228062046-1,25-44,Male,Black
12555,228563312,228563312-1,25-44,Male,White Hispanic
12556,229188688,229188688-1,18-24,Male,White Hispanic
12557,229493102,229493102-1,25-44,Male,White Hispanic
12558,229496691,229496691-1,18-24,Male,White Hispanic
12559,229496692,229496692-1,25-44,Male,Black
12560,229507545,229507545-1,25-44,Male,White Hispanic
12561,230234503,230234503-1,18-24,Male,Black Hispanic
12562,230234503,230234503-2,18-24,Male,White Hispanic
12563,230234503,230234503-3,25-44,Male,Black Hispanic
12564,230508669,230508669-1,<18,Male,White Hispanic
12565,230713946,230713946-1,18-24,Male,Black
12566,230777525,230777525-1,18-24,Male,Black
12567,231325837,231325837-1,25-44,Male,Black
12568,231325837,231325837-2,25-44,Male,Black
12569,231325837,231325837-3,18-24,Female,Black
12570,231562494,231562494-1,25-44,Male,Black Hispanic
12571,231562494,231562494-2,25-44,Male,White Hispanic
12572,231941626,231941626-1,25-44,Male,Black
12573,232132668,232132668-1,25-44,Male,Black
12574,232265326,232265326-1,18-24,Male,Black Hispanic
12575,232444798,232444798-1,<18,Male,Black
12576,232444798,232444798-2,18-24,Male,Black
12577,232591780,232591780-1,18-24,Male,White Hispanic
12578,232592200,232592200-1,25-44,Male,Black
12579,232592536,232592536-1,25-44,Male,Black
12580,232592536,232592536-2,18-24,Male,Black
12581,232733532,232733532-1,18-24,Male,Black
12582,232978772,232978772-1,<18,Male,White
12583,233172615,233172615-1,<18,Male,Black
12584,233172872,233172872-1,<18,Male,Black
12585,233172872,233172872-2,<18,Male,Black
12586,233172873,233172873-1,25-44,Male,Black Hispanic
12587,233173932,233173932-1,25-44,Male,Black
12588,233173932,233173932-2,25-44,Female,Black
12589,233799737,233799737-1,18-24,Male,Black Hispanic
12590,233799737,233799737-2,18-24,Male,Black
12591,233799737,233799737-3,<18,Male,White Hispanic
12592,233828150,233828150-1,18-24,Male,Black
12593,235088036,235088036-1,18-24,Male,Black
12594,235498961,235498961-1,25-44,Male,Black
12595,235964023,235964023-1,25-44,Male,Black Hispanic
12596,237362442,237362442-1,25-44,Male,White Hispanic
12597,237438856,237438856-1,18-24,Male,Black Hispanic
12598,237963149,237963149-1,25-44,Female,White
12599,237963149,237963149-2,25-44,Male,Black
12600,237963149,237963149-3,18-24,Male,Black
12601,237963149,237963149-4,18-24,Male,Black
12602,238039334,238039334-1,18-24,Male,Black
12603,238040455,238040455-1,25-44,Male,White Hispanic
12604,238312743,238312743-1,25-44,Male,Black
12605,238532487,238532487-1,25-44,Male,Black
12606,239123818,239123818-1,18-24,Male,Black
12607,239889275,239889275-1,<18,Male,Black
12608,240208841,240208841-1,25-44,Male,White Hispanic
12609,240542922,240542922-2,<18,Male,Black
12610,240542922,240542922-3,<18,Male,Black
12611,240863021,240863021-1,25-44,Male,Black Hispanic
12612,241325830,241325830-1,18-24,Male,Black
12613,241640926,241640926-1,18-24,Male,White
12614,241640926,241640926-2,<18,Male,Black
12615,241640926,241640926-3,18-24,Male,Black
12616,241640926,241640926-4,18-24,Female,White
12617,241640926,241640926-5,18-24,Male,Black
12618,242017513,242017513-1,25-44,Male,Black
12619,242158426,242158426-1,18-24,Male,Black
12620,242379644,242379644-2,18-24,Male,Black
12621,242393699,242393699-1,18-24,Male,White Hispanic
12622,242667373,242667373-1,<18,Male,Black
12623,242667373,242667373-2,<18,Male,Black
12624,242723694,242723694-1,25-44,Male,Black
12625,242723695,242723695-1,25-44,Male,Black Hispanic
12626,242949751,242949751-1,25-44,Male,Black
12627,243249053,243249053-1,18-24,Male,Black
12628,243251040,243251040-1,18-24,Male,Black
12629,243579417,243579417-1,25-44,Male,Black Hispanic
12630,243888583,243888583-1,25-44,Male,Black Hispanic
12631,244095297,244095297-1,25-44,Male,White Hispanic
12632,244095297,244095297-2,25-44,Male,Black
12633,244251567,244251567-1,25-44,Male,Black
12634,245121731,245121731-1,25-44,Male,Black
12635,245134159,245134159-1,18-24,Male,Black
12636,245665379,245665379-1,45-64,Male,Black
12637,246162766,246162766-1,<18,Male,Black
12638,246250740,246250740-1,18-24,Male,Black
12639,246250740,246250740-2,18-24,Male,Black
12640,246250740,246250740-3,18-24,Male,Black
12641,246250740,246250740-4,18-24,Male,Black
12642,246550685,246550685-1,18-24,Male,Black
12643,247200781,247200781-1,18-24,Male,Asian / Pacific Islander
12644,247200781,247200781-2,25-44,Male,Asian / Pacific Islander
12645,247458829,247458829-1,25-44,Male,Black
12646,247524805,247524805-1,45-64,Male,White Hispanic
12647,248322052,248322052-1,25-44,Male,Black
12648,248556618,248556618-1,25-44,Male,Black
12649,249193492,249193492-1,25-44,Male,Black Hispanic
12650,249193492,249193492-2,18-24,Male,Black
12651,250503799,250503799-1,18-24,Male,Black
12652,50665286,50665286-15304,18-24,Male,Black Hispanic
12653,50685000,50685000-15309,25-44,Male,Black
12654,50703402,50703402-15424,18-24,Male,Black
12655,50703402,50703402-15425,25-44,Male,Black
12656,50703402,50703402-15426,25-44,Male,Black
12657,50743483,50743483-15329,Unknown,Unknown,Unknown
12658,50770493,50770493-15451,18-24,Male,Black
12659,51467493,51467493-15446,45-64,Male,Black
12660,51578433,51578433-15461,18-24,Male,Black
12661,51578433,51578433-15464,18-24,Male,Black
12662,51764333,51764333-15505,18-24,Male,Black
12663,51816578,51816578-15580,18-24,Male,Black
12664,51893520,51893520-15544,18-24,Male,Black
12665,51935051,51935051-15549,25-44,Male,Unknown
12666,51935051,51935051-15550,25-44,Male,Unknown
12667,52122539,52122539-15594,18-24,Male,Black
12668,52144007,52144007-15654,Unknown,Male,Black
12669,52468785,52468785-15688,18-24,Male,Black
12670,52512782,52512782-15705,18-24,Male,Black
12671,52682620,52682620-15740,Unknown,Male,White Hispanic
12672,52703818,52703818-15733,25-44,Male,Black
12673,53790047,53790047-15757,18-24,Male,Black
12674,53912982,53912982-15797,Unknown,Unknown,Unknown
12675,53982103,53982103-15788,18-24,Male,White Hispanic
12676,54080623,54080623-15828,18-24,Male,White Hispanic
12677,54324349,54324349-15873,18-24,Female,White Hispanic
12678,54324349,54324349-15874,18-24,Female,White Hispanic
12679,54552018,54552018-15897,<18,Male,Black
12680,54610400,54610400-15906,Unknown,Unknown,Unknown
12681,54810802,54810802-15947,18-24,Male,Black
12682,55082915,55082915-15994,25-44,Male,Black
12683,55346831,55346831-16093,45-64,Male,Black
12684,55368938,55368938-16105,18-24,Male,Black
12685,55803388,55803388-16216,25-44,Male,White Hispanic
12686,55867750,55867750-16167,Unknown,Unknown,Unknown
12687,56403292,56403292-16281,18-24,Female,White Hispanic
12688,56403293,56403293-16265,Unknown,Unknown,Unknown
12689,59090172,59090172-16352,25-44,Male,Black
12690,59415609,59415609-16401,<18,Male,White Hispanic
12691,59415612,59415612-16391,18-24,Male,Black
12692,59488165,59488165-16403,Unknown,Unknown,Unknown
12693,59660231,59660231-16426,Unknown,Unknown,Unknown
12694,59778163,59778163-16454,Unknown,Unknown,Unknown
12695,60025212,60025212-16473,Unknown,Unknown,Unknown
12696,60049265,60049265-16475,Unknown,Unknown,Unknown
12697,60097564,60097564-16529,Unknown,Unknown,Unknown
12698,60217263,60217263-16489,Unknown,Male,Black
12699,60217268,60217268-16494,18-24,Male,Black
12700,60509645,60509645-17206,Unknown,Unknown,Unknown
12701,60542049,60542049-16541,Unknown,Male,Black Hispanic
12702,60542049,60542049-16542,Unknown,Male,Black Hispanic
12703,60789951,60789951-16548,25-44,Male,Black
12704,60924261,60924261-16555,Unknown,Unknown,Unknown
12705,61000871,61000871-16584,25-44,Male,Black
12706,61000871,61000871-16585,Unknown,Male,Black
12707,61000871,61000871-16755,Unknown,Male,Black
12708,61122094,61122094-16600,18-24,Male,Black
12709,61640136,61640136-16705,25-44,Male,Black
12710,61777803,61777803-16737,18-24,Male,Black
12711,61826979,61826979-16739,Unknown,Unknown,Unknown
12712,62122833,62122833-16785,18-24,Male,Black
12713,62122833,62122833-16899,18-24,Male,Black
12714,62160957,62160957-16796,Unknown,Male,Black
12715,62275547,62275547-16841,Unknown,Male,Black
12716,62374425,62374425-16861,Unknown,Unknown,Unknown
12717,62374426,62374426-16862,18-24,Male,Black
12718,62506937,62506937-16875,25-44,Male,Black
12719,62725593,62725593-16941,Unknown,Unknown,Unknown
12720,62727445,62727445-16927,25-44,Male,Black
12721,62947237,62947237-16982,18-24,Male,Black
12722,62991097,62991097-16976,18-24,Male,Black
12723,62991282,62991282-17096,Unknown,Unknown,Unknown
12724,63106907,63106907-17005,18-24,Male,Black
12725,63106909,63106909-17003,Unknown,Unknown,Unknown
12726,63159994,63159994-17011,18-24,Male,Black
12727,63235446,63235446-17035,Unknown,Male,Black
12728,63296026,63296026-17052,25-44,Male,Black
12729,63656609,63656609-17113,18-24,Male,Black
12730,63853828,63853828-17329,Unknown,Unknown,Unknown
12731,63859933,63859933-17437,18-24,Male,Black
12732,64064879,64064879-17170,Unknown,Unknown,Unknown
12733,64116660,64116660-17185,25-44,Male,Black
12734,64206874,64206874-17203,Unknown,Male,Black Hispanic
12735,64206874,64206874-17253,Unknown,Male,Black
12736,64206874,64206874-17254,Unknown,Male,Black
12737,64271154,64271154-17276,18-24,Male,Black
12738,64419243,64419243-17267,Unknown,Unknown,Unknown
12739,64419243,64419243-17282,Unknown,Unknown,Unknown
12740,64419243,64419243-17283,Unknown,Unknown,Unknown
12741,64554847,64554847-17306,Unknown,Unknown,Unknown
12742,64661975,64661975-17334,Unknown,Unknown,Unknown
12743,64918384,64918384-17416,<18,Male,Black
12744,64988410,64988410-19131,18-24,Male,Black
12745,65260417,65260417-17457,18-24,Male,Black
12746,65270101,65270101-17440,25-44,Male,Black
12747,65270101,65270101-17502,<18,Male,Black
12748,65464027,65464027-17464,Unknown,Unknown,Unknown
12749,65544995,65544995-17476,18-24,Male,Black
12750,65907827,65907827-17530,Unknown,Unknown,Unknown
12751,65953623,65953623-17524,Unknown,Unknown,Unknown
12752,66112201,66112201-17573,Unknown,Unknown,Unknown
12753,66217190,66217190-20154,25-44,Male,Black
12754,66217190,66217190-20171,25-44,Male,Black
12755,66217190,66217190-21575,25-44,Male,Black
12756,66217190,66217190-21576,25-44,Male,Black
12757,66306112,66306112-17607,18-24,Male,Black
12758,66532347,66532347-24920,Unknown,Unknown,Unknown
12759,66709782,66709782-17641,Unknown,Unknown,Unknown
12760,66712492,66712492-17649,<18,Male,Black
12761,66919118,66919118-17686,Unknown,Unknown,Unknown
12762,66956198,66956198-17720,18-24,Male,Black
12763,66984211,66984211-17699,Unknown,Unknown,Unknown
12764,67112804,67112804-17713,25-44,Male,Asian / Pacific Islander
12765,67131198,67131198-17722,Unknown,Unknown,Unknown
12766,67237896,67237896-17745,18-24,Male,Black
12767,67285743,67285743-17747,Unknown,Male,Black
12768,67390155,67390155-17771,Unknown,Unknown,Unknown
12769,67406590,67406590-17773,Unknown,Unknown,Unknown
12770,67430057,67430057-17936,Unknown,Unknown,Unknown
12771,67581877,67581877-17798,Unknown,Unknown,Unknown
12772,67930411,67930411-17845,<18,Male,Black
12773,68230898,68230898-17916,Unknown,Unknown,Unknown
12774,68376157,68376157-17912,25-44,Male,White Hispanic
12775,68763369,68763369-17954,Unknown,Unknown,Unknown
12776,69402076,69402076-18027,18-24,Male,Black
12777,69402076,69402076-18036,18-24,Male,Black
12778,69402076,69402076-18037,Unknown,Male,Black
12779,69402076,69402076-18119,Unknown,Male,Black
12780,69402076,69402076-18120,Unknown,Male,Black
12781,69820005,69820005-18080,Unknown,Unknown,Unknown
12782,69896895,69896895-18100,18-24,Male,White Hispanic
12783,69904696,69904696-18101,Unknown,Male,White Hispanic
12784,69948593,69948593-18108,Unknown,Unknown,Unknown
12785,69966280,69966280-18117,Unknown,Male,Black
12786,71021932,71021932-18148,18-24,Male,Black Hispanic
12787,71054066,71054066-18165,18-24,Male,Black
12788,71054066,71054066-18239,18-24,Male,Black
12789,71127746,71127746-18187,Unknown,Unknown,Unknown
12790,71136611,71136611-18191,18-24,Male,White Hispanic
12791,71136611,71136611-18208,18-24,Male,Black Hispanic
12792,71136613,71136613-18209,25-44,Male,Black
12793,71152767,71152767-18190,<18,Male,Black
12794,71165503,71165503-18195,Unknown,Male,Black
12795,71382320,71382320-18236,18-24,Male,Black
12796,71407338,71407338-18581,18-24,Male,Black
12797,71508831,71508831-18277,<18,Male,Black
12798,71508831,71508831-18344,18-24,Male,Black
12799,71747731,71747731-18332,Unknown,Male,Black
12800,71836147,71836147-25440,18-24,Male,Black
12801,71859166,71859166-18379,18-24,Male,Black
12802,71877026,71877026-18386,45-64,Male,White Hispanic
12803,72035712,72035712-18424,25-44,Male,Black
12804,72035712,72035712-18538,18-24,Male,Black
12805,72201222,72201222-18901,18-24,Male,Black
12806,72209416,72209416-18624,18-24,Male,Black
12807,72209416,72209416-18625,18-24,Male,Black
12808,72247901,72247901-18492,25-44,Male,Black
12809,72255655,72255655-18501,25-44,Male,Black
12810,72255655,72255655-18531,18-24,Male,Black Hispanic
12811,72255655,72255655-18532,18-24,Male,Black Hispanic
12812,72294539,72294539-18662,Unknown,Unknown,Unknown
12813,72378809,72378809-18592,Unknown,Unknown,Unknown
12814,72407632,72407632-18551,18-24,Male,Black
12815,72407859,72407859-21137,18-24,Male,White Hispanic
12816,72426347,72426347-18552,Unknown,Male,Black Hispanic
12817,72426347,72426347-18558,Unknown,Male,Black
12818,72426347,72426347-18559,Unknown,Male,Black
12819,72557479,72557479-18597,25-44,Male,White Hispanic
12820,72617364,72617364-18612,25-44,Male,Black Hispanic
12821,72627076,72627076-18614,Unknown,Male,Black
12822,72735117,72735117-18638,Unknown,Male,Black
12823,73135727,73135727-18724,18-24,Male,Black
12824,73308096,73308096-18767,25-44,Male,Black
12825,73382542,73382542-18781,<18,Male,Black
12826,73517096,73517096-18840,Unknown,Unknown,Unknown
12827,73647553,73647553-18895,18-24,Male,Black Hispanic
12828,73720289,73720289-18913,18-24,Male,Black Hispanic
12829,73797830,73797830-18939,25-44,Male,Black
12830,73932184,73932184-19038,Unknown,Male,Black
12831,74039045,74039045-19009,25-44,Male,White Hispanic
12832,74039045,74039045-19010,25-44,Male,White Hispanic
12833,74145751,74145751-21448,18-24,Male,Black
12834,74279271,74279271-19199,25-44,Male,Black
12835,74281246,74281246-19198,18-24,Male,Black
12836,74417897,74417897-19138,25-44,Male,Black
12837,74420477,74420477-19129,18-24,Male,Black
12838,74455296,74455296-19147,18-24,Male,Black
12839,74455296,74455296-19148,<18,Male,Black
12840,74530911,74530911-19170,<18,Male,Black
12841,74594687,74594687-19185,Unknown,Unknown,Unknown
12842,74769387,74769387-19246,18-24,Male,Black
12843,74769387,74769387-19368,18-24,Male,Black
12844,74824433,74824433-19310,25-44,Male,Black
12845,74989384,74989384-19313,Unknown,Unknown,Unknown
12846,75162681,75162681-19376,18-24,Male,Black
12847,75202879,75202879-19391,18-24,Male,Black
12848,75543834,75543834-19464,Unknown,Male,Black
12849,75652573,75652573-19481,18-24,Male,Black Hispanic
12850,75685044,75685044-19491,Unknown,Male,Black
12851,75847748,75847748-19556,18-24,Male,Black
12852,75847749,75847749-19594,18-24,Male,White Hispanic
12853,75847749,75847749-19595,18-24,Male,White Hispanic
12854,75973778,75973778-19557,Unknown,Unknown,Unknown
12855,75974008,75974008-19710,18-24,Male,Black
12856,76014022,76014022-19567,Unknown,Unknown,Unknown
12857,76052899,76052899-20007,25-44,Male,White Hispanic
12858,76663357,76663357-19609,25-44,Male,Black
12859,76663357,76663357-19611,25-44,Male,Black
12860,76720703,76720703-19621,25-44,Male,Black
12861,76720703,76720703-21040,18-24,Male,Black
12862,76808921,76808921-19655,25-44,Male,White Hispanic
12863,77152753,77152753-19755,18-24,Male,Black
12864,77164262,77164262-19737,18-24,Male,Black Hispanic
12865,77291727,77291727-19768,18-24,Male,Black
12866,77485749,77485749-19806,18-24,Male,Black
12867,77693456,77693456-19887,<18,Male,Black
12868,77693456,77693456-19889,<18,Male,Black
12869,77693456,77693456-19890,<18,Male,Black
12870,77841073,77841073-19967,25-44,Male,Black
12871,77905144,77905144-19970,18-24,Male,White Hispanic
12872,78110475,78110475-19941,<18,Male,Black
12873,78175029,78175029-19951,18-24,Male,Black
12874,78188152,78188152-19955,<18,Male,Black
12875,78198179,78198179-19960,25-44,Male,White Hispanic
12876,78489678,78489678-20036,18-24,Male,Black
12877,78489678,78489678-20056,18-24,Male,Black
12878,78656125,78656125-20071,18-24,Male,Black
12879,78696890,78696890-20086,18-24,Male,Black
12880,78727028,78727028-20095,<18,Male,Black
12881,78859568,78859568-20120,18-24,Male,Black
12882,78879026,78879026-20124,18-24,Male,Black
12883,78879026,78879026-20125,18-24,Male,Black
12884,79032737,79032737-20164,<18,Male,Black Hispanic
12885,79032737,79032737-20185,18-24,Male,White Hispanic
12886,79238544,79238544-20698,18-24,Male,Black
12887,79477432,79477432-20271,25-44,Male,Black Hispanic
12888,79571818,79571818-20275,Unknown,Male,Black
12889,79636124,79636124-20322,25-44,Male,Black
12890,80478299,80478299-20606,18-24,Male,White Hispanic
12891,80499844,80499844-20615,18-24,Male,Black
12892,80584530,80584530-20655,<18,Male,Black Hispanic
12893,80584530,80584530-20656,18-24,Male,Black
12894,80879918,80879918-20871,18-24,Male,White Hispanic
12895,81001140,81001140-20798,Unknown,Unknown,Unknown
12896,81018468,81018468-20812,18-24,Male,Black
12897,81177762,81177762-20895,25-44,Male,Black
12898,81261180,81261180-20868,<18,Male,White Hispanic
12899,81320729,81320729-20919,18-24,Male,Black
12900,81425321,81425321-20904,18-24,Male,Black
12901,81427899,81427899-22888,25-44,Male,Black Hispanic
12902,81427899,81427899-22892,25-44,Male,Black
12903,81542569,81542569-20942,18-24,Male,White Hispanic
12904,81542569,81542569-20943,18-24,Male,White Hispanic
12905,81620138,81620138-21178,25-44,Male,Black
12906,82420631,82420631-21127,18-24,Male,Black
12907,82934285,82934285-21296,18-24,Male,Black
12908,82964923,82964923-21241,18-24,Male,Black
12909,83004733,83004733-21424,25-44,Male,White Hispanic
12910,83098530,83098530-21266,25-44,Male,Black
12911,83115121,83115121-21272,45-64,Male,Black
12912,83143196,83143196-21298,18-24,Male,Black
12913,83357175,83357175-21316,<18,Male,White Hispanic
12914,83357175,83357175-21317,18-24,Male,Black
12915,83370672,83370672-21331,18-24,Male,Black
12916,83439706,83439706-21339,18-24,Male,Black
12917,83439706,83439706-21340,18-24,Male,Black
12918,83439706,83439706-22367,18-24,Male,Black
12919,83507552,83507552-21348,25-44,Male,Black
12920,83765395,83765395-21393,18-24,Male,Black
12921,83805292,83805292-21399,65+,Male,Black
12922,83876792,83876792-21412,18-24,Male,Black
12923,84216351,84216351-21471,25-44,Male,White Hispanic
12924,84340916,84340916-21509,18-24,Male,Black
12925,84340916,84340916-21510,25-44,Male,Black
12926,84798578,84798578-26780,25-44,Male,Black
12927,84798578,84798578-26781,25-44,Female,Black
12928,85000370,85000370-21615,25-44,Male,Black
12929,85200727,85200727-21655,<18,Male,Black
12930,85517966,85517966-21732,25-44,Male,Black
12931,85556011,85556011-21755,25-44,Male,Black
12932,85560593,85560593-21900,25-44,Male,Black
12933,85639525,85639525-22475,45-64,Male,White
12934,85646337,85646337-21765,25-44,Male,Black
12935,86052725,86052725-21939,<18,Male,Black
12936,86302935,86302935-21919,25-44,Male,Black
12937,86456319,86456319-21960,25-44,Male,Black
12938,86762430,86762430-22061,25-44,Male,Black
12939,87020676,87020676-22072,25-44,Male,Black
12940,87147239,87147239-22115,18-24,Male,Black
12941,87167273,87167273-22250,18-24,Male,Black
12942,87167273,87167273-23538,<18,Male,Black
12943,87217856,87217856-22107,18-24,Male,Black
12944,87217856,87217856-22108,18-24,Male,Black
12945,87339332,87339332-22130,<18,Male,Black
12946,87533053,87533053-22177,65+,Male,White
12947,87534987,87534987-22172,25-44,Male,Black
12948,87724022,87724022-22477,45-64,Male,White
12949,87915622,87915622-22239,25-44,Male,Black
12950,88053630,88053630-22257,<18,Male,Black
12951,88329916,88329916-22489,25-44,Male,Unknown
12952,88548062,88548062-22391,18-24,Male,Black
12953,88663280,88663280-22405,18-24,Male,Black
12954,88663280,88663280-22453,<18,Male,Black
12955,88840504,88840504-22504,18-24,Male,Black
12956,89060182,89060182-22450,25-44,Male,Black
12957,89060182,89060182-22469,<18,Male,Black
12958,89060462,89060462-22451,18-24,Male,Black
12959,89186854,89186854-22470,25-44,Male,Black
12960,89186855,89186855-22570,18-24,Male,Black
12961,89298331,89298331-22494,18-24,Male,Asian / Pacific Islander
12962,89298331,89298331-22495,<18,Male,Black
12963,89319059,89319059-22628,18-24,Male,Black
12964,89728550,89728550-22602,18-24,Male,Black
12965,90039235,90039235-22604,18-24,Male,Black
12966,90054887,90054887-22603,25-44,Male,Black
12967,90128858,90128858-22617,<18,Female,Black
12968,90128858,90128858-22618,<18,Female,White Hispanic
12969,90128858,90128858-23574,18-24,Female,Black
12970,90128858,90128858-23577,25-44,Male,Black
12971,90128858,90128858-23582,<18,Male,Black
12972,90341410,90341410-22710,18-24,Male,White
12973,90582840,90582840-22676,25-44,Female,Black
12974,90582840,90582840-22677,25-44,Male,Black
12975,90616236,90616236-22712,18-24,Male,Black
12976,90616236,90616236-22713,18-24,Female,Black
12977,90651770,90651770-22731,25-44,Male,Black
12978,91329396,91329396-22790,18-24,Male,Black
12979,91329396,91329396-22842,18-24,Male,Black
12980,91404965,91404965-22793,25-44,Male,Asian / Pacific Islander
12981,92221383,92221383-22983,18-24,Male,Black
12982,92330650,92330650-22935,18-24,Male,Black
12983,92330650,92330650-22936,<18,Male,Black
12984,92330650,92330650-22937,<18,Male,Black
12985,92330650,92330650-22938,18-24,Male,Black
12986,92385894,92385894-22946,25-44,Male,Black
12987,92472424,92472424-22995,18-24,Male,Black
12988,92563658,92563658-22985,18-24,Male,Unknown
12989,92563658,92563658-23014,18-24,Male,White Hispanic
12990,92597741,92597741-22994,25-44,Male,Black
12991,92606073,92606073-22993,25-44,Female,Black
12992,92775660,92775660-23057,18-24,Male,White Hispanic
12993,92952445,92952445-23055,18-24,Male,Black
12994,93233339,93233339-23090,25-44,Male,Black
12995,93367468,93367468-1,25-44,Male,Black Hispanic
12996,93607542,93607542-23134,18-24,Male,Black
12997,93607542,93607542-23135,18-24,Male,Black
12998,93834356,93834356-23252,25-44,Male,Black
12999,93924059,93924059-23191,18-24,Male,Black
13000,93979263,93979263-23209,18-24,Male,Black
13001,94030041,94030041-23219,18-24,Male,Black
13002,94030041,94030041-23223,18-24,Male,Black
13003,94030041,94030041-23239,18-24,Male,Black
13004,94058076,94058076-23380,18-24,Male,Black
13005,94128331,94128331-23260,18-24,Male,Black
13006,94128331,94128331-23325,18-24,Male,Black
13007,94523142,94523142-23341,18-24,Male,Black
13008,94703199,94703199-23352,<18,Male,Black
13009,94703199,94703199-23357,18-24,Male,Black
13010,95181839,95181839-23394,25-44,Male,Black
13011,95394922,95394922-23434,18-24,Male,Black
13012,95394922,95394922-23436,<18,Male,Black
13013,109274028,109274028-23472,25-44,Male,Black
13014,109340977,109340977-23477,65+,Male,White Hispanic
13015,109506089,109506089-23537,25-44,Male,Black Hispanic
13016,136563286,136563286-23589,18-24,Male,Black
13017,136802071,136802071-24187,25-44,Male,Black
13018,136931872,136931872-23634,18-24,Male,Black
13019,136931872,136931872-23769,18-24,Male,Black
13020,137018484,137018484-23635,18-24,Male,Black
13021,137018484,137018484-24175,<18,Male,Black
13022,137018810,137018810-23636,25-44,Male,Black
13023,137142207,137142207-23670,18-24,Male,Black
13024,137473302,137473302-23704,18-24,Male,Black Hispanic
13025,137480317,137480317-23765,18-24,Male,Black
13026,137625068,137625068-24363,18-24,Male,Black
13027,137804311,137804311-23748,18-24,Male,Black
13028,137921720,137921720-23923,25-44,Male,Black
13029,137926686,137926686-24079,25-44,Male,Black
13030,137926688,137926688-23761,25-44,Male,Black
13031,138027218,138027218-23826,25-44,Male,Black
13032,138083736,138083736-23792,65+,Male,Black Hispanic
13033,138187123,138187123-23827,25-44,Male,Black
13034,138187123,138187123-23828,25-44,Male,Black
13035,138187123,138187123-23829,18-24,Male,Black
13036,138187123,138187123-23830,25-44,Male,Black
13037,138198262,138198262-23814,18-24,Male,Black
13038,138313335,138313335-24195,25-44,Male,Black
13039,138322732,138322732-23848,25-44,Male,Black
13040,138588534,138588534-23896,18-24,Male,Black
13041,138609160,138609160-23897,45-64,Male,Asian / Pacific Islander
13042,138693355,138693355-23912,45-64,Male,White Hispanic
13043,138693357,138693357-23970,25-44,Male,Black
13044,138693357,138693357-24074,25-44,Male,Black
13045,138693359,138693359-24223,18-24,Male,Black
13046,138909015,138909015-1,25-44,Male,Black
13047,138909015,138909015-25966,25-44,Male,Black
13048,138997051,138997051-1,25-44,Male,White Hispanic
13049,138997051,138997051-23966,<18,Male,White Hispanic
13050,139005058,139005058-24018,18-24,Male,Black
13051,139033934,139033934-23955,25-44,Male,Black
13052,139033934,139033934-23985,25-44,Male,Black
13053,139090712,139090712-24192,25-44,Male,Black
13054,139195325,139195325-24002,18-24,Male,Black
13055,139554915,139554915-24116,45-64,Male,Black Hispanic
13056,139554915,139554915-24117,25-44,Male,Black
13057,139762463,139762463-24191,25-44,Male,Black
13058,139849526,139849526-24095,18-24,Male,Black Hispanic
13059,140081029,140081029-24133,18-24,Male,Black
13060,140435609,140435609-24289,<18,Male,Black
13061,140591801,140591801-24339,18-24,Male,Black
13062,140591801,140591801-24340,18-24,Male,Black
13063,140591801,140591801-24389,18-24,Male,Black Hispanic
13064,140697171,140697171-24252,25-44,Male,Black
13065,140697171,140697171-24385,18-24,Male,Black Hispanic
13066,140727958,140727958-24259,25-44,Male,Black
13067,140762084,140762084-24280,18-24,Male,Black
13068,140987178,140987178-25365,25-44,Male,Black Hispanic
13069,141114173,141114173-24324,25-44,Male,Black
13070,141183927,141183927-24335,25-44,Male,Black
13071,141392923,141392923-24370,18-24,Male,Black Hispanic
13072,141392923,141392923-24372,18-24,Male,Black
13073,141392923,141392923-24377,25-44,Male,Black
13074,141407014,141407014-24931,<18,Male,Black Hispanic
13075,141407014,141407014-24933,18-24,Male,Black
13076,141407014,141407014-24934,25-44,Female,Black
13077,141651981,141651981-24408,18-24,Male,Black
13078,142169746,142169746-24959,25-44,Male,Black
13079,142621426,142621426-24460,25-44,Male,Black
13080,142679416,142679416-24458,25-44,Male,White Hispanic
13081,142679416,142679416-24674,25-44,Male,Black Hispanic
13082,142785497,142785497-24473,18-24,Male,Black
13083,142858796,142858796-24477,<18,Male,Black
13084,143300497,143300497-24519,25-44,Male,White Hispanic
13085,143300497,143300497-24672,25-44,Male,White Hispanic
13086,143342679,143342679-25957,25-44,Male,White Hispanic
13087,143342679,143342679-25958,18-24,Male,Black Hispanic
13088,143342679,143342679-25959,18-24,Male,Black
13089,143560606,143560606-26813,18-24,Male,Black
13090,143704604,143704604-24562,25-44,Male,Black
13091,143877930,143877930-24586,18-24,Male,Black
13092,144479290,144479290-24769,25-44,Male,Black
13093,144479294,144479294-24657,25-44,Male,Black
13094,144548078,144548078-24648,25-44,Male,White Hispanic
13095,144548078,144548078-24649,18-24,Male,White Hispanic
13096,144636163,144636163-24667,25-44,Male,Black
13097,144641363,144641363-25248,18-24,Male,Black
13098,145179749,145179749-25016,25-44,Male,Black
13099,145192984,145192984-24722,45-64,Male,Black
13100,145327818,145327818-24713,18-24,Male,Black
13101,145660040,145660040-24742,18-24,Male,Black
13102,146282284,146282284-24813,18-24,Male,Black
13103,146282284,146282284-24843,18-24,Male,Black
13104,146282284,146282284-24870,25-44,Male,Black
13105,146282284,146282284-25423,25-44,Male,Black
13106,146462814,146462814-24864,<18,Male,White Hispanic
13107,146462814,146462814-24865,18-24,Male,White Hispanic
13108,146462814,146462814-24866,<18,Male,Black Hispanic
13109,146462814,146462814-24867,18-24,Male,Black
13110,147395066,147395066-24979,25-44,Male,White
13111,147520561,147520561-24991,18-24,Male,White Hispanic
13112,147520561,147520561-24992,18-24,Male,White Hispanic
13113,147609593,147609593-25013,25-44,Male,Black
13114,147609593,147609593-25039,25-44,Male,Black
13115,147610781,147610781-24999,25-44,Male,White Hispanic
13116,148087885,148087885-25111,25-44,Male,Black
13117,148099939,148099939-25566,25-44,Male,Black
13118,148168459,148168459-25050,18-24,Male,Black Hispanic
13119,149357489,149357489-25149,18-24,Male,Black
13120,151047697,151047697-25539,18-24,Male,Black
13121,151527278,151527278-25311,<18,Male,White Hispanic
13122,151586094,151586094-25308,18-24,Male,Black
13123,152012483,152012483-26603,25-44,Male,White Hispanic
13124,152876303,152876303-1,25-44,Male,Black
13125,153030430,153030430-25463,25-44,Male,White Hispanic
13126,153237078,153237078-25696,25-44,Male,Black
13127,153237078,153237078-25702,25-44,Male,Black
13128,153315117,153315117-25493,25-44,Male,Black
13129,153406512,153406512-25441,25-44,Male,Black
13130,153462275,153462275-26126,25-44,Male,Black
13131,153511448,153511448-25812,25-44,Male,White Hispanic
13132,153511451,153511451-25450,25-44,Male,Black
13133,153511456,153511456-25469,25-44,Male,Black
13134,154584992,154584992-25493,18-24,Male,Black Hispanic
13135,154584992,154584992-25548,18-24,Male,Black Hispanic
13136,154584996,154584996-25565,18-24,Male,Black
13137,154960804,154960804-25716,18-24,Male,White Hispanic
13138,155107317,155107317-25720,45-64,Male,White Hispanic
13139,155107319,155107319-25574,25-44,Male,Black
13140,156246000,156246000-25682,45-64,Male,Black Hispanic
13141,156435308,156435308-25711,25-44,Male,White Hispanic
13142,156521266,156521266-26786,25-44,Male,Black
13143,156642742,156642742-25733,25-44,Male,White Hispanic
13144,156642742,156642742-25734,18-24,Male,White Hispanic
13145,156642742,156642742-25772,18-24,Male,White Hispanic
13146,157055737,157055737-25803,<18,Male,Black
13147,157228607,157228607-25784,18-24,Male,White
13148,157251491,157251491-25790,25-44,Male,Black
13149,157311948,157311948-25845,18-24,Male,White Hispanic
13150,157629230,157629230-25825,25-44,Male,White Hispanic
13151,157656718,157656718-25823,25-44,Male,Black
13152,158669666,158669666-25918,18-24,Male,Black
13153,159248462,159248462-25981,18-24,Male,Black Hispanic
13154,159248462,159248462-26035,25-44,Male,Black
13155,159815408,159815408-26206,18-24,Male,White Hispanic
13156,159827411,159827411-26029,25-44,Male,Black
13157,159904419,159904419-26028,18-24,Male,White Hispanic
13158,160071567,160071567-1,25-44,Male,White Hispanic
13159,161118987,161118987-26081,18-24,Male,Black Hispanic
13160,161118987,161118987-26082,25-44,Male,Black
13161,162383802,162383802-26173,18-24,Male,White Hispanic
13162,162744792,162744792-26189,45-64,Male,Black Hispanic
13163,162744955,162744955-26463,25-44,Male,Black
13164,162822679,162822679-26207,25-44,Male,Black
13165,163178159,163178159-26215,18-24,Male,Black
13166,163178159,163178159-26227,18-24,Male,Black
13167,163466156,163466156-26231,25-44,Male,Black
13168,163657067,163657067-26301,18-24,Male,Black
13169,163842831,163842831-26269,<18,Male,Black
13170,164244239,164244239-26317,25-44,Male,White Hispanic
13171,164337367,164337367-26288,25-44,Male,Black
13172,165146995,165146995-26345,18-24,Male,White Hispanic
13173,166052161,166052161-26408,25-44,Male,Black
13174,166188252,166188252-26402,25-44,Male,Black
13175,166810056,166810056-26466,18-24,Male,Black
13176,167108508,167108508-26890,25-44,Male,Black
13177,167282055,167282055-26504,25-44,Male,White Hispanic
13178,167343476,167343476-26537,45-64,Male,Black
13179,167582207,167582207-26541,18-24,Male,White Hispanic
13180,168000271,168000271-26549,25-44,Male,Asian / Pacific Islander
13181,168095393,168095393-26980,18-24,Male,Black
13182,168442933,168442933-26598,18-24,Male,Black
13183,168442933,168442933-26600,18-24,Male,Black
13184,168757910,168757910-26627,45-64,Male,Black
13185,168767160,168767160-26648,25-44,Male,Black
13186,169680543,169680543-26965,25-44,Male,Black
13187,170633943,170633943-26733,18-24,Male,Black
13188,171292987,171292987-26759,25-44,Male,Black
13189,171292987,171292987-26760,18-24,Male,Black
13190,171339304,171339304-26801,18-24,Male,Black
13191,171509876,171509876-26803,25-44,Male,Black
13192,171918098,171918098-1,<18,Male,Black
13193,171918098,171918098-2,18-24,Male,Black
13194,171918098,171918098-26932,18-24,Male,Black
13195,171990078,171990078-26805,<18,Male,Black
13196,171990078,171990078-26806,<18,Male,Black
13197,171990078,171990078-26807,<18,Male,Black
13198,172479304,172479304-26845,25-44,Male,Black
13199,172580594,172580594-26850,<18,Male,Black
13200,172712178,172712178-26886,25-44,Male,Black
13201,172892298,172892298-26892,25-44,Female,Black
13202,173875580,173875580-26922,25-44,Male,Black
13203,174404830,174404830-27019,18-24,Male,White Hispanic
13204,174404830,174404830-27020,18-24,Male,White Hispanic
13205,174404830,174404830-27109,18-24,Male,White Hispanic
13206,174404830,174404830-27110,18-24,Female,Black
13207,174404830,174404830-27111,18-24,Male,White Hispanic
13208,175772471,175772471-27160,25-44,Male,Black
13209,176214207,176214207-27037,25-44,Male,Black
13210,177971351,177971351-27114,25-44,Male,Black
13211,178115697,178115697-27083,25-44,Male,Black
13212,178778334,178778334-27101,18-24,Male,Black
13213,182362871,182362871-27127,18-24,Male,Black
13214,182667791,182667791-27314,18-24,Male,Black
13215,183102945,183102945-27192,25-44,Male,White Hispanic
13216,183435827,183435827-27178,<18,Male,Black
13217,183690691,183690691-27193,18-24,Male,Black
13218,184058457,184058457-27263,25-44,Male,Black
13219,184156174,184156174-27211,25-44,Male,White Hispanic
13220,184156174,184156174-27218,18-24,Male,Black Hispanic
13221,184834760,184834760-1,18-24,Male,Black
13222,185483176,185483176-27338,18-24,Male,Black
13223,185483176,185483176-27339,18-24,Male,Black
13224,185671671,185671671-27323,18-24,Male,Black
13225,185671671,185671671-27348,18-24,Male,Black
13226,186046947,186046947-27376,25-44,Male,Black
13227,187582515,187582515-1,18-24,Male,White Hispanic
13228,187867630,187867630-1,25-44,Male,Black
13229,188105137,188105137-1,25-44,Male,Black
13230,188235488,188235488-1,25-44,Male,Black
13231,188343567,188343567-1,25-44,Male,Black
13232,188862634,188862634-1,18-24,Female,Black
13233,188862634,188862634-2,18-24,Male,Black
13234,188862634,188862634-3,Unknown,Female,Unknown
13235,188862634,188862634-5,25-44,Male,Black
13236,189046704,189046704-1,25-44,Male,White Hispanic
13237,189435391,189435391-1,<18,Male,Black
13238,190852835,190852835-1,18-24,Male,Black
13239,190950370,190950370-1,18-24,Male,Black
13240,190950370,190950370-2,25-44,Male,Black
13241,191222186,191222186-1,<18,Male,Black
13242,191398917,191398917-1,18-24,Male,Black
13243,191739126,191739126-1,25-44,Male,Black Hispanic
13244,191949899,191949899-1,<18,Male,Black
13245,192301916,192301916-1,18-24,Male,Black
13246,192301916,192301916-2,25-44,Male,Black
13247,193418291,193418291-1,25-44,Male,Black
13248,193694863,193694863-1,18-24,Male,Black
13249,193939358,193939358-1,<18,Male,Black
13250,193939359,193939359-1,18-24,Male,Black
13251,193939359,193939359-2,18-24,Male,Black
13252,194269158,194269158-1,<18,Male,Black
13253,194525843,194525843-1,25-44,Male,White Hispanic
13254,194570529,194570529-1,18-24,Male,Black
13255,194570529,194570529-2,<18,Male,Unknown
13256,194570529,194570529-3,18-24,Male,Black
13257,195699913,195699913-1,18-24,Male,Black
13258,196195746,196195746-1,25-44,Male,Black Hispanic
13259,196364279,196364279-1,18-24,Male,Black
13260,197997725,197997725-1,25-44,Male,Black
13261,198404597,198404597-1,25-44,Male,Black
13262,198858229,198858229-1,<18,Male,Black Hispanic
13263,198858229,198858229-2,18-24,Male,Black Hispanic
13264,198858229,198858229-3,<18,Male,Black Hispanic
13265,198998742,198998742-1,18-24,Male,Black
13266,198998742,198998742-2,18-24,Male,Black
13267,198998742,198998742-3,25-44,Male,Black
13268,198998742,198998742-4,25-44,Male,Black
13269,199422329,199422329-1,18-24,Male,Black
13270,199785879,199785879-1,18-24,Male,Black
13271,200365035,200365035-1,25-44,Male,Black Hispanic
13272,200680423,200680423-1,25-44,Male,Black
13273,200994120,200994120-1,18-24,Male,Black
13274,201291290,201291290-1,Unknown,Male,Black
13275,201291290,201291290-2,Unknown,Male,Black Hispanic
13276,201765788,201765788-1,18-24,Male,Black
13277,201765788,201765788-2,Unknown,Unknown,Unknown
13278,202853370,202853370-1,25-44,Male,Unknown
13279,203778568,203778568-1,18-24,Male,Black
13280,204464564,204464564-2,45-64,Male,Black
13281,205280615,205280615-1,25-44,Male,Black
13282,206032523,206032523-1,18-24,Male,Black
13283,206032523,206032523-2,18-24,Male,Black
13284,206032523,206032523-3,<18,Male,Black
13285,206032523,206032523-4,<18,Male,Black
13286,206311808,206311808-1,18-24,Female,White Hispanic
13287,206311808,206311808-2,18-24,Male,Black Hispanic
13288,206311808,206311808-3,25-44,Female,White
13289,206681438,206681438-1,25-44,Male,Black
13290,206681438,206681438-2,25-44,Male,Black
13291,206874854,206874854-1,25-44,Male,Black
13292,206898906,206898906-1,25-44,Male,Black
13293,208600971,208600971-1,25-44,Male,Black
13294,209281503,209281503-1,25-44,Male,Black
13295,209281503,209281503-2,25-44,Male,Black
13296,210395368,210395368-1,25-44,Male,Black
13297,210395368,210395368-2,25-44,Male,Black
13298,211066104,211066104-1,18-24,Male,Black
13299,211772774,211772774-1,<18,Male,Black
13300,211772774,211772774-2,<18,Male,Black
13301,212823698,212823698-1,18-24,Male,Asian / Pacific Islander
13302,213050796,213050796-1,18-24,Male,Black
13303,213050796,213050796-2,25-44,Female,Black
13304,213099073,213099073-1,<18,Male,Black
13305,213099073,213099073-2,25-44,Male,Black
13306,213779570,213779570-1,25-44,Male,Black
13307,214184467,214184467-1,25-44,Male,White Hispanic
13308,214184467,214184467-2,25-44,Male,White Hispanic
13309,214264816,214264816-1,18-24,Male,White Hispanic
13310,214430790,214430790-1,45-64,Male,Black
13311,214430790,214430790-2,45-64,Female,Black
13312,214430795,214430795-1,25-44,Male,Black
13313,214431172,214431172-1,25-44,Male,Black
13314,214574798,214574798-1,25-44,Male,Black
13315,214729489,214729489-1,18-24,Male,Black
13316,214729489,214729489-2,18-24,Male,Black
13317,214729489,214729489-3,18-24,Male,Black
13318,214836147,214836147-1,25-44,Male,White Hispanic
13319,214836147,214836147-2,18-24,Male,Black Hispanic
13320,214836147,214836147-3,18-24,Male,White Hispanic
13321,215086720,215086720-2,25-44,Male,Black
13322,215225158,215225158-1,25-44,Male,Black
13323,215483875,215483875-1,<18,Male,White Hispanic
13324,215483875,215483875-2,18-24,Male,Black
13325,215483875,215483875-3,18-24,Male,Black Hispanic
13326,215767015,215767015-1,18-24,Male,Black
13327,215767015,215767015-2,18-24,Male,Black
13328,215816857,215816857-1,<18,Male,Black
13329,216063391,216063391-1,25-44,Male,Black
13330,216103887,216103887-1,18-24,Male,Black
13331,216103887,216103887-2,45-64,Male,Black
13332,216353082,216353082-1,25-44,Male,Black
13333,216692583,216692583-1,18-24,Male,Black
13334,216692583,216692583-2,18-24,Male,Black
13335,216745750,216745750-1,18-24,Male,Black
13336,216922897,216922897-2,25-44,Male,Black
13337,216927393,216927393-1,25-44,Male,Black
13338,216935791,216935791-1,25-44,Male,Black
13339,216935791,216935791-2,45-64,Male,Black
13340,217218952,217218952-1,25-44,Male,Black
13341,217218954,217218954-1,25-44,Male,Black
13342,217218954,217218954-2,25-44,Male,Black
13343,218161558,218161558-1,25-44,Male,Black
13344,218161558,218161558-2,18-24,Male,Black
13345,218161558,218161558-3,18-24,Male,Black
13346,218161558,218161558-4,18-24,Male,Black
13347,218161558,218161558-5,18-24,Male,White Hispanic
13348,218161558,218161558-6,18-24,Male,Black
13349,218161558,218161558-7,18-24,Male,Black
13350,219053258,219053258-1,18-24,Male,White Hispanic
13351,219106021,219106021-1,25-44,Male,Black
13352,219396171,219396171-1,18-24,Male,White Hispanic
13353,219696871,219696871-1,25-44,Male,Asian / Pacific Islander
13354,219862357,219862357-1,25-44,Male,Black
13355,221155217,221155217-1,25-44,Male,Black
13356,221215610,221215610-1,25-44,Male,Black
13357,221424825,221424825-1,25-44,Male,Black
13358,221513858,221513858-1,45-64,Male,White Hispanic
13359,221558816,221558816-1,18-24,Male,Black
13360,222165113,222165113-1,25-44,Male,Black
13361,222391347,222391347-1,25-44,Male,Black
13362,47792599,47792599-14795,Unknown,Unknown,Unknown
13363,47851710,47851710-14813,25-44,Male,Black
13364,47851710,47851710-14814,18-24,Male,Black
13365,47968436,47968436-14885,Unknown,Male,Black
13366,47968437,47968437-14866,Unknown,Unknown,Unknown
13367,48066962,48066962-14888,<18,Male,Black
13368,48521448,48521448-14994,Unknown,Unknown,Unknown
13369,49194498,49194498-15106,18-24,Male,Unknown
13370,49255322,49255322-15026,18-24,Male,Unknown
13371,49567918,49567918-15059,25-44,Male,Black
13372,49589384,49589384-15186,<18,Male,Black
13373,49863675,49863675-15090,Unknown,Male,Black
13374,49863678,49863678-15156,18-24,Male,Black
13375,49889743,49889743-15102,Unknown,Unknown,Unknown
13376,49935071,49935071-15118,Unknown,Male,Unknown
13377,50499448,50499448-15373,Unknown,Male,Black
13378,50521332,50521332-15265,25-44,Male,Black
13379,50521332,50521332-15266,25-44,Male,Black
13380,50685003,50685003-15321,Unknown,Male,Black
13381,51110045,51110045-15385,25-44,Male,Black
13382,51110050,51110050-15378,25-44,Male,Black
13383,51239107,51239107-15377,Unknown,Unknown,Unknown
13384,51359385,51359385-15396,25-44,Male,Black
13385,51412514,51412514-15405,45-64,Male,White
13386,51578432,51578432-15460,Unknown,Unknown,Unknown
13387,51599980,51599980-15469,Unknown,Unknown,Unknown
13388,51653744,51653744-15476,Unknown,Unknown,Unknown
13389,51724135,51724135-15491,18-24,Male,Black Hispanic
13390,51937549,51937549-15573,Unknown,Male,Black
13391,51937549,51937549-15574,Unknown,Male,Black
13392,51937549,51937549-15575,Unknown,Male,Black
13393,52100736,52100736-15651,<18,Male,Black Hispanic
13394,52100736,52100736-15661,18-24,Male,White Hispanic
13395,52409039,52409039-15697,25-44,Male,Black
13396,52468781,52468781-15686,Unknown,Male,Unknown
13397,52468781,52468781-15687,Unknown,Male,Unknown
13398,53785201,53785201-15755,25-44,Male,Black
13399,53912984,53912984-15778,45-64,Female,White Hispanic
13400,53912984,53912984-15779,25-44,Male,Black Hispanic
13401,53912984,53912984-15780,25-44,Male,Black Hispanic
13402,54154417,54154417-15832,18-24,Male,White Hispanic
13403,54154418,54154418-15834,Unknown,Male,Black
13404,54515431,54515431-15881,18-24,Male,White Hispanic
13405,54579984,54579984-15898,18-24,Male,Black
13406,54579988,54579988-15902,Unknown,Unknown,Unknown
13407,54696008,54696008-15929,Unknown,Male,Black
13408,54696008,54696008-16014,Unknown,Male,Black
13409,54810799,54810799-15952,18-24,Male,Black
13410,54810801,54810801-15949,Unknown,Unknown,Unknown
13411,55041875,55041875-15985,<18,Male,Black
13412,55064114,55064114-15995,18-24,Male,Black
13413,55082918,55082918-16003,Unknown,Male,Unknown
13414,55101052,55101052-15999,25-44,Male,Black
13415,55137456,55137456-15998,Unknown,Unknown,Unknown
13416,55195355,55195355-16021,Unknown,Unknown,Unknown
13417,55215083,55215083-16025,25-44,Male,Black
13418,55215083,55215083-16890,18-24,Male,Black
13419,55215083,55215083-17450,18-24,Male,Black
13420,55215083,55215083-17884,25-44,Male,Black
13421,55237633,55237633-16057,Unknown,Unknown,Unknown
13422,55256121,55256121-16052,Unknown,Unknown,Unknown
13423,55581509,55581509-16134,25-44,Male,Black
13424,55581511,55581511-16139,<18,Male,Black
13425,55699967,55699967-16147,18-24,Male,Black
13426,55699967,55699967-16185,18-24,Male,Black
13427,56020062,56020062-16194,25-44,Male,Black
13428,56662014,56662014-16276,18-24,Male,White Hispanic
13429,56662014,56662014-18320,25-44,Male,Black
13430,56662014,56662014-18321,18-24,Male,White Hispanic
13431,56662014,56662014-18322,18-24,Male,Black
13432,56662014,56662014-18323,18-24,Female,Black Hispanic
13433,56662014,56662014-18329,18-24,Male,Unknown
13434,57325752,57325752-16309,18-24,Male,Black
13435,57325752,57325752-16316,25-44,Male,Black
13436,58995644,58995644-16347,25-44,Male,Black
13437,59260539,59260539-16376,25-44,Male,White Hispanic
13438,59488166,59488166-16410,18-24,Male,Black
13439,59488167,59488167-16443,Unknown,Unknown,Unknown
13440,59801053,59801053-16524,18-24,Male,Asian / Pacific Islander
13441,60177688,60177688-16484,18-24,Male,White Hispanic
13442,60217267,60217267-16499,25-44,Male,White Hispanic
13443,60509646,60509646-16669,<18,Male,Black
13444,60865919,60865919-16554,25-44,Male,Black
13445,60924263,60924263-16566,Unknown,Unknown,Unknown
13446,60924263,60924263-16567,Unknown,Unknown,Unknown
13447,61144229,61144229-16632,Unknown,Unknown,Unknown
13448,61170269,61170269-16617,Unknown,Male,Black
13449,61170269,61170269-16618,Unknown,Male,Black
13450,61170269,61170269-16619,Unknown,Male,Black
13451,61193110,61193110-16605,Unknown,Male,Unknown
13452,61223902,61223902-16868,<18,Male,Black
13453,61745480,61745480-16724,Unknown,Male,Black
13454,61745480,61745480-16725,Unknown,Male,Black
13455,61803656,61803656-16731,Unknown,Male,Black
13456,61826977,61826977-16741,25-44,Male,Black Hispanic
13457,62058671,62058671-16795,18-24,Male,Black
13458,62060278,62060278-16769,25-44,Male,Black
13459,62060278,62060278-16770,Unknown,Male,Black
13460,62116327,62116327-16783,Unknown,Unknown,Unknown
13461,62242975,62242975-16828,<18,Male,Black
13462,62275546,62275546-16830,Unknown,Unknown,Unknown
13463,62355877,62355877-16854,Unknown,Unknown,Unknown
13464,62525250,62525250-16900,<18,Male,Black
13465,62525250,62525250-16901,<18,Male,Black
13466,62525250,62525250-16902,18-24,Male,Black
13467,62525250,62525250-16903,18-24,Male,Black
13468,62525250,62525250-16904,18-24,Male,Black
13469,62527402,62527402-16884,Unknown,Unknown,Unknown
13470,62792693,62792693-16957,18-24,Male,Black
13471,62792693,62792693-17447,18-24,Male,Black
13472,62947232,62947232-16972,18-24,Male,Black
13473,62947236,62947236-17452,18-24,Male,Black
13474,63140487,63140487-17007,Unknown,Unknown,Unknown
13475,63214334,63214334-17026,Unknown,Unknown,Unknown
13476,63256142,63256142-1,25-44,Male,Black
13477,63331113,63331113-17063,18-24,Male,Black
13478,63405885,63405885-17067,Unknown,Unknown,Unknown
13479,63429557,63429557-17072,Unknown,Male,Black
13480,63506643,63506643-17089,Unknown,Unknown,Unknown
13481,63656424,63656424-17104,25-44,Male,Black
13482,63656612,63656612-17115,Unknown,Unknown,Unknown
13483,63701930,63701930-17774,Unknown,Unknown,Unknown
13484,63736738,63736738-17130,Unknown,Unknown,Unknown
13485,63883953,63883953-17328,Unknown,Unknown,Unknown
13486,63906312,63906312-17151,Unknown,Unknown,Unknown
13487,64169804,64169804-17190,18-24,Male,White Hispanic
13488,64217296,64217296-17210,25-44,Male,Black
13489,64270904,64270904-17778,Unknown,Unknown,Unknown
13490,64298691,64298691-17223,18-24,Male,Black
13491,64298691,64298691-17538,18-24,Male,Black
13492,64318204,64318204-17243,Unknown,Unknown,Unknown
13493,64342939,64342939-17237,Unknown,Unknown,Unknown
13494,64344748,64344748-17278,Unknown,Unknown,Unknown
13495,64498548,64498548-17566,25-44,Male,Black
13496,64529969,64529969-17299,<18,Male,Black
13497,64554846,64554846-17298,Unknown,Unknown,Unknown
13498,64773332,64773332-17349,Unknown,Unknown,Unknown
13499,64773332,64773332-17350,Unknown,Unknown,Unknown
13500,64773498,64773498-17353,Unknown,Unknown,Unknown
13501,64804439,64804439-17366,25-44,Male,Black
13502,64855606,64855606-17505,18-24,Male,Black
13503,64857362,64857362-17372,Unknown,Unknown,Unknown
13504,64918202,64918202-17385,Unknown,Unknown,Unknown
13505,65197401,65197401-17424,Unknown,Male,Black
13506,65245691,65245691-17435,<18,Male,Black
13507,65403296,65403296-18184,25-44,Male,Black
13508,65430323,65430323-24906,18-24,Male,Black
13509,65443947,65443947-17459,Unknown,Unknown,Unknown
13510,65907092,65907092-17520,Unknown,Unknown,Unknown
13511,65953625,65953625-17525,Unknown,Unknown,Unknown
13512,66017110,66017110-17541,45-64,Male,Black
13513,66017111,66017111-17542,Unknown,Unknown,Unknown
13514,66017112,66017112-17543,18-24,Male,White Hispanic
13515,66170349,66170349-17709,18-24,Male,Black Hispanic
13516,66170349,66170349-17840,18-24,Male,Black
13517,66217186,66217186-17593,Unknown,Unknown,Unknown
13518,66350498,66350498-17611,Unknown,Unknown,Unknown
13519,66630083,66630083-17632,Unknown,Unknown,Unknown
13520,66984616,66984616-17776,18-24,Male,Black
13521,66984616,66984616-17821,18-24,Male,Black
13522,67359110,67359110-17755,Unknown,Unknown,Unknown
13523,67692447,67692447-17794,Unknown,Unknown,Unknown
13524,67718603,67718603-17795,Unknown,Unknown,Unknown
13525,67795518,67795518-17830,Unknown,Unknown,Unknown
13526,67825121,67825121-17818,Unknown,Male,Black
13527,67895117,67895117-17832,18-24,Male,Black
13528,67895117,67895117-17855,18-24,Male,Black
13529,67895117,67895117-17856,18-24,Male,Black
13530,67895117,67895117-17857,18-24,Male,Black
13531,67895117,67895117-17858,<18,Male,Black
13532,67926709,67926709-17843,Unknown,Unknown,Unknown
13533,67993064,67993064-17849,<18,Male,Black
13534,68080318,68080318-17873,Unknown,Unknown,Unknown
13535,68109557,68109557-17866,Unknown,Unknown,Unknown
13536,68250790,68250790-17894,Unknown,Unknown,Unknown
13537,69045874,69045874-17977,Unknown,Unknown,Unknown
13538,69165725,69165725-24922,18-24,Male,Black
13539,69453403,69453403-18039,25-44,Male,Black
13540,69729913,69729913-18520,18-24,Male,Black
13541,69729913,69729913-18521,25-44,Male,Black
13542,69764232,69764232-18074,18-24,Male,Black
13543,69942807,69942807-18106,Unknown,Male,Black
13544,69966130,69966130-18113,Unknown,Unknown,Unknown
13545,70874155,70874155-18136,25-44,Male,White Hispanic
13546,71115311,71115311-18188,Unknown,Unknown,Unknown
13547,71152635,71152635-18196,Unknown,Male,Black
13548,71258746,71258746-18213,Unknown,Male,Black
13549,71258746,71258746-18214,Unknown,Male,Black
13550,71325495,71325495-18226,<18,Male,White Hispanic
13551,71432863,71432863-18251,25-44,Male,White Hispanic
13552,71454850,71454850-18273,Unknown,Male,Black
13553,71644358,71644358-18469,25-44,Male,Black
13554,71644361,71644361-19835,18-24,Male,Black
13555,71644361,71644361-19836,18-24,Male,Black
13556,71701593,71701593-18415,25-44,Male,Asian / Pacific Islander
13557,71825654,71825654-18363,25-44,Male,Black
13558,71836064,71836064-18382,18-24,Male,Black
13559,71836064,71836064-18420,18-24,Male,Black
13560,71964846,71964846-18467,25-44,Male,Black
13561,71997656,71997656-18417,Unknown,Male,Black Hispanic
13562,72042976,72042976-18446,Unknown,Male,Black
13563,72058235,72058235-18447,18-24,Male,White Hispanic
13564,72058235,72058235-18448,18-24,Male,Black
13565,72058236,72058236-22519,18-24,Male,Black
13566,72069765,72069765-18427,Unknown,Unknown,Unknown
13567,72155701,72155701-18452,18-24,Male,Black
13568,72371102,72371102-18526,<18,Male,Black
13569,72744252,72744252-18850,25-44,Male,White Hispanic
13570,72839717,72839717-18677,18-24,Male,Black
13571,72939619,72939619-18689,25-44,Male,Black Hispanic
13572,72939622,72939622-18692,18-24,Male,Black
13573,72939622,72939622-18693,18-24,Male,Black
13574,72939622,72939622-18897,<18,Male,Black
13575,73003810,73003810-18704,18-24,Male,Black Hispanic
13576,73064786,73064786-18744,18-24,Male,White Hispanic
13577,73220802,73220802-18745,<18,Male,White Hispanic
13578,73325408,73325408-18962,<18,Male,Black
13579,73405393,73405393-18801,Unknown,Unknown,Unknown
13580,73405769,73405769-18837,Unknown,Unknown,Unknown
13581,73434155,73434155-18823,25-44,Male,Black
13582,73540600,73540600-18857,Unknown,Unknown,Unknown
13583,73583032,73583032-18870,18-24,Male,Black
13584,73726556,73726556-19317,25-44,Male,Black
13585,73921217,73921217-18983,18-24,Male,Black
13586,74001056,74001056-18994,Unknown,Male,Black
13587,74148454,74148454-19043,18-24,Male,Black
13588,74328806,74328806-19098,25-44,Male,Black
13589,74328806,74328806-19099,Unknown,Male,Black
13590,74445743,74445743-19140,25-44,Male,Black
13591,74550980,74550980-19175,25-44,Male,Black
13592,74560110,74560110-19180,18-24,Male,White Hispanic
13593,74664983,74664983-19207,Unknown,Male,Unknown
13594,74666850,74666850-19209,Unknown,Male,Black
13595,74666850,74666850-19210,Unknown,Male,Black
13596,74759369,74759369-19248,25-44,Male,White
13597,74895035,74895035-19282,<18,Male,Black
13598,74904553,74904553-19286,18-24,Male,Black
13599,74962970,74962970-19304,25-44,Male,Black
13600,74962970,74962970-19739,18-24,Male,Black
13601,75234024,75234024-19401,18-24,Male,Black
13602,75330408,75330408-19411,18-24,Female,Black
13603,75330408,75330408-19412,18-24,Male,Black
13604,75330408,75330408-19413,<18,Male,Black
13605,75345276,75345276-19432,Unknown,Male,Unknown
13606,75345276,75345276-19433,Unknown,Male,Unknown
13607,75477411,75477411-19455,Unknown,Male,Unknown
13608,75514615,75514615-19487,18-24,Male,Black
13609,75538352,75538352-19518,18-24,Male,White Hispanic
13610,75538563,75538563-19463,Unknown,Unknown,Unknown
13611,75584977,75584977-19472,<18,Male,Black
13612,75647143,75647143-19515,45-64,Male,Black Hispanic
13613,75647143,75647143-19516,25-44,Male,Black
13614,75673234,75673234-19490,Unknown,Male,White Hispanic
13615,76564805,76564805-19741,25-44,Male,Black
13616,76711341,76711341-19620,<18,Male,Black
13617,76786753,76786753-19635,Unknown,Unknown,Unknown
13618,76864987,76864987-19678,25-44,Male,Black
13619,76864987,76864987-19679,18-24,Male,Black
13620,76874352,76874352-19668,18-24,Male,Black
13621,76874352,76874352-19750,Unknown,Male,Black
13622,77019165,77019165-19694,25-44,Male,Black
13623,77034456,77034456-20872,18-24,Male,Black
13624,77246152,77246152-19745,<18,Male,Black
13625,77346305,77346305-19778,18-24,Male,Black Hispanic
13626,77469216,77469216-19807,25-44,Male,Black
13627,77584481,77584481-20345,25-44,Male,Black Hispanic
13628,77948170,77948170-19911,Unknown,Unknown,Unknown
13629,78130348,78130348-19936,<18,Male,Black Hispanic
13630,78139664,78139664-19969,25-44,Male,White Hispanic
13631,78148020,78148020-20218,18-24,Male,Black
13632,78313026,78313026-19986,18-24,Male,Black
13633,78452335,78452335-20015,18-24,Male,Black Hispanic
13634,78577020,78577020-20048,<18,Male,Black
13635,78577020,78577020-20049,18-24,Male,Black
13636,78638633,78638633-20063,Unknown,Male,Unknown
13637,78638633,78638633-20064,Unknown,Male,Unknown
13638,78638633,78638633-20065,Unknown,Female,Unknown
13639,78859474,78859474-20115,Unknown,Male,Black
13640,78859476,78859476-20117,Unknown,Male,Black
13641,78877237,78877237-20126,<18,Male,Black
13642,78877237,78877237-20127,<18,Male,Black
13643,79034821,79034821-20159,25-44,Male,Black
13644,79034822,79034822-20160,25-44,Male,Black
13645,79093080,79093080-20169,18-24,Male,Black
13646,79114905,79114905-20170,<18,Male,White Hispanic
13647,79114905,79114905-20172,<18,Male,White Hispanic
13648,79369560,79369560-20257,<18,Male,Black
13649,79719092,79719092-27349,25-44,Male,Black
13650,79853892,79853892-20374,25-44,Female,Black
13651,79853894,79853894-20598,25-44,Male,White Hispanic
13652,79853895,79853895-20415,25-44,Male,Black
13653,80037072,80037072-20529,25-44,Male,Black
13654,80100822,80100822-20553,18-24,Male,Black
13655,80559016,80559016-20631,18-24,Male,Black
13656,80559016,80559016-20632,Unknown,Male,Black
13657,80559016,80559016-20700,18-24,Male,Black
13658,80572285,80572285-20789,25-44,Male,Black
13659,80600110,80600110-20670,45-64,Male,Black
13660,80667641,80667641-20691,18-24,Male,Black Hispanic
13661,80667641,80667641-20692,18-24,Male,Black Hispanic
13662,80667641,80667641-20693,18-24,Male,Black Hispanic
13663,80667641,80667641-20694,<18,Male,Black Hispanic
13664,80667641,80667641-20704,18-24,Male,Black Hispanic
13665,80799302,80799302-20725,Unknown,Unknown,Unknown
13666,80882603,80882603-20766,18-24,Male,Black Hispanic
13667,80990271,80990271-20799,18-24,Male,Black
13668,81042175,81042175-20813,18-24,Male,Asian / Pacific Islander
13669,81138894,81138894-20962,25-44,Male,Black
13670,81286092,81286092-20873,<18,Male,Black
13671,81308610,81308610-20889,18-24,Male,White Hispanic
13672,81308610,81308610-20890,18-24,Male,White Hispanic
13673,81308610,81308610-20896,<18,Male,White Hispanic
13674,81328637,81328637-20932,25-44,Male,Black
13675,81610457,81610457-20955,<18,Male,Black
13676,81610457,81610457-20956,<18,Male,Black Hispanic
13677,81619753,81619753-21083,<18,Male,Black
13678,82027582,82027582-21034,45-64,Male,White
13679,82058169,82058169-21045,25-44,Male,White Hispanic
13680,82090979,82090979-21282,18-24,Male,Black
13681,82140942,82140942-21058,25-44,Male,Black
13682,82485719,82485719-21157,18-24,Female,Black Hispanic
13683,82485719,82485719-21158,18-24,Male,Black Hispanic
13684,82485719,82485719-21159,18-24,Male,Black
13685,82517243,82517243-21431,18-24,Male,Black Hispanic
13686,82821460,82821460-21210,<18,Male,White Hispanic
13687,82821460,82821460-21211,18-24,Male,Black
13688,82821460,82821460-21518,18-24,Male,Black
13689,83064594,83064594-22073,<18,Male,Black
13690,83141833,83141833-21279,45-64,Male,Black
13691,83656582,83656582-21405,18-24,Male,Black
13692,83656582,83656582-21406,25-44,Male,Black
13693,84205616,84205616-21469,18-24,Male,Black
13694,84205616,84205616-21512,<18,Male,Black
13695,84255208,84255208-21480,18-24,Male,Black Hispanic
13696,84452516,84452516-22139,25-44,Male,Black
13697,84452517,84452517-21520,18-24,Male,Black
13698,84829164,84829164-21593,25-44,Male,Black
13699,85040124,85040124-21685,25-44,Male,White Hispanic
13700,85040124,85040124-21785,18-24,Male,White Hispanic
13701,85170715,85170715-22556,18-24,Male,Black
13702,85326196,85326196-21781,<18,Male,Black
13703,85643658,85643658-22075,18-24,Male,Black
13704,85705048,85705048-21783,<18,Male,Black
13705,85854720,85854720-21826,25-44,Male,Black
13706,85977416,85977416-22689,25-44,Male,White Hispanic
13707,85992747,85992747-23131,25-44,Male,Black
13708,85992747,85992747-23132,25-44,Male,Black
13709,86046520,86046520-21899,25-44,Male,Black
13710,86067428,86067428-22476,45-64,Male,White
13711,86324803,86324803-1,25-44,Male,Black
13712,86415277,86415277-22176,18-24,Male,Black
13713,86415277,86415277-22213,<18,Male,Black
13714,86437261,86437261-21965,25-44,Male,Black
13715,86626274,86626274-21991,18-24,Male,Black
13716,87052744,87052744-22424,25-44,Male,Black
13717,87068315,87068315-22146,18-24,Male,Black
13718,87213449,87213449-22106,25-44,Male,Black
13719,87215149,87215149-22156,18-24,Male,Black
13720,87640228,87640228-22207,18-24,Male,Black
13721,87640228,87640228-22208,<18,Male,Black
13722,87640228,87640228-22209,18-24,Male,Black
13723,87804363,87804363-22429,25-44,Male,Black
13724,87915624,87915624-22487,18-24,Male,Black
13725,88037030,88037030-22263,18-24,Male,White Hispanic
13726,88254246,88254246-22311,25-44,Male,White Hispanic
13727,88254246,88254246-22312,18-24,Male,Black Hispanic
13728,88842773,88842773-22578,18-24,Male,Black
13729,88890624,88890624-22423,18-24,Male,Black Hispanic
13730,88890624,88890624-22425,25-44,Male,White Hispanic
13731,88890624,88890624-22426,25-44,Male,Black Hispanic
13732,88912697,88912697-22439,25-44,Male,Black
13733,89024536,89024536-22445,25-44,Male,Black
13734,89047360,89047360-22493,18-24,Male,Black
13735,89514645,89514645-1,25-44,Male,White Hispanic
13736,89514645,89514645-2,25-44,Male,White Hispanic
13737,89514645,89514645-3,25-44,Male,White Hispanic
13738,89514645,89514645-22527,25-44,Male,Black Hispanic
13739,89514645,89514645-22528,25-44,Male,White Hispanic
13740,89514645,89514645-22529,18-24,Male,Black
13741,89514645,89514645-22531,25-44,Male,White Hispanic
13742,90212418,90212418-22643,25-44,Male,Black
13743,90243746,90243746-22630,25-44,Male,Black
13744,90905822,90905822-24107,18-24,Male,White Hispanic
13745,90905822,90905822-24108,18-24,Male,Black
13746,91329397,91329397-22787,25-44,Male,White
13747,91404976,91404976-22810,18-24,Male,Black
13748,91551821,91551821-22816,18-24,Male,Black
13749,91551821,91551821-22817,18-24,Male,Black
13750,91551821,91551821-22818,18-24,Male,Black
13751,91612687,91612687-24647,25-44,Male,Black
13752,91727927,91727927-22839,18-24,Male,Black
13753,91728834,91728834-22840,<18,Male,Black
13754,91852604,91852604-22862,18-24,Male,White Hispanic
13755,92417482,92417482-22951,Unknown,Unknown,Unknown
13756,92500638,92500638-23007,25-44,Male,Black
13757,92821503,92821503-23206,18-24,Male,Black
13758,92827424,92827424-23034,<18,Male,Black
13759,93031135,93031135-23056,18-24,Male,White Hispanic
13760,93164826,93164826-23078,18-24,Male,Black
13761,93645906,93645906-23310,18-24,Male,Black
13762,93726280,93726280-23204,18-24,Male,Black
13763,93804399,93804399-23172,25-44,Male,Black
13764,94267635,94267635-23268,25-44,Male,Black
13765,94522792,94522792-23604,25-44,Male,Black
13766,94549156,94549156-23334,25-44,Male,Black
13767,94549156,94549156-23335,25-44,Male,Black
13768,94814972,94814972-23355,Unknown,Unknown,Unknown
13769,94977263,94977263-23386,18-24,Male,Black
13770,95318078,95318078-23447,18-24,Male,Black
13771,95364609,95364609-23431,<18,Male,White Hispanic
13772,95504867,95504867-23483,18-24,Male,Black
13773,109355509,109355509-23482,18-24,Male,Black
13774,109520786,109520786-23653,<18,Male,Black
13775,109564527,109564527-23581,18-24,Male,Black
13776,109583823,109583823-23533,18-24,Male,Black Hispanic
13777,136393518,136393518-23542,<18,Male,White Hispanic
13778,136687485,136687485-23619,25-44,Male,Black
13779,137123839,137123839-23666,18-24,Male,Black
13780,137354523,137354523-23694,18-24,Male,Black
13781,137354523,137354523-23709,18-24,Male,Black
13782,137354523,137354523-23710,18-24,Male,Black
13783,137354523,137354523-26277,18-24,Male,Black
13784,137417070,137417070-23861,18-24,Male,Black Hispanic
13785,138256210,138256210-23816,45-64,Male,White
13786,138344323,138344323-23850,18-24,Male,White Hispanic
13787,138344323,138344323-23911,18-24,Male,Black
13788,138373702,138373702-23885,18-24,Male,Black
13789,138482196,138482196-23869,18-24,Male,Black
13790,138646394,138646394-23908,18-24,Female,Black
13791,138817077,138817077-24180,25-44,Male,Black
13792,138857113,138857113-23940,18-24,Male,White Hispanic
13793,139003122,139003122-23967,25-44,Male,Black
13794,139135932,139135932-23991,18-24,Male,Black
13795,139136786,139136786-24119,25-44,Male,Black
13796,139381359,139381359-24009,18-24,Male,Black
13797,139506239,139506239-24083,25-44,Male,Black
13798,139654790,139654790-24052,18-24,Male,Black
13799,139654790,139654790-24053,18-24,Male,Black Hispanic
13800,139849528,139849528-24096,18-24,Male,Black
13801,140206560,140206560-24154,18-24,Male,Black
13802,140286502,140286502-24214,<18,Male,White Hispanic
13803,140838895,140838895-24286,18-24,Male,Black
13804,141042044,141042044-24311,25-44,Male,Black
13805,141078845,141078845-26051,25-44,Male,White Hispanic
13806,141245447,141245447-1,25-44,Male,Unknown
13807,141310963,141310963-24942,18-24,Male,Black
13808,141435891,141435891-24956,18-24,Male,Black
13809,141546442,141546442-24388,18-24,Male,Black
13810,141562036,141562036-25605,<18,Male,Black
13811,141562036,141562036-25606,18-24,Male,Black
13812,141562036,141562036-25607,18-24,Male,Black
13813,141562036,141562036-25608,18-24,Male,Black
13814,141562036,141562036-25609,18-24,Male,Black
13815,141562036,141562036-25610,18-24,Male,Black
13816,141562036,141562036-25611,18-24,Male,Black
13817,141562036,141562036-25612,18-24,Male,Black
13818,141562036,141562036-25613,18-24,Male,Black
13819,141562036,141562036-25614,18-24,Male,Black
13820,141562615,141562615-24950,<18,Female,White Hispanic
13821,141680564,141680564-24943,18-24,Male,Black
13822,141680564,141680564-24949,18-24,Male,Black
13823,141680564,141680564-26643,18-24,Male,Black
13824,141680565,141680565-24858,18-24,Male,Black
13825,141680565,141680565-24859,25-44,Male,Black
13826,141680565,141680565-24940,25-44,Female,Black
13827,141903738,141903738-25004,18-24,Male,Black
13828,142169533,142169533-25932,25-44,Male,Black
13829,142795072,142795072-24651,25-44,Male,Black
13830,142795072,142795072-25208,25-44,Male,Black
13831,142961420,142961420-24608,25-44,Male,White Hispanic
13832,143194094,143194094-24510,45-64,Male,Black
13833,143249419,143249419-24635,25-44,Male,Black
13834,143249419,143249419-24636,25-44,Male,Black
13835,143334354,143334354-24538,<18,Male,Black
13836,143415162,143415162-24533,18-24,Male,Black
13837,144240974,144240974-24900,18-24,Male,Black
13838,144425809,144425809-24639,25-44,Male,White Hispanic
13839,144427446,144427446-24626,25-44,Male,Black
13840,145097421,145097421-24700,25-44,Male,White Hispanic
13841,145594923,145594923-24877,25-44,Male,Black
13842,145778394,145778394-24780,25-44,Male,Black
13843,145872191,145872191-25193,25-44,Male,Black
13844,146477559,146477559-24971,18-24,Male,Black
13845,146659232,146659232-1,25-44,Male,Black
13846,146659232,146659232-2,25-44,Male,Black
13847,148436844,148436844-25142,25-44,Male,Black
13848,148705835,148705835-25237,18-24,Male,Black
13849,148712779,148712779-25141,25-44,Male,Black
13850,148865204,148865204-25106,25-44,Male,Black
13851,148865204,148865204-25117,25-44,Male,Black
13852,148922896,148922896-25134,18-24,Male,Black
13853,149231826,149231826-25144,25-44,Male,Black
13854,150544021,150544021-25214,25-44,Male,Black
13855,151729423,151729423-25330,25-44,Male,Black
13856,152007174,152007174-25342,18-24,Male,Black
13857,152007174,152007174-25370,18-24,Male,Black
13858,152662567,152662567-25662,25-44,Male,Black
13859,152876301,152876301-25409,25-44,Male,Black
13860,153710640,153710640-25464,25-44,Male,Black
13861,153710640,153710640-25465,18-24,Male,Black
13862,153724450,153724450-25643,25-44,Male,Black Hispanic
13863,153907002,153907002-25484,<18,Male,Black Hispanic
13864,154254813,154254813-25827,18-24,Male,Black
13865,154496698,154496698-25533,45-64,Male,White
13866,154584991,154584991-26576,18-24,Male,Black
13867,154584991,154584991-26577,18-24,Male,Black
13868,154584991,154584991-26591,18-24,Male,Black
13869,154584994,154584994-26574,18-24,Male,Black
13870,154584994,154584994-26575,18-24,Male,Black
13871,154584994,154584994-26588,18-24,Male,Black
13872,154584997,154584997-25627,18-24,Male,Black
13873,155169125,155169125-25576,<18,Male,Black
13874,155176039,155176039-25586,25-44,Male,White Hispanic
13875,155552966,155552966-26177,25-44,Male,Black
13876,155775754,155775754-25657,25-44,Male,Black
13877,155890467,155890467-1,18-24,Male,White Hispanic
13878,155987546,155987546-25681,25-44,Male,Black Hispanic
13879,156245998,156245998-25688,18-24,Male,White Hispanic
13880,156245998,156245998-25689,25-44,Male,Black Hispanic
13881,156430716,156430716-25751,25-44,Male,White Hispanic
13882,156521265,156521265-25995,25-44,Male,Black
13883,157235073,157235073-25789,45-64,Male,Black
13884,157269918,157269918-25804,25-44,Male,Black
13885,157587353,157587353-25831,18-24,Male,Black
13886,158128950,158128950-25888,25-44,Male,Black
13887,158767862,158767862-25985,25-44,Male,Black
13888,158832609,158832609-25991,25-44,Male,White Hispanic
13889,159324213,159324213-25978,45-64,Male,Black
13890,159524940,159524940-26043,18-24,Male,White Hispanic
13891,159681480,159681480-26072,25-44,Male,Black Hispanic
13892,160231031,160231031-26180,18-24,Male,Black
13893,160296909,160296909-26054,25-44,Male,White Hispanic
13894,160509026,160509026-26065,18-24,Male,Black
13895,161644001,161644001-26122,25-44,Male,Black
13896,161657603,161657603-26114,25-44,Male,Black
13897,161953596,161953596-26136,25-44,Male,Black
13898,162792029,162792029-26194,25-44,Male,White
13899,163025374,163025374-26239,18-24,Male,Black
13900,163178331,163178331-26216,25-44,Male,Black Hispanic
13901,163401572,163401572-26226,25-44,Male,Black
13902,164084001,164084001-26350,25-44,Male,Black
13903,164301441,164301441-26282,25-44,Male,Black
13904,164337368,164337368-26287,45-64,Male,Black
13905,165014942,165014942-26370,18-24,Male,White Hispanic
13906,165014942,165014942-26371,25-44,Male,White Hispanic
13907,165252468,165252468-26355,18-24,Male,Black
13908,165252468,165252468-26356,18-24,Male,White
13909,165252468,165252468-26357,18-24,Male,Black
13910,165653019,165653019-26385,18-24,Male,Black
13911,165653019,165653019-26386,18-24,Male,Black
13912,166152717,166152717-26461,18-24,Male,Black
13913,166352787,166352787-26434,25-44,Male,Black
13914,166352787,166352787-26516,25-44,Unknown,Unknown
13915,166966872,166966872-26513,45-64,Male,Black
13916,166966872,166966872-26514,45-64,Male,Black
13917,166966872,166966872-26561,45-64,Male,Black
13918,167710472,167710472-26545,18-24,Male,Black
13919,167960378,167960378-26562,18-24,Male,Black
13920,168152714,168152714-26593,18-24,Male,Black
13921,168152714,168152714-26594,18-24,Male,Black
13922,168306277,168306277-26595,18-24,Male,White Hispanic
13923,168306287,168306287-26572,18-24,Male,Black
13924,168757750,168757750-26618,25-44,Male,Asian / Pacific Islander
13925,168762133,168762133-26664,25-44,Male,White Hispanic
13926,169080197,169080197-26622,25-44,Male,Black
13927,169080197,169080197-26623,18-24,Female,Black Hispanic
13928,169080197,169080197-26625,25-44,Female,Black
13929,170073320,170073320-27293,18-24,Male,Black
13930,170435757,170435757-26878,25-44,Male,White Hispanic
13931,170436086,170436086-26762,18-24,Male,Black
13932,170873191,170873191-26811,25-44,Male,Black
13933,170873193,170873193-26798,18-24,Male,Black
13934,171692496,171692496-26809,18-24,Male,White Hispanic
13935,172750202,172750202-26885,25-44,Male,White Hispanic
13936,172915169,172915169-26867,25-44,Male,White Hispanic
13937,174146095,174146095-26933,18-24,Male,Black
13938,176173046,176173046-27031,25-44,Male,Black
13939,176380207,176380207-1,45-64,Male,Black
13940,178067387,178067387-27087,25-44,Male,White
13941,178067387,178067387-27088,25-44,Male,White
13942,178115696,178115696-27066,18-24,Male,Black
13943,178393484,178393484-27078,18-24,Male,Black
13944,178393484,178393484-27079,25-44,Male,Black
13945,178393484,178393484-27080,25-44,Male,Black
13946,178740661,178740661-27097,45-64,Male,White Hispanic
13947,183308090,183308090-27177,18-24,Male,Black
13948,183583892,183583892-1,18-24,Male,Black Hispanic
13949,184058460,184058460-27250,25-44,Male,Black
13950,184246882,184246882-27237,45-64,Male,Black
13951,184396809,184396809-27252,18-24,Male,Black Hispanic
13952,184630196,184630196-27258,25-44,Male,White Hispanic
13953,184779102,184779102-27275,25-44,Male,Black
13954,185760787,185760787-1,18-24,Male,Black
13955,185760787,185760787-2,18-24,Male,Black
13956,186047186,186047186-27356,25-44,Male,White Hispanic
13957,186092237,186092237-1,25-44,Male,Black
13958,186239403,186239403-27365,<18,Male,Black
13959,186329304,186329304-27368,25-44,Male,Black
13960,186329306,186329306-27373,25-44,Male,White Hispanic
13961,186514854,186514854-1,25-44,Male,Black
13962,186606271,186606271-1,18-24,Male,Asian / Pacific Islander
13963,187303214,187303214-1,18-24,Male,White Hispanic
13964,188024180,188024180-1,25-44,Male,Black
13965,188483689,188483689-1,25-44,Male,Black
13966,189311506,189311506-1,18-24,Male,Black
13967,189867542,189867542-1,25-44,Male,Black
13968,193462348,193462348-1,25-44,Male,Asian / Pacific Islander
13969,193694862,193694862-1,18-24,Male,Black
13970,195799804,195799804-1,25-44,Male,White Hispanic
13971,196145427,196145427-1,25-44,Male,Black
13972,196375777,196375777-1,25-44,Male,Black
13973,197655792,197655792-1,<18,Male,Unknown
13974,197660700,197660700-1,<18,Male,Black
13975,197953469,197953469-1,45-64,Male,White Hispanic
13976,198159773,198159773-1,25-44,Male,Black
13977,198255458,198255458-1,<18,Male,Black
13978,198760073,198760073-1,25-44,Male,Black Hispanic
13979,199134401,199134401-1,25-44,Male,White Hispanic
13980,199900181,199900181-1,18-24,Male,Black
13981,200365037,200365037-1,25-44,Male,White Hispanic
13982,200365037,200365037-2,25-44,Male,White Hispanic
13983,201141630,201141630-1,18-24,Male,White Hispanic
13984,204039257,204039257-1,25-44,Male,White Hispanic
13985,204338717,204338717-1,<18,Male,Black
13986,204434561,204434561-1,25-44,Female,Black
13987,204434561,204434561-2,25-44,Male,Black
13988,204434561,204434561-4,25-44,Female,Black
13989,205177554,205177554-1,25-44,Male,Black Hispanic
13990,205177554,205177554-2,45-64,Male,Black Hispanic
13991,206873686,206873686-1,25-44,Male,Black
13992,206931576,206931576-1,18-24,Male,Black
13993,206931576,206931576-2,18-24,Male,Black
13994,206931576,206931576-3,18-24,Male,Black
13995,206931576,206931576-4,18-24,Male,Black
13996,208437742,208437742-1,18-24,Male,Black Hispanic
13997,208899477,208899477-1,<18,Male,Black
13998,209098666,209098666-1,18-24,Male,Black Hispanic
13999,209747703,209747703-1,18-24,Male,Black
14000,209808543,209808543-1,25-44,Male,Black
14001,210707457,210707457-1,25-44,Male,Black Hispanic
14002,210707457,210707457-2,25-44,Male,White Hispanic
14003,210826747,210826747-1,18-24,Male,White Hispanic
14004,210826747,210826747-2,18-24,Male,Black Hispanic
14005,211066099,211066099-1,25-44,Male,Black
14006,211362503,211362503-1,18-24,Male,Black
14007,211362503,211362503-2,25-44,Male,Black
14008,211362503,211362503-3,<18,Male,Black
14009,211362503,211362503-4,25-44,Male,Black
14010,211671833,211671833-1,45-64,Male,White Hispanic
14011,212017047,212017047-1,18-24,Male,Black
14012,212132075,212132075-1,25-44,Male,Black
14013,212169711,212169711-1,25-44,Male,White Hispanic
14014,212169711,212169711-2,25-44,Male,Black Hispanic
14015,212169711,212169711-3,25-44,Male,White Hispanic
14016,212169711,212169711-4,25-44,Male,Black
14017,212640103,212640103-1,25-44,Male,Black
14018,212640103,212640103-2,25-44,Male,Black
14019,213335681,213335681-1,25-44,Male,Black Hispanic
14020,213529527,213529527-1,18-24,Male,Black
14021,213529527,213529527-2,18-24,Male,Black
14022,213748382,213748382-1,25-44,Male,Black
14023,214214864,214214864-1,<18,Male,White Hispanic
14024,214562241,214562241-1,18-24,Male,Black
14025,214562241,214562241-2,25-44,Male,Black
14026,214693505,214693505-1,45-64,Male,Black
14027,214693791,214693791-1,18-24,Male,Black
14028,214930493,214930493-1,25-44,Male,Black
14029,214948381,214948381-1,18-24,Male,Black
14030,214948381,214948381-2,18-24,Male,Black
14031,214948381,214948381-3,25-44,Male,Black
14032,215475757,215475757-1,45-64,Male,Black
14033,215871905,215871905-1,18-24,Male,Black
14034,215973094,215973094-1,25-44,Male,Black
14035,216458808,216458808-1,18-24,Male,Black
14036,216458808,216458808-2,18-24,Male,White Hispanic
14037,216646420,216646420-1,25-44,Male,Black
14038,217410680,217410680-1,45-64,Male,Black
14039,217663594,217663594-1,25-44,Male,Black
14040,217663594,217663594-2,25-44,Male,Black
14041,217987654,217987654-1,<18,Male,Black
14042,218321577,218321577-1,25-44,Male,Black
14043,218321577,218321577-2,18-24,Male,White Hispanic
14044,218418261,218418261-1,25-44,Male,Black
14045,218559951,218559951-1,18-24,Male,Black
14046,218560117,218560117-1,25-44,Male,Black Hispanic
14047,218560117,218560117-2,25-44,Male,Black Hispanic
14048,218777492,218777492-1,25-44,Female,Black
14049,218777494,218777494-1,18-24,Male,Black Hispanic
14050,219293605,219293605-1,25-44,Male,White Hispanic
14051,219293605,219293605-2,18-24,Male,White Hispanic
14052,219560150,219560150-1,25-44,Male,White Hispanic
14053,220002825,220002825-1,25-44,Male,White Hispanic
14054,220002825,220002825-2,25-44,Male,White Hispanic
14055,220002825,220002825-3,18-24,Male,White Hispanic
14056,220154694,220154694-1,18-24,Male,Black
14057,220154694,220154694-2,18-24,Male,Black
14058,220162518,220162518-1,18-24,Male,Black Hispanic
14059,220229020,220229020-1,25-44,Male,Black
14060,220229020,220229020-2,18-24,Male,Black
14061,220229020,220229020-3,18-24,Male,Black
14062,220294219,220294219-1,25-44,Male,Black
14063,220294219,220294219-2,25-44,Male,Black
14064,220294219,220294219-3,18-24,Male,Black
14065,220294219,220294219-4,18-24,Male,Black
14066,220294219,220294219-5,18-24,Male,Black
14067,220354055,220354055-1,25-44,Male,Black
14068,220408103,220408103-1,25-44,Male,Black
14069,220553699,220553699-1,25-44,Male,Black
14070,221025258,221025258-1,25-44,Male,Black
14071,221448039,221448039-1,45-64,Male,Black
14072,221490197,221490197-1,18-24,Male,Black
14073,221931803,221931803-1,25-44,Male,Black
14074,221940310,221940310-1,18-24,Male,Black
14075,222391345,222391345-1,<18,Male,Black Hispanic
14076,222848394,222848394-1,25-44,Male,White Hispanic
14077,222860151,222860151-1,25-44,Male,Black
14078,222861948,222861948-1,25-44,Male,Black
14079,222989905,222989905-1,18-24,Male,Black
14080,222989906,222989906-1,18-24,Male,Black
14081,223505519,223505519-1,18-24,Male,White Hispanic
14082,224412024,224412024-1,18-24,Male,White Hispanic
14083,224412024,224412024-2,<18,Male,Black Hispanic
14084,225385469,225385469-1,25-44,Male,Black
14085,225385469,225385469-2,25-44,Male,Black
14086,225620485,225620485-1,18-24,Male,Black
14087,225620485,225620485-2,18-24,Male,Black
14088,225620485,225620485-3,25-44,Male,White Hispanic
14089,226204062,226204062-1,25-44,Male,Black
14090,226233403,226233403-1,25-44,Male,Black
14091,226233403,226233403-2,25-44,Male,Black
14092,226503935,226503935-1,18-24,Male,Black
14093,226503935,226503935-2,18-24,Male,Black
14094,226654026,226654026-1,18-24,Male,Black
14095,226705224,226705224-1,18-24,Male,Black
14096,227221321,227221321-1,45-64,Male,Black
14097,227344202,227344202-1,25-44,Male,Black
14098,227384587,227384587-1,18-24,Male,Black
14099,227950669,227950669-1,25-44,Male,Black
14100,228049712,228049712-1,25-44,Male,Black
14101,228162837,228162837-1,25-44,Male,Black
14102,54579983,54579983-15895,Unknown,Male,Black
14103,54610398,54610398-15903,Unknown,Male,Black
14104,54878644,54878644-15958,18-24,Male,White
14105,54896025,54896025-15962,25-44,Male,Black
14106,54896025,54896025-16004,18-24,Male,Black
14107,54896025,54896025-16005,Unknown,Female,Black
14108,54915040,54915040-15964,18-24,Male,Black
14109,54968481,54968481-15974,Unknown,Unknown,Unknown
14110,54997435,54997435-15984,<18,Male,White Hispanic
14111,55159177,55159177-16067,25-44,Male,Black Hispanic
14112,55177454,55177454-16056,25-44,Male,Black
14113,55177455,55177455-16017,45-64,Male,Black
14114,55299654,55299654-16080,<18,Male,Black Hispanic
14115,55346828,55346828-16095,18-24,Male,Black
14116,55412130,55412130-16102,18-24,Male,Black
14117,55581510,55581510-16138,25-44,Male,Black
14118,55953376,55953376-16192,Unknown,Male,White Hispanic
14119,55953376,55953376-16214,Unknown,Male,Black
14120,56118629,56118629-16237,18-24,Male,Black
14121,56290944,56290944-16255,Unknown,Male,Unknown
14122,56290944,56290944-16256,Unknown,Male,Unknown
14123,56290944,56290944-16257,Unknown,Male,Unknown
14124,57325749,57325749-16310,Unknown,Male,Black
14125,58949177,58949177-16331,<18,Male,Black
14126,59090171,59090171-16397,25-44,Male,Black
14127,59146533,59146533-16358,18-24,Male,Black
14128,59218195,59218195-16374,Unknown,Male,Black
14129,59778164,59778164-16453,Unknown,Unknown,Unknown
14130,60025217,60025217-16468,Unknown,Unknown,Unknown
14131,60097570,60097570-16476,25-44,Female,Black
14132,60097572,60097572-16501,18-24,Male,Black
14133,60272799,60272799-16505,18-24,Male,Black
14134,60291490,60291490-16534,Unknown,Unknown,Unknown
14135,60828827,60828827-16550,Unknown,Unknown,Unknown
14136,61098689,61098689-16674,18-24,Male,Black
14137,61259176,61259176-16627,18-24,Male,Black
14138,61745482,61745482-16747,25-44,Male,Asian / Pacific Islander
14139,61826980,61826980-16746,Unknown,Male,Black
14140,61961053,61961053-24149,25-44,Male,Black
14141,61961053,61961053-25049,25-44,Male,Black
14142,62172458,62172458-16797,25-44,Male,White Hispanic
14143,62267915,62267915-16835,18-24,Male,Black
14144,62267915,62267915-16849,Unknown,Unknown,Unknown
14145,62355875,62355875-16853,Unknown,Unknown,Unknown
14146,62599780,62599780-16891,Unknown,Male,Black
14147,62599780,62599780-16892,Unknown,Male,Black
14148,62696682,62696682-16921,25-44,Female,Black
14149,62696682,62696682-17694,45-64,Male,Black
14150,62746077,62746077-16945,18-24,Male,Black
14151,62746077,62746077-18540,18-24,Male,Black
14152,62883996,62883996-16966,25-44,Male,Black
14153,63189240,63189240-17017,Unknown,Unknown,Unknown
14154,63256303,63256303-17033,Unknown,Unknown,Unknown
14155,63381854,63381854-17438,18-24,Male,Black
14156,63381856,63381856-17075,25-44,Male,Black
14157,63437179,63437179-17081,Unknown,Unknown,Unknown
14158,63481529,63481529-17197,Unknown,Unknown,Unknown
14159,63634028,63634028-17120,Unknown,Unknown,Unknown
14160,63656608,63656608-17111,Unknown,Male,Black
14161,63656615,63656615-17121,Unknown,Unknown,Unknown
14162,63814931,63814931-17138,25-44,Male,Black Hispanic
14163,63839217,63839217-17216,18-24,Male,Black
14164,64005889,64005889-17163,25-44,Male,Black
14165,64005889,64005889-17164,Unknown,Male,Black
14166,64007629,64007629-17261,18-24,Male,Black
14167,64081522,64081522-17171,25-44,Male,Black Hispanic
14168,64169807,64169807-17195,18-24,Male,Black
14169,64297168,64297168-17219,Unknown,Unknown,Unknown
14170,64299325,64299325-17224,Unknown,Male,Black
14171,64318223,64318223-17227,18-24,Male,Black
14172,64318223,64318223-17403,<18,Male,Black
14173,64318223,64318223-17404,18-24,Male,Black
14174,64318223,64318223-17489,18-24,Male,Black
14175,64342771,64342771-18181,18-24,Male,Black
14176,64342937,64342937-17235,Unknown,Unknown,Unknown
14177,64479271,64479271-17284,25-44,Male,Black
14178,64486878,64486878-17507,25-44,Male,Black
14179,64753719,64753719-17364,Unknown,Unknown,Unknown
14180,64774991,64774991-17355,25-44,Male,Black
14181,64774991,64774991-17356,Unknown,Male,Black
14182,64880432,64880432-17375,Unknown,Unknown,Unknown
14183,65464023,65464023-17462,Unknown,Unknown,Unknown
14184,65464023,65464023-17557,Unknown,Unknown,Unknown
14185,65928470,65928470-18400,18-24,Male,White Hispanic
14186,65929559,65929559-17533,Unknown,Unknown,Unknown
14187,66075680,66075680-18115,18-24,Male,Black
14188,66171966,66171966-18031,18-24,Male,Black
14189,66223342,66223342-17594,Unknown,Male,Black
14190,66376793,66376793-17799,Unknown,Unknown,Unknown
14191,66457982,66457982-17642,Unknown,Unknown,Unknown
14192,66461587,66461587-17740,Unknown,Unknown,Unknown
14193,66486570,66486570-17675,25-44,Male,Black
14194,66709780,66709780-17640,Unknown,Unknown,Unknown
14195,66858082,66858082-17682,Unknown,Unknown,Unknown
14196,66871427,66871427-17677,45-64,Male,Black
14197,66984617,66984617-17705,18-24,Male,White Hispanic
14198,67082332,67082332-17721,Unknown,Unknown,Unknown
14199,67131201,67131201-17729,Unknown,Unknown,Unknown
14200,67131202,67131202-17714,25-44,Male,Black
14201,67131202,67131202-17715,25-44,Male,Black
14202,67156674,67156674-17717,18-24,Male,White Hispanic
14203,67162976,67162976-17726,<18,Male,Black
14204,67237931,67237931-17739,Unknown,Unknown,Unknown
14205,67334983,67334983-17751,Unknown,Unknown,Unknown
14206,67340213,67340213-17766,18-24,Male,Black
14207,67486697,67486697-17777,18-24,Male,Black
14208,67793823,67793823-17803,Unknown,Unknown,Unknown
14209,67876746,67876746-17823,25-44,Male,Black
14210,67919618,67919618-17844,Unknown,Unknown,Unknown
14211,68230899,68230899-17915,Unknown,Unknown,Unknown
14212,68566525,68566525-17930,Unknown,Unknown,Unknown
14213,68566528,68566528-17933,Unknown,Unknown,Unknown
14214,68760844,68760844-22244,25-44,Male,Black
14215,68806068,68806068-17957,Unknown,Unknown,Unknown
14216,69027035,69027035-17976,18-24,Male,Black
14217,69129434,69129434-17985,Unknown,Male,Black
14218,69248521,69248521-18007,18-24,Male,White Hispanic
14219,69526299,69526299-18041,45-64,Male,White Hispanic
14220,69576831,69576831-18056,25-44,Male,Black
14221,69861187,69861187-18087,Unknown,Unknown,Unknown
14222,69880942,69880942-18095,25-44,Male,Black
14223,70876133,70876133-18135,18-24,Male,Unknown
14224,71054060,71054060-18157,Unknown,Unknown,Unknown
14225,71054062,71054062-18160,Unknown,Unknown,Unknown
14226,71407337,71407337-18242,25-44,Male,Black
14227,71454845,71454845-18253,Unknown,Unknown,Unknown
14228,71588015,71588015-18283,18-24,Male,Black Hispanic
14229,71588015,71588015-18284,18-24,Male,White Hispanic
14230,71588015,71588015-18285,18-24,Male,White Hispanic
14231,71588015,71588015-18290,<18,Male,White Hispanic
14232,71701592,71701592-18316,Unknown,Male,Asian / Pacific Islander
14233,71701592,71701592-18354,Unknown,Male,Asian / Pacific Islander
14234,71701592,71701592-18355,Unknown,Male,Asian / Pacific Islander
14235,71772018,71772018-21268,45-64,Male,Black
14236,71825655,71825655-18364,Unknown,Unknown,Unknown
14237,71825657,71825657-18366,Unknown,Unknown,Unknown
14238,71836061,71836061-18372,18-24,Male,Black
14239,71871794,71871794-18384,18-24,Male,White Hispanic
14240,71871794,71871794-19974,18-24,Male,White Hispanic
14241,71881521,71881521-18392,65+,Female,Black Hispanic
14242,71908646,71908646-18396,25-44,Male,White Hispanic
14243,71908646,71908646-18397,18-24,Female,White Hispanic
14244,71908646,71908646-18630,25-44,Male,White Hispanic
14245,71908646,71908646-18631,25-44,Male,White Hispanic
14246,71991637,71991637-18416,Unknown,Male,Black
14247,71999470,71999470-18418,18-24,Male,Black
14248,72058229,72058229-19360,18-24,Male,Black
14249,72058232,72058232-18477,25-44,Male,Black
14250,72058232,72058232-18478,18-24,Male,Black
14251,72058232,72058232-18479,18-24,Male,Black
14252,72058232,72058232-18480,18-24,Male,Black
14253,72058232,72058232-18481,18-24,Male,Black
14254,72058232,72058232-18483,25-44,Male,Black
14255,72058232,72058232-18484,25-44,Male,Black
14256,72083623,72083623-18514,18-24,Male,Black
14257,72083623,72083623-18515,<18,Male,Black
14258,72083623,72083623-18516,18-24,Male,Black
14259,72083623,72083623-18517,18-24,Male,Black
14260,72083623,72083623-18518,25-44,Male,Black
14261,72083623,72083623-19019,<18,Female,Black Hispanic
14262,72238265,72238265-18491,45-64,Male,White Hispanic
14263,72296062,72296062-18505,<18,Male,Black
14264,72408661,72408661-18572,25-44,Male,Black
14265,72416529,72416529-18549,Unknown,Male,Black
14266,72462409,72462409-18570,Unknown,Unknown,Unknown
14267,72512118,72512118-18599,Unknown,Unknown,Unknown
14268,72667450,72667450-18929,25-44,Male,Black
14269,72674059,72674059-18627,18-24,Male,Black
14270,72674059,72674059-18629,18-24,Male,Black
14271,72674059,72674059-18735,18-24,Male,Black
14272,72674059,72674059-18740,18-24,Male,Black
14273,72857667,72857667-18679,Unknown,Male,Black
14274,73075716,73075716-19242,18-24,Male,White Hispanic
14275,73137862,73137862-18726,25-44,Male,Black
14276,73192172,73192172-18739,18-24,Male,Black
14277,73194573,73194573-18937,18-24,Female,Black
14278,73427945,73427945-18816,18-24,Male,Black
14279,73517102,73517102-19788,18-24,Male,Black Hispanic
14280,73524859,73524859-19216,18-24,Male,Black
14281,73524915,73524915-18868,<18,Male,Black
14282,73533752,73533752-18856,18-24,Male,Black
14283,73710670,73710670-18908,Unknown,Male,Black
14284,73710670,73710670-18909,Unknown,Male,Black
14285,73718448,73718448-18910,Unknown,Unknown,Unknown
14286,73726695,73726695-19841,18-24,Male,Black Hispanic
14287,73823588,73823588-18951,65+,Male,White Hispanic
14288,74036121,74036121-19024,<18,Male,Black
14289,74036632,74036632-19006,Unknown,Male,Unknown
14290,74044367,74044367-19891,18-24,Male,Black
14291,74205462,74205462-22407,18-24,Male,Black
14292,74366121,74366121-19112,Unknown,Male,Black
14293,74464928,74464928-21140,18-24,Male,White Hispanic
14294,74479752,74479752-19149,Unknown,Unknown,Unknown
14295,74672166,74672166-19218,18-24,Male,Black
14296,74776958,74776958-19290,18-24,Male,Black
14297,74776958,74776958-19291,Unknown,Male,Black
14298,74945141,74945141-19298,Unknown,Male,Black
14299,75107147,75107147-19356,Unknown,Male,Black
14300,75330413,75330413-19414,45-64,Male,Black
14301,75350234,75350234-19443,25-44,Male,Black Hispanic
14302,75741160,75741160-19502,Unknown,Unknown,Unknown
14303,75831637,75831637-19521,18-24,Male,Black
14304,75838651,75838651-19528,18-24,Male,Black
14305,75886518,75886518-19533,Unknown,Male,Asian / Pacific Islander
14306,75886518,75886518-19534,Unknown,Male,Black
14307,76044029,76044029-19575,18-24,Male,Black
14308,76044029,76044029-19619,<18,Male,Black
14309,76051762,76051762-19590,18-24,Male,Black
14310,76051763,76051763-19618,<18,Male,White Hispanic
14311,76602014,76602014-19671,18-24,Male,Black
14312,76602014,76602014-19672,<18,Male,Black
14313,76927077,76927077-19681,18-24,Male,Black
14314,76943021,76943021-19869,18-24,Female,Black
14315,76943421,76943421-19709,18-24,Male,Black
14316,76951078,76951078-19683,Unknown,Unknown,Unknown
14317,76951565,76951565-19695,<18,Male,Black Hispanic
14318,76951565,76951565-19696,18-24,Male,Black Hispanic
14319,76951565,76951565-19697,18-24,Male,Black Hispanic
14320,76951565,76951565-19698,<18,Male,Black Hispanic
14321,76988922,76988922-19691,18-24,Male,Black Hispanic
14322,77134229,77134229-19718,Unknown,Male,Black
14323,77238080,77238080-19779,18-24,Male,Black Hispanic
14324,77291726,77291726-19757,<18,Male,Black
14325,77332387,77332387-19774,18-24,Male,Black
14326,77461648,77461648-19801,18-24,Male,Black
14327,77461648,77461648-19802,<18,Male,Black
14328,77776345,77776345-19875,Unknown,Male,Black
14329,77905142,77905142-19910,18-24,Female,Black
14330,78180049,78180049-19953,18-24,Male,Black
14331,78445873,78445873-20019,Unknown,Unknown,Unknown
14332,78496838,78496838-20147,18-24,Male,Black
14333,78569384,78569384-20828,18-24,Male,Black
14334,78605404,78605404-20059,45-64,Male,Black
14335,78724622,78724622-20380,<18,Male,Black
14336,79222699,79222699-20214,18-24,Male,Black
14337,79378927,79378927-21994,18-24,Male,Black
14338,79451576,79451576-20254,45-64,Male,Black
14339,79496946,79496946-20778,45-64,Male,Black
14340,79499401,79499401-20470,25-44,Male,Black
14341,79675375,79675375-20614,18-24,Female,Black Hispanic
14342,79675375,79675375-20741,25-44,Male,Black Hispanic
14343,79675375,79675375-20742,25-44,Male,Black Hispanic
14344,80043943,80043943-20507,18-24,Male,Black
14345,80055663,80055663-20435,<18,Male,Black Hispanic
14346,80190108,80190108-20674,18-24,Male,Black
14347,80284010,80284010-20521,18-24,Male,Black
14348,80370328,80370328-20570,25-44,Male,White
14349,80370328,80370328-20571,18-24,Male,Black
14350,80387683,80387683-20576,18-24,Male,Black Hispanic
14351,80388372,80388372-20717,18-24,Male,Black
14352,80398933,80398933-20853,18-24,Male,Black
14353,80430788,80430788-20588,<18,Male,Black
14354,80468005,80468005-20604,18-24,Male,Black Hispanic
14355,80510374,80510374-20617,18-24,Male,Black Hispanic
14356,80510374,80510374-20731,18-24,Male,Black
14357,80585001,80585001-21207,25-44,Male,Black
14358,81110090,81110090-20823,18-24,Male,White Hispanic
14359,81759986,81759986-21011,25-44,Male,Black
14360,81778268,81778268-21180,18-24,Male,Black Hispanic
14361,82008580,82008580-21021,18-24,Male,White Hispanic
14362,82411400,82411400-21193,<18,Male,Black
14363,82518240,82518240-21147,18-24,Male,Black
14364,82518240,82518240-21163,25-44,Male,Black Hispanic
14365,82537070,82537070-21169,25-44,Male,Black Hispanic
14366,82717326,82717326-21189,<18,Male,Black
14367,82760887,82760887-21200,18-24,Male,White
14368,82881931,82881931-21218,18-24,Male,Black
14369,83147905,83147905-21333,25-44,Male,Black
14370,83496084,83496084-21498,18-24,Male,Black
14371,83603680,83603680-21360,25-44,Male,White Hispanic
14372,83859901,83859901-21435,25-44,Female,Black
14373,83859901,83859901-21436,18-24,Male,Black
14374,83891703,83891703-21442,18-24,Male,Black
14375,83891703,83891703-21447,25-44,Male,Black
14376,84205618,84205618-21470,<18,Male,Black
14377,84205618,84205618-21489,<18,Male,White Hispanic
14378,84205618,84205618-21490,18-24,Male,Black
14379,84205618,84205618-21491,18-24,Male,Black
14380,84205618,84205618-21525,25-44,Male,Black
14381,84218127,84218127-21473,18-24,Male,White Hispanic
14382,84221623,84221623-21472,18-24,Male,Black
14383,84276862,84276862-21483,65+,Male,White
14384,84352571,84352571-22632,25-44,Male,Black
14385,84563288,84563288-21542,25-44,Male,Black
14386,84816003,84816003-21581,18-24,Male,White Hispanic
14387,84840051,84840051-21813,25-44,Male,Black
14388,84896738,84896738-22259,18-24,Male,White Hispanic
14389,84956541,84956541-21633,18-24,Male,Black
14390,84956633,84956633-21625,25-44,Male,Black
14391,84977710,84977710-21637,18-24,Male,Black
14392,84998801,84998801-21643,<18,Male,Black
14393,85104601,85104601-21635,18-24,Male,Black
14394,85104601,85104601-21636,18-24,Female,Black
14395,85115050,85115050-21659,18-24,Male,Black
14396,85159221,85159221-21720,25-44,Male,Black
14397,85189747,85189747-21830,18-24,Male,Black
14398,85250286,85250286-24166,25-44,Male,Black
14399,85325404,85325404-24306,45-64,Male,Black
14400,85333149,85333149-21693,25-44,Male,Black
14401,85385907,85385907-21703,Unknown,Unknown,Unknown
14402,85420900,85420900-21729,18-24,Male,Black
14403,85570889,85570889-21854,25-44,Male,Black
14404,85570889,85570889-21855,18-24,Male,Black
14405,85643665,85643665-22118,18-24,Male,Black
14406,86071518,86071518-22119,18-24,Male,Black
14407,86071518,86071518-22667,<18,Male,Black
14408,86415278,86415278-21940,45-64,Male,Black
14409,86456318,86456318-21952,25-44,Male,Black
14410,87070876,87070876-22078,18-24,Male,Black
14411,87084898,87084898-22145,25-44,Male,Black
14412,87111076,87111076-22086,18-24,Male,White Hispanic
14413,87234252,87234252-22116,<18,Male,Black
14414,87234252,87234252-22232,18-24,Male,Black
14415,87710873,87710873-22202,18-24,Male,Black
14416,87727621,87727621-22245,25-44,Male,Black Hispanic
14417,88405639,88405639-22335,18-24,Male,Black
14418,88405639,88405639-22338,25-44,Male,Black
14419,88405639,88405639-22339,18-24,Male,Black
14420,88405639,88405639-22340,18-24,Male,Black
14421,88560652,88560652-22446,18-24,Male,Black
14422,88779006,88779006-22440,18-24,Female,Black
14423,88779006,88779006-22441,18-24,Male,Black
14424,89047361,89047361-22547,18-24,Male,Black
14425,89047361,89047361-22592,<18,Male,Black
14426,89231142,89231142-22481,18-24,Female,Black
14427,89679309,89679309-22535,18-24,Male,Black Hispanic
14428,89679309,89679309-22543,18-24,Male,Black Hispanic
14429,89679309,89679309-22627,25-44,Male,Unknown
14430,90054888,90054888-22884,25-44,Male,Black
14431,90102721,90102721-22615,18-24,Male,Black
14432,90103285,90103285-22610,18-24,Male,Black
14433,90198490,90198490-22624,18-24,Male,Black
14434,90220811,90220811-22669,18-24,Male,White Hispanic
14435,90429023,90429023-22654,18-24,Male,Black
14436,90451786,90451786-23323,18-24,Male,Black
14437,90751219,90751219-22719,18-24,Male,Black
14438,90864497,90864497-22781,25-44,Male,Black
14439,90928717,90928717-22762,18-24,Male,Black
14440,91160086,91160086-22761,<18,Male,Black
14441,91324169,91324169-24326,45-64,Male,Black
14442,91683337,91683337-22837,25-44,Male,Black
14443,91683337,91683337-22838,18-24,Male,Black
14444,91727939,91727939-23264,25-44,Male,Black Hispanic
14445,91727939,91727939-23265,25-44,Male,Black
14446,91727939,91727939-24041,18-24,Male,Black
14447,91744325,91744325-22889,25-44,Male,Black
14448,91852606,91852606-22859,18-24,Male,Black
14449,92077654,92077654-22956,45-64,Male,White Hispanic
14450,92175189,92175189-22911,18-24,Male,Black Hispanic
14451,92175189,92175189-22919,<18,Male,Asian / Pacific Islander
14452,92241524,92241524-22988,25-44,Male,Black
14453,92283066,92283066-22928,25-44,Male,Black
14454,92311769,92311769-22932,18-24,Male,Black
14455,92489479,92489479-23013,25-44,Male,Black
14456,92489483,92489483-23027,Unknown,Male,Black
14457,92525805,92525805-22979,25-44,Male,Black
14458,92941765,92941765-27289,Unknown,Male,Unknown
14459,93164825,93164825-23074,18-24,Male,Black
14460,93164825,93164825-23075,<18,Male,Black
14461,93285854,93285854-23101,25-44,Male,Black
14462,93312839,93312839-23117,45-64,Male,Black
14463,93367464,93367464-23188,18-24,Male,Black
14464,93726279,93726279-23163,18-24,Male,Black
14465,93726286,93726286-23154,25-44,Male,Black
14466,93741889,93741889-23155,18-24,Male,Black
14467,93741889,93741889-23170,18-24,Male,Black Hispanic
14468,93741889,93741889-23171,18-24,Male,Black
14469,93853479,93853479-23176,25-44,Male,Black Hispanic
14470,94036725,94036725-23222,18-24,Male,Black
14471,94246148,94246148-23322,18-24,Male,Black
14472,94246337,94246337-23261,18-24,Male,Black
14473,94522791,94522791-23290,25-44,Male,Black
14474,94549158,94549158-23296,18-24,Male,Black
14475,95154717,95154717-23429,25-44,Male,Black
14476,95266279,95266279-23675,<18,Male,Black
14477,95266279,95266279-23676,<18,Male,Black
14478,95498281,95498281-23457,25-44,Male,Black
14479,109667604,109667604-23529,25-44,Male,Black
14480,136431300,136431300-23562,18-24,Male,Black
14481,136563284,136563284-23593,25-44,Male,Black
14482,137591739,137591739-23726,25-44,Male,Black
14483,137606916,137606916-23725,18-24,Male,Black
14484,137741234,137741234-23751,18-24,Male,Black
14485,137741234,137741234-23759,25-44,Male,Black
14486,137852066,137852066-23753,25-44,Male,Black
14487,137852066,137852066-23758,25-44,Female,Black
14488,138006088,138006088-23771,25-44,Male,Black
14489,138076777,138076777-23921,25-44,Male,Black
14490,138197350,138197350-23810,18-24,Male,Black
14491,138475841,138475841-23939,25-44,Male,Black
14492,138482241,138482241-24789,18-24,Male,Unknown
14493,138718944,138718944-24016,25-44,Male,White Hispanic
14494,138718944,138718944-24017,25-44,Male,White Hispanic
14495,138739813,138739813-23915,18-24,Male,Black
14496,139060125,139060125-24068,25-44,Male,Black
14497,139554478,139554478-24995,25-44,Male,Black
14498,139601978,139601978-24086,18-24,Male,White Hispanic
14499,139743983,139743983-24105,18-24,Male,Black
14500,139743983,139743983-24106,25-44,Male,Black
14501,139945224,139945224-24112,18-24,Male,Black
14502,140329779,140329779-24242,18-24,Male,Black Hispanic
14503,140334694,140334694-24352,18-24,Male,Black
14504,140336765,140336765-24261,<18,Male,Black
14505,140336765,140336765-24267,18-24,Male,Black
14506,140591803,140591803-24270,25-44,Male,Black Hispanic
14507,140697084,140697084-24250,25-44,Male,Black
14508,140847027,140847027-24839,18-24,Female,White Hispanic
14509,140847027,140847027-26056,25-44,Male,White Hispanic
14510,140986606,140986606-24307,25-44,Male,Black
14511,141334179,141334179-24354,18-24,Male,Black Hispanic
14512,141546978,141546978-24381,25-44,Male,Black Hispanic
14513,141546978,141546978-24382,65+,Male,Black Hispanic
14514,142247300,142247300-24685,<18,Male,Unknown
14515,142291973,142291973-24425,25-44,Male,Black
14516,142324358,142324358-24421,25-44,Male,Black
14517,142472725,142472725-24986,25-44,Male,Black
14518,142610707,142610707-24489,<18,Male,Black
14519,142784674,142784674-24493,25-44,Male,White Hispanic
14520,143008674,143008674-24492,<18,Male,Black
14521,143084078,143084078-24619,25-44,Male,Black
14522,143149271,143149271-24502,25-44,Male,Black
14523,143149271,143149271-24503,<18,Male,Black
14524,143163422,143163422-25348,18-24,Male,White Hispanic
14525,143308632,143308632-24767,25-44,Male,Black
14526,143551785,143551785-24568,18-24,Male,Black
14527,143677649,143677649-24559,25-44,Male,Black
14528,143677947,143677947-24560,25-44,Male,Black
14529,144240973,144240973-24797,18-24,Male,White Hispanic
14530,144448394,144448394-24658,18-24,Male,Black
14531,144995934,144995934-24717,18-24,Male,Black
14532,145558577,145558577-24725,25-44,Male,Black
14533,145565704,145565704-24728,65+,Male,White
14534,145778396,145778396-24759,25-44,Male,Black
14535,145931248,145931248-24817,25-44,Male,Black
14536,145931249,145931249-24771,25-44,Male,Black
14537,146013532,146013532-25437,25-44,Male,Black
14538,146070937,146070937-26411,25-44,Male,Black
14539,147843404,147843404-25042,18-24,Male,White Hispanic
14540,147843405,147843405-25028,18-24,Male,Black
14541,147981956,147981956-25025,18-24,Male,Black
14542,147981956,147981956-25038,18-24,Male,Black
14543,148363831,148363831-25065,25-44,Male,Black
14544,148967616,148967616-25121,18-24,Male,White Hispanic
14545,148970807,148970807-25254,25-44,Male,Black
14546,149127600,149127600-25143,18-24,Male,White Hispanic
14547,149347431,149347431-25164,18-24,Male,Black Hispanic
14548,149455199,149455199-25150,18-24,Male,Black Hispanic
14549,149455199,149455199-26172,18-24,Male,White Hispanic
14550,149469596,149469596-25153,18-24,Male,Black
14551,150544022,150544022-25278,45-64,Male,Black
14552,150560762,150560762-25444,25-44,Male,Black Hispanic
14553,150671639,150671639-25225,25-44,Male,Asian / Pacific Islander
14554,151383172,151383172-25296,25-44,Male,Black Hispanic
14555,151695536,151695536-25413,18-24,Male,Black
14556,151770859,151770859-25859,25-44,Male,Black
14557,151770859,151770859-25860,25-44,Male,Black
14558,152022056,152022056-25347,25-44,Male,Black
14559,152395707,152395707-25388,25-44,Male,Black
14560,152537826,152537826-25745,18-24,Male,Black
14561,153172813,153172813-25600,18-24,Male,Black
14562,153172813,153172813-25601,18-24,Male,Black
14563,153361678,153361678-25439,18-24,Male,Black
14564,154563859,154563859-25664,18-24,Male,Black
14565,154563859,154563859-25665,18-24,Male,Black
14566,154563859,154563859-25666,18-24,Male,Black
14567,154563859,154563859-25667,45-64,Male,Black
14568,154617363,154617363-25545,18-24,Male,White Hispanic
14569,154748224,154748224-25589,18-24,Male,White Hispanic
14570,154748225,154748225-25550,25-44,Male,Black
14571,154959950,154959950-25715,18-24,Male,Black
14572,155169943,155169943-25583,<18,Male,White Hispanic
14573,155553739,155553739-25634,18-24,Male,Black
14574,155808005,155808005-25699,<18,Male,Black
14575,156246455,156246455-26390,18-24,Male,Black
14576,156456022,156456022-25709,18-24,Male,Black
14577,156822747,156822747-26102,25-44,Male,White Hispanic
14578,157852472,157852472-25889,45-64,Male,Black
14579,158597485,158597485-25987,18-24,Male,Black
14580,158597485,158597485-25988,18-24,Male,Black
14581,158597485,158597485-25989,18-24,Male,Black Hispanic
14582,158767863,158767863-25927,25-44,Male,Black
14583,158832606,158832606-26008,18-24,Male,Black
14584,158832606,158832606-26121,25-44,Male,Black
14585,158834626,158834626-25970,<18,Male,Black
14586,159842969,159842969-26253,25-44,Male,White Hispanic
14587,159842970,159842970-26040,18-24,Male,Black
14588,159842970,159842970-26063,18-24,Male,Black
14589,160296912,160296912-26232,25-44,Male,Black
14590,162514441,162514441-26168,<18,Male,Black
14591,162632842,162632842-26347,<18,Male,Black
14592,162633212,162633212-26195,<18,Male,White Hispanic
14593,162633212,162633212-26196,<18,Male,White Hispanic
14594,162633212,162633212-26200,25-44,Male,Black Hispanic
14595,163887654,163887654-26260,25-44,Male,Black
14596,165264182,165264182-26366,45-64,Male,Black
14597,165264182,165264182-26374,45-64,Male,Black
14598,165264183,165264183-26432,25-44,Male,Black
14599,165349195,165349195-26352,25-44,Male,White
14600,165378832,165378832-26362,<18,Male,Black
14601,165378832,165378832-26416,18-24,Male,White Hispanic
14602,165492102,165492102-26369,25-44,Male,White Hispanic
14603,165720216,165720216-27001,18-24,Male,Black
14604,165720216,165720216-27003,Unknown,Unknown,Unknown
14605,165720221,165720221-26383,25-44,Male,Black
14606,166312842,166312842-26412,25-44,Male,Black
14607,166352785,166352785-1,25-44,Male,Black
14608,166352785,166352785-26449,25-44,Male,Black
14609,166429319,166429319-26604,25-44,Male,Black
14610,167056016,167056016-26482,18-24,Male,Black
14611,167183316,167183316-26505,<18,Male,Black
14612,167619814,167619814-26531,25-44,Male,White Hispanic
14613,167754133,167754133-26539,18-24,Male,Black
14614,168608860,168608860-26606,25-44,Male,Black
14615,168862301,168862301-26676,25-44,Male,Black Hispanic
14616,169180189,169180189-1,25-44,Male,Black
14617,169230064,169230064-26687,25-44,Male,Black
14618,169454922,169454922-26638,25-44,Male,Black
14619,169566542,169566542-26740,45-64,Male,White
14620,169924413,169924413-26678,45-64,Male,Black
14621,170620024,170620024-26720,65+,Male,Black
14622,170955522,170955522-26802,25-44,Male,Black
14623,171509877,171509877-26822,25-44,Male,Black
14624,171866983,171866983-26795,25-44,Male,Black
14625,171866985,171866985-26796,<18,Male,Black Hispanic
14626,172712524,172712524-26855,25-44,Male,Black
14627,173035796,173035796-26936,18-24,Male,Black
14628,173129246,173129246-26884,<18,Male,White Hispanic
14629,173616167,173616167-26907,<18,Male,Black
14630,174146094,174146094-26953,25-44,Male,Black
14631,174146094,174146094-26968,45-64,Male,Black
14632,174432006,174432006-26972,25-44,Male,White Hispanic
14633,174432006,174432006-26973,25-44,Male,White Hispanic
14634,174579539,174579539-26966,<18,Male,Black
14635,174579539,174579539-26967,18-24,Male,Black
14636,174946401,174946401-26971,25-44,Male,Black
14637,175444212,175444212-1,25-44,Male,Black
14638,176296362,176296362-27040,25-44,Male,Black
14639,177462972,177462972-27056,<18,Male,White Hispanic
14640,178240745,178240745-27091,18-24,Male,Black Hispanic
14641,178332733,178332733-27077,25-44,Male,Black
14642,178740358,178740358-27102,25-44,Male,White Hispanic
14643,179645495,179645495-27117,Unknown,Male,Black
14644,182488623,182488623-27170,18-24,Male,Black Hispanic
14645,182667789,182667789-27153,18-24,Male,Black
14646,182667789,182667789-27154,18-24,Male,Black
14647,182667789,182667789-27155,<18,Male,Black
14648,182667789,182667789-27194,<18,Female,Black
14649,182667789,182667789-27195,18-24,Male,Black
14650,182667789,182667789-27196,<18,Female,Black
14651,183217907,183217907-27249,25-44,Male,Black
14652,184156175,184156175-27308,25-44,Male,Black
14653,184430739,184430739-27238,25-44,Male,Black
14654,184431140,184431140-27239,18-24,Male,Black
14655,185483181,185483181-27333,25-44,Male,Black
14656,186047190,186047190-27391,18-24,Male,White Hispanic
14657,186047194,186047194-1,<18,Male,Black
14658,186047194,186047194-2,<18,Male,Black
14659,186418717,186418717-27381,<18,Male,Black
14660,186606590,186606590-1,25-44,Male,White Hispanic
14661,186787755,186787755-27394,25-44,Male,Black
14662,186876044,186876044-1,18-24,Male,Black
14663,187133718,187133718-1,25-44,Female,Black
14664,187157834,187157834-1,18-24,Male,Black
14665,187157834,187157834-2,18-24,Male,Black
14666,187157834,187157834-3,18-24,Male,Black
14667,187535838,187535838-1,18-24,Male,Black
14668,187823543,187823543-1,18-24,Male,Black Hispanic
14669,187823543,187823543-2,18-24,Male,Black
14670,188290726,188290726-1,25-44,Male,Black
14671,188290726,188290726-2,25-44,Male,Black
14672,188312128,188312128-1,<18,Male,Black
14673,188312128,188312128-2,18-24,Male,White Hispanic
14674,188312128,188312128-3,18-24,Male,Black
14675,188312128,188312128-4,18-24,Male,Black
14676,189581512,189581512-1,25-44,Male,Black
14677,190658625,190658625-1,25-44,Male,Black
14678,192259535,192259535-1,18-24,Male,White
14679,192259535,192259535-2,18-24,Male,White
14680,192545748,192545748-1,25-44,Male,Black
14681,194324355,194324355-1,18-24,Male,Black
14682,194677549,194677549-1,18-24,Male,White
14683,195396618,195396618-1,18-24,Male,Black
14684,195699912,195699912-1,18-24,Male,Black
14685,195699912,195699912-2,18-24,Male,Black
14686,195743584,195743584-1,18-24,Male,Black
14687,196095817,196095817-1,25-44,Male,Black
14688,196820303,196820303-1,25-44,Male,Black Hispanic
14689,197381376,197381376-1,25-44,Male,Black
14690,197691090,197691090-1,18-24,Male,Black
14691,197691090,197691090-3,<18,Male,Black
14692,197953464,197953464-1,18-24,Male,Black
14693,197953464,197953464-2,18-24,Male,Black
14694,198595257,198595257-1,25-44,Male,Asian / Pacific Islander
14695,198900605,198900605-1,25-44,Male,Black
14696,200365034,200365034-1,25-44,Male,White Hispanic
14697,200994115,200994115-1,45-64,Male,White Hispanic
14698,201089979,201089979-1,18-24,Male,Black
14699,201089980,201089980-1,18-24,Male,Black
14700,201436771,201436771-1,25-44,Male,Black
14701,201483468,201483468-1,25-44,Male,Black Hispanic
14702,201483468,201483468-2,25-44,Male,White Hispanic
14703,201575313,201575313-1,18-24,Male,Unknown
14704,201851565,201851565-1,18-24,Male,Black
14705,201852654,201852654-1,18-24,Male,Black Hispanic
14706,202139998,202139998-1,25-44,Unknown,Unknown
14707,202504685,202504685-1,18-24,Unknown,Unknown
14708,203041428,203041428-1,18-24,Male,Black
14709,203083804,203083804-1,18-24,Male,Black
14710,203148056,203148056-1,45-64,Male,Black
14711,204396946,204396946-1,18-24,Male,Black
14712,204493622,204493622-1,25-44,Male,Black
14713,208549424,208549424-1,25-44,Female,Black
14714,209975795,209975795-1,<18,Male,Black
14715,209975795,209975795-2,<18,Male,Black
14716,212640530,212640530-1,25-44,Male,Black
14717,213471601,213471601-1,25-44,Male,Black
14718,213550053,213550053-1,25-44,Male,Black
14719,213723895,213723895-1,45-64,Male,Black
14720,213858244,213858244-1,18-24,Male,Black
14721,214617014,214617014-1,25-44,Female,Black
14722,214778105,214778105-1,18-24,Male,Black
14723,214778105,214778105-2,<18,Male,Black
14724,214778105,214778105-3,18-24,Male,Black
14725,214926175,214926175-1,<18,Male,Black
14726,214983380,214983380-1,<18,Male,Black
14727,215302966,215302966-1,25-44,Male,Black
14728,215302966,215302966-2,25-44,Male,Black
14729,215485023,215485023-1,18-24,Male,Black
14730,216063722,216063722-1,25-44,Male,Black
14731,216354516,216354516-1,25-44,Male,Black
14732,216511329,216511329-1,45-64,Male,Black Hispanic
14733,216511814,216511814-1,25-44,Male,Black Hispanic
14734,216644905,216644905-1,<18,Male,Black
14735,216651449,216651449-1,25-44,Female,Black
14736,216651449,216651449-2,25-44,Male,Black
14737,216651449,216651449-3,25-44,Male,Black
14738,216692584,216692584-1,25-44,Male,Black
14739,216796481,216796481-1,18-24,Male,Black
14740,216796481,216796481-2,18-24,Male,Black
14741,217025544,217025544-1,18-24,Male,Black
14742,217209754,217209754-1,25-44,Male,Black
14743,217218948,217218948-1,18-24,Male,Black Hispanic
14744,217218948,217218948-2,18-24,Male,Black
14745,217218948,217218948-3,18-24,Male,White Hispanic
14746,217314670,217314670-1,25-44,Male,Black
14747,217315223,217315223-1,25-44,Male,Black
14748,217704221,217704221-1,18-24,Male,Black
14749,218219250,218219250-1,<18,Male,Black
14750,219164112,219164112-1,18-24,Male,White Hispanic
14751,219684986,219684986-1,18-24,Male,Black
14752,220848244,220848244-1,25-44,Male,Black
14753,220848244,220848244-2,25-44,Male,Black
14754,221341078,221341078-1,25-44,Male,Black
14755,221341079,221341079-1,45-64,Male,Black
14756,221981297,221981297-1,18-24,Male,Black
14757,222048379,222048379-1,18-24,Male,Black
14758,222048379,222048379-2,18-24,Male,Black
14759,223545276,223545276-1,18-24,Male,Black
14760,224069696,224069696-1,25-44,Male,Black
14761,224079783,224079783-1,25-44,Male,White Hispanic
14762,224079783,224079783-2,25-44,Male,White Hispanic
14763,224079786,224079786-1,25-44,Male,Black
14764,224353208,224353208-1,25-44,Male,Black
14765,224465137,224465137-1,45-64,Male,Black
14766,224465138,224465138-1,25-44,Male,Black
14767,224652832,224652832-1,<18,Male,Black
14768,224870654,224870654-1,25-44,Male,Black
14769,225339882,225339882-1,25-44,Male,Black
14770,225387703,225387703-1,18-24,Male,Black
14771,225485721,225485721-1,25-44,Male,Black Hispanic
14772,225923583,225923583-1,25-44,Male,Black
14773,225999506,225999506-1,25-44,Male,Black
14774,226705487,226705487-1,18-24,Male,Black
14775,226705487,226705487-2,25-44,Male,Black
14776,226705487,226705487-3,18-24,Male,Black
14777,226770354,226770354-1,<18,Male,Black
14778,226896344,226896344-1,18-24,Male,White Hispanic
14779,227344197,227344197-1,45-64,Male,Black Hispanic
14780,227344214,227344214-1,25-44,Male,White Hispanic
14781,227344444,227344444-1,18-24,Male,Black
14782,227433672,227433672-1,18-24,Male,Black
14783,227433672,227433672-2,18-24,Male,Black
14784,227496845,227496845-1,18-24,Male,White Hispanic
14785,227515019,227515019-1,25-44,Male,White Hispanic
14786,227515019,227515019-2,25-44,Male,White Hispanic
14787,227647477,227647477-1,45-64,Male,Black
14788,227950653,227950653-1,<18,Male,Black
14789,227950661,227950661-1,25-44,Male,Black
14790,227950668,227950668-1,25-44,Male,Black
14791,228049709,228049709-1,18-24,Male,Black
14792,228108957,228108957-1,45-64,Male,Black
14793,228307052,228307052-1,25-44,Male,Black
14794,228382218,228382218-1,25-44,Male,White
14795,228382218,228382218-2,25-44,Male,White
14796,228918106,228918106-1,18-24,Male,Black
14797,228918106,228918106-2,18-24,Male,Black
14798,229824435,229824435-1,18-24,Male,Black
14799,229848041,229848041-1,25-44,Male,Black
14800,229904042,229904042-1,25-44,Male,Black
14801,229943475,229943475-1,25-44,Male,Black
14802,230161941,230161941-1,18-24,Male,Black
14803,230161941,230161941-2,18-24,Male,Black
14804,230448654,230448654-1,25-44,Male,Black
14805,230451565,230451565-1,25-44,Male,Black Hispanic
14806,230815780,230815780-1,25-44,Male,Black
14807,230885990,230885990-1,<18,Male,Black
14808,230885990,230885990-2,<18,Male,Black
14809,230885990,230885990-3,<18,Male,Black
14810,231047709,231047709-1,25-44,Male,Black
14811,231369853,231369853-1,25-44,Male,White Hispanic
14812,231641623,231641623-1,18-24,Male,Black
14813,231641623,231641623-2,25-44,Male,White Hispanic
14814,231658948,231658948-1,25-44,Male,Black
14815,231810238,231810238-1,25-44,Male,Black Hispanic
14816,231866556,231866556-1,25-44,Male,Black
14817,232265325,232265325-1,25-44,Male,Black
14818,232623736,232623736-1,25-44,Male,Black
14819,62172457,62172457-16918,18-24,Male,Black
14820,62172457,62172457-16919,18-24,Male,Black
14821,62200684,62200684-23391,25-44,Male,Black
14822,62481808,62481808-1,25-44,Male,Black Hispanic
14823,62481808,62481808-2,25-44,Male,Black Hispanic
14824,62481808,62481808-3,25-44,Male,Black Hispanic
14825,62504889,62504889-16878,25-44,Male,Black
14826,62725595,62725595-16948,18-24,Male,Black
14827,62773201,62773201-16940,Unknown,Unknown,Unknown
14828,62773205,62773205-16935,18-24,Male,Black
14829,62773208,62773208-16946,18-24,Male,Black
14830,62773208,62773208-16995,18-24,Male,Black
14831,62968507,62968507-16997,<18,Male,Black
14832,63130645,63130645-17004,Unknown,Unknown,Unknown
14833,63148408,63148408-17032,25-44,Male,White Hispanic
14834,63148408,63148408-17045,25-44,Male,White Hispanic
14835,63168504,63168504-25082,25-44,Male,Black
14836,63168504,63168504-25722,18-24,Male,Black
14837,63168504,63168504-26756,25-44,Male,Black
14838,63189241,63189241-17018,<18,Male,Black
14839,63214333,63214333-17025,18-24,Male,Black Hispanic
14840,63323722,63323722-17055,Unknown,Unknown,Unknown
14841,63405887,63405887-17080,Unknown,Unknown,Unknown
14842,63405889,63405889-17074,Unknown,Unknown,Unknown
14843,63633475,63633475-17622,25-44,Male,Black
14844,63701788,63701788-17123,18-24,Male,Unknown
14845,63701789,63701789-17124,25-44,Male,Black
14846,63796438,63796438-17134,18-24,Male,Black
14847,63796438,63796438-17571,25-44,Male,Black
14848,63998348,63998348-17159,18-24,Male,Black
14849,64270986,64270986-17244,Unknown,Unknown,Unknown
14850,64389962,64389962-17250,Unknown,Unknown,Unknown
14851,64422381,64422381-17270,18-24,Male,Black
14852,64510360,64510360-17368,25-44,Male,White
14853,64529973,64529973-17294,Unknown,Unknown,Unknown
14854,64689065,64689065-17378,25-44,Male,Black
14855,64689373,64689373-17332,Unknown,Unknown,Unknown
14856,64775770,64775770-17357,25-44,Male,Black
14857,64822408,64822408-17369,<18,Male,Black
14858,64924982,64924982-17392,18-24,Male,Black
14859,65129174,65129174-17420,18-24,Male,Black
14860,65316279,65316279-17444,Unknown,Unknown,Unknown
14861,65687102,65687102-17487,25-44,Male,Black
14862,65844394,65844394-17518,Unknown,Unknown,Unknown
14863,65969748,65969748-17527,Unknown,Unknown,Unknown
14864,66160488,66160488-17584,Unknown,Unknown,Unknown
14865,66170351,66170351-17585,Unknown,Unknown,Unknown
14866,66269909,66269909-17605,Unknown,Male,Black
14867,66269909,66269909-17606,Unknown,Male,Black
14868,66729665,66729665-17656,18-24,Male,Black
14869,66749918,66749918-17657,Unknown,Unknown,Unknown
14870,66881939,66881939-17679,Unknown,Unknown,Unknown
14871,66928845,66928845-17693,18-24,Male,Black
14872,66984999,66984999-17703,Unknown,Unknown,Unknown
14873,66984999,66984999-17708,18-24,Male,Black
14874,67430589,67430589-17770,Unknown,Male,Unknown
14875,67605366,67605366-17789,18-24,Male,White Hispanic
14876,67797950,67797950-17831,Unknown,Unknown,Unknown
14877,67847583,67847583-17824,25-44,Male,Black
14878,68586471,68586471-17935,Unknown,Male,Unknown
14879,69079433,69079433-17974,25-44,Male,Black
14880,69097631,69097631-17983,Unknown,Unknown,Unknown
14881,69297258,69297258-18009,18-24,Male,White
14882,69419358,69419358-18033,25-44,Male,Black
14883,69453368,69453368-18048,Unknown,Unknown,Unknown
14884,69526312,69526312-18047,Unknown,Male,White Hispanic
14885,69708093,69708093-18319,18-24,Male,Black Hispanic
14886,69740436,69740436-18072,18-24,Male,White Hispanic
14887,69871611,69871611-18093,18-24,Male,White Hispanic
14888,70858622,70858622-18132,Unknown,Unknown,Unknown
14889,71032457,71032457-18161,Unknown,Male,Black
14890,71054045,71054045-18154,25-44,Male,White Hispanic
14891,71160902,71160902-18204,Unknown,Male,Unknown
14892,71160902,71160902-18205,Unknown,Male,Unknown
14893,71170483,71170483-18197,Unknown,Unknown,Unknown
14894,71321199,71321199-18220,<18,Male,Black
14895,71321199,71321199-18390,25-44,Male,Black
14896,71321199,71321199-18720,18-24,Male,White Hispanic
14897,71421995,71421995-18244,Unknown,Male,Black
14898,71421995,71421995-18245,Unknown,Male,Black
14899,71521770,71521770-18268,Unknown,Male,White Hispanic
14900,71608993,71608993-18288,18-24,Male,Black
14901,71756681,71756681-18391,18-24,Male,Black Hispanic
14902,71859339,71859339-18383,25-44,Male,Black
14903,72086138,72086138-18432,18-24,Male,Black
14904,72214692,72214692-18471,25-44,Male,Black
14905,72214692,72214692-18472,25-44,Male,Black
14906,72214692,72214692-18473,25-44,Male,Black
14907,72214692,72214692-18474,25-44,Male,Black
14908,72464612,72464612-18577,18-24,Male,White Hispanic
14909,72836884,72836884-18667,Unknown,Unknown,Unknown
14910,72982612,72982612-18705,Unknown,Male,Black
14911,72983200,72983200-18701,18-24,Male,Black
14912,72986408,72986408-22296,25-44,Male,White Hispanic
14913,73064558,73064558-18886,Unknown,Unknown,Unknown
14914,73308905,73308905-18828,Unknown,Male,Black
14915,73397678,73397678-18796,Unknown,Male,Black
14916,73433694,73433694-18818,18-24,Male,Black
14917,73523967,73523967-18849,25-44,Male,Black Hispanic
14918,73755742,73755742-18927,18-24,Male,Black
14919,73755742,73755742-18933,18-24,Male,Black
14920,73778355,73778355-18956,<18,Male,Black
14921,73815776,73815776-19040,18-24,Female,Black Hispanic
14922,73921215,73921215-19475,25-44,Male,Black
14923,74006223,74006223-19000,18-24,Male,Black
14924,74006223,74006223-19002,18-24,Male,Black
14925,74006223,74006223-19004,18-24,Male,Black
14926,74006223,74006223-19059,18-24,Male,Black
14927,74054027,74054027-19016,18-24,Male,Black
14928,74058684,74058684-19193,<18,Male,Black
14929,74098162,74098162-19661,18-24,Male,Black
14930,74153300,74153300-19046,18-24,Male,Black
14931,74189115,74189115-19056,18-24,Male,White Hispanic
14932,74189115,74189115-19060,18-24,Male,White Hispanic
14933,74324307,74324307-19096,25-44,Male,White Hispanic
14934,74436715,74436715-19139,25-44,Male,White Hispanic
14935,74648839,74648839-19203,<18,Male,White Hispanic
14936,74648839,74648839-19204,25-44,Male,White Hispanic
14937,74770561,74770561-19295,18-24,Male,Black Hispanic
14938,74895036,74895036-25547,25-44,Male,Black
14939,74989385,74989385-19314,Unknown,Male,Black
14940,75201230,75201230-19389,18-24,Male,Black
14941,75330410,75330410-19429,25-44,Male,Black
14942,75654394,75654394-19484,<18,Male,White Hispanic
14943,75726083,75726083-19520,18-24,Male,Black Hispanic
14944,76100885,76100885-19583,Unknown,Male,Black
14945,76575614,76575614-19585,Unknown,Male,Black
14946,76656488,76656488-19605,25-44,Male,White
14947,76723982,76723982-19622,18-24,Male,Asian / Pacific Islander
14948,76723982,76723982-19623,<18,Male,Asian / Pacific Islander
14949,76723982,76723982-19624,18-24,Male,Black
14950,77104934,77104934-19714,Unknown,Male,Black
14951,77104934,77104934-19715,Unknown,Male,Black
14952,77327689,77327689-19771,25-44,Male,Black
14953,77688965,77688965-19859,25-44,Male,Black
14954,78019136,78019136-19914,25-44,Male,Black
14955,78498360,78498360-20029,18-24,Male,Black Hispanic
14956,78622563,78622563-20099,18-24,Male,Black
14957,78651920,78651920-20072,Unknown,Unknown,Unknown
14958,79202266,79202266-20212,18-24,Male,Black
14959,79202266,79202266-20213,25-44,Male,Black
14960,79248580,79248580-20197,25-44,Male,Black Hispanic
14961,79377425,79377425-20232,25-44,Male,White
14962,79451577,79451577-20312,<18,Male,Black
14963,79451577,79451577-20313,18-24,Male,Black
14964,79499792,79499792-20703,<18,Male,Black
14965,79589675,79589675-21631,18-24,Male,Black Hispanic
14966,79719090,79719090-20333,18-24,Male,Black
14967,79746937,79746937-20351,25-44,Male,Black Hispanic
14968,79853872,79853872-20371,18-24,Male,Black
14969,79853878,79853878-20440,Unknown,Male,White Hispanic
14970,79977747,79977747-20417,25-44,Male,Black
14971,79977747,79977747-20669,25-44,Male,Black
14972,80238917,80238917-20502,18-24,Male,Black
14973,80349679,80349679-20557,Unknown,Male,Black
14974,80541202,80541202-20721,18-24,Male,Black Hispanic
14975,80576265,80576265-20642,25-44,Male,Black
14976,80597682,80597682-20668,25-44,Male,Black
14977,80742844,80742844-20710,Unknown,Male,Black
14978,80742844,80742844-20788,<18,Male,Black
14979,80881468,80881468-20918,25-44,Male,Black
14980,80881468,80881468-20941,25-44,Male,Black
14981,80908131,80908131-20770,18-24,Male,Black Hispanic
14982,81035628,81035628-20920,<18,Female,Black
14983,81138895,81138895-20854,18-24,Male,Black
14984,81158051,81158051-20835,<18,Male,Black
14985,81213693,81213693-20863,25-44,Male,Black
14986,81213694,81213694-20856,18-24,Male,Black
14987,81216178,81216178-20934,18-24,Male,Black
14988,81248485,81248485-21007,18-24,Male,Black
14989,81341797,81341797-20894,Unknown,Unknown,Unknown
14990,81341797,81341797-20940,18-24,Male,Black
14991,81621244,81621244-20961,18-24,Male,Black
14992,81712620,81712620-20973,<18,Male,Black
14993,81843639,81843639-21039,25-44,Male,Black
14994,81970351,81970351-21283,25-44,Male,Black
14995,82206995,82206995-21093,18-24,Male,White Hispanic
14996,82206995,82206995-21117,18-24,Male,White Hispanic
14997,82361755,82361755-21118,<18,Male,Black
14998,82393389,82393389-24240,18-24,Male,Black
14999,82393389,82393389-24292,18-24,Male,Black
15000,82393389,82393389-24293,18-24,Male,Black
15001,82393389,82393389-24294,18-24,Male,Black
15002,82419566,82419566-21285,18-24,Male,Black
15003,82623274,82623274-21173,<18,Male,Black
15004,83148510,83148510-21305,45-64,Male,Black
15005,83292063,83292063-21304,25-44,Male,Black
15006,83706102,83706102-21423,25-44,Male,Black
15007,83706104,83706104-21373,25-44,Male,White Hispanic
15008,83722765,83722765-21378,18-24,Male,Black
15009,83722765,83722765-21379,25-44,Male,Black
15010,84017224,84017224-21594,25-44,Male,Black
15011,84021527,84021527-21439,18-24,Male,Black Hispanic
15012,84104016,84104016-22042,18-24,Male,Black
15013,84104184,84104184-21456,65+,Male,White
15014,84255207,84255207-21499,18-24,Male,White Hispanic
15015,84279965,84279965-21550,18-24,Male,Unknown
15016,84371227,84371227-21508,25-44,Male,Black
15017,84817119,84817119-21600,25-44,Male,Asian / Pacific Islander
15018,84923978,84923978-21618,18-24,Male,Black
15019,84923978,84923978-21619,18-24,Male,Black
15020,84923978,84923978-21620,18-24,Male,Black
15021,84945384,84945384-21602,25-44,Male,Black
15022,85124507,85124507-21639,18-24,Male,Black
15023,85124507,85124507-21640,18-24,Male,Black
15024,85124507,85124507-21641,<18,Male,Black
15025,85124507,85124507-21642,18-24,Male,Black
15026,85171395,85171395-21648,18-24,Male,Black
15027,85235457,85235457-22052,18-24,Male,Black
15028,85235457,85235457-22053,18-24,Male,Black
15029,85235457,85235457-22076,18-24,Male,Unknown
15030,85305531,85305531-21776,18-24,Male,Black Hispanic
15031,85352280,85352280-21853,18-24,Male,Black
15032,85440354,85440354-21817,18-24,Male,Black
15033,85518943,85518943-22034,25-44,Male,Black
15034,85585857,85585857-21744,Unknown,Unknown,Unknown
15035,85586659,85586659-21747,<18,Male,Black
15036,85639530,85639530-22852,18-24,Male,White Hispanic
15037,85639530,85639530-22853,18-24,Male,Black Hispanic
15038,85643669,85643669-21791,25-44,Male,Black
15039,85688644,85688644-21780,18-24,Male,Black
15040,85744505,85744505-21961,25-44,Male,Black
15041,85935526,85935526-21831,25-44,Male,White Hispanic
15042,85976979,85976979-21845,25-44,Male,Black
15043,86870746,86870746-22093,25-44,Male,Black
15044,86876841,86876841-22051,25-44,Male,Black
15045,86877083,86877083-22031,18-24,Male,Black
15046,86877083,86877083-22032,25-44,Male,Black
15047,86877542,86877542-22050,<18,Male,White Hispanic
15048,86990677,86990677-22138,25-44,Male,Black
15049,87060868,87060868-22147,18-24,Male,Black
15050,87224289,87224289-22114,25-44,Male,Black
15051,87430925,87430925-22251,18-24,Male,White Hispanic
15052,87443958,87443958-22158,25-44,Male,Black
15053,87727620,87727620-22229,18-24,Male,Black
15054,87798407,87798407-22558,25-44,Male,Black
15055,88226197,88226197-22304,25-44,Male,Black
15056,88226197,88226197-22308,25-44,Male,Black
15057,88244183,88244183-22305,18-24,Male,Black
15058,88244183,88244183-22306,18-24,Male,Black
15059,88421874,88421874-22359,18-24,Male,White Hispanic
15060,88421874,88421874-22360,<18,Male,White Hispanic
15061,88421874,88421874-22362,<18,Male,Black
15062,89658159,89658159-22532,25-44,Male,White Hispanic
15063,89875794,89875794-22574,25-44,Male,Black
15064,89937880,89937880-22733,18-24,Male,Black
15065,90212417,90212417-22680,18-24,Male,Black
15066,90253570,90253570-22633,<18,Male,Black
15067,90253570,90253570-22634,18-24,Male,Black
15068,90299272,90299272-22640,25-44,Male,Unknown
15069,90576798,90576798-22991,45-64,Male,Black
15070,90636512,90636512-22714,25-44,Female,Black
15071,90677638,90677638-22708,18-24,Male,Black
15072,90677638,90677638-22709,18-24,Male,Black
15073,90925979,90925979-22723,<18,Male,Black
15074,91000085,91000085-22741,25-44,Male,Black
15075,91045428,91045428-22748,25-44,Male,Black
15076,91196915,91196915-22768,25-44,Male,Black
15077,91399597,91399597-22821,18-24,Male,Black Hispanic
15078,91404969,91404969-22792,18-24,Male,White Hispanic
15079,91531974,91531974-22833,18-24,Male,Black
15080,91572525,91572525-23083,18-24,Male,Black
15081,91739682,91739682-22961,25-44,Male,Black
15082,92079598,92079598-22999,18-24,Male,Black
15083,92550741,92550741-22984,25-44,Male,Black
15084,92786027,92786027-23016,25-44,Male,Black
15085,92891876,92891876-23051,25-44,Male,Black Hispanic
15086,92903811,92903811-23621,25-44,Female,Black
15087,92992152,92992152-23049,18-24,Male,Black
15088,93068399,93068399-23145,25-44,Male,Black
15089,93122433,93122433-23070,18-24,Male,Black
15090,93179714,93179714-23098,18-24,Male,Black
15091,93179714,93179714-24168,18-24,Male,Black Hispanic
15092,93179714,93179714-24169,18-24,Male,Black
15093,93285852,93285852-23100,Unknown,Unknown,Unknown
15094,93499462,93499462-23137,25-44,Male,Black
15095,93627252,93627252-24462,45-64,Male,Black
15096,93627252,93627252-24486,25-44,Male,White
15097,94058077,94058077-23273,18-24,Male,Black
15098,94229920,94229920-23319,25-44,Male,Black
15099,94549159,94549159-23346,25-44,Male,Asian / Pacific Islander
15100,94549159,94549159-23347,18-24,Male,Black
15101,94579609,94579609-23353,25-44,Male,Black Hispanic
15102,94710373,94710373-23333,45-64,Male,Black
15103,94903457,94903457-23424,25-44,Male,Black
15104,94957918,94957918-24620,18-24,Male,White
15105,94985606,94985606-23377,18-24,Male,Black Hispanic
15106,95375617,95375617-23437,25-44,Male,Black
15107,95504870,95504870-24184,25-44,Male,Black
15108,109304812,109304812-23877,18-24,Male,White Hispanic
15109,109304812,109304812-23878,18-24,Male,White Hispanic
15110,136441850,136441850-23559,18-24,Male,Black
15111,136563287,136563287-23563,18-24,Male,Black Hispanic
15112,136660501,136660501-23598,18-24,Male,Black
15113,136660501,136660501-23643,18-24,Female,Black
15114,136687483,136687483-23584,18-24,Male,Black Hispanic
15115,136687484,136687484-23767,25-44,Male,Black
15116,136793219,136793219-23605,18-24,Male,Black
15117,136916799,136916799-23657,25-44,Male,Black Hispanic
15118,137086413,137086413-23654,18-24,Male,Black
15119,137297906,137297906-23914,18-24,Male,Black Hispanic
15120,137297906,137297906-25364,18-24,Male,Black
15121,137586048,137586048-23738,45-64,Male,Black
15122,137645314,137645314-23741,<18,Male,White Hispanic
15123,137645314,137645314-23742,18-24,Male,Black
15124,137696444,137696444-23732,25-44,Male,Black
15125,138027220,138027220-23783,18-24,Male,Black
15126,138145503,138145503-23931,18-24,Male,Black
15127,138181967,138181967-1,25-44,Male,White Hispanic
15128,138181967,138181967-2,25-44,Male,Black
15129,138364638,138364638-23938,25-44,Male,Black
15130,138588530,138588530-23949,25-44,Male,White Hispanic
15131,139136470,139136470-23977,18-24,Male,Black Hispanic
15132,139136470,139136470-23978,18-24,Male,White Hispanic
15133,139241967,139241967-23999,25-44,Male,Black
15134,139245415,139245415-23995,18-24,Male,Black
15135,139565489,139565489-24035,25-44,Male,Black
15136,139685100,139685100-24055,25-44,Male,Black
15137,139814858,139814858-24092,25-44,Female,White
15138,139814858,139814858-24093,18-24,Female,Black Hispanic
15139,139814858,139814858-24094,<18,Male,Black Hispanic
15140,139814858,139814858-24329,18-24,Male,White Hispanic
15141,139814858,139814858-24331,18-24,Male,White Hispanic
15142,139871659,139871659-24113,18-24,Male,Black
15143,140156332,140156332-24139,18-24,Male,Black
15144,140180902,140180902-24885,25-44,Male,Black
15145,140195504,140195504-24221,18-24,Male,Black
15146,140195504,140195504-24222,25-44,Male,Black
15147,140398530,140398530-24310,25-44,Male,White Hispanic
15148,140435766,140435766-24210,25-44,Male,White Hispanic
15149,140435766,140435766-24262,18-24,Male,Black Hispanic
15150,140501473,140501473-24279,18-24,Male,White Hispanic
15151,140522804,140522804-24325,18-24,Male,Black
15152,140522804,140522804-24661,25-44,Male,Black
15153,140600553,140600553-25282,18-24,Male,Black Hispanic
15154,140600553,140600553-25320,18-24,Male,Black Hispanic
15155,140628573,140628573-24368,25-44,Male,Black
15156,140628573,140628573-24369,25-44,Male,Black
15157,140643797,140643797-24253,25-44,Male,Black Hispanic
15158,140643797,140643797-24258,18-24,Male,Black
15159,140688856,140688856-24309,18-24,Male,Black
15160,140697169,140697169-24251,25-44,Male,Black
15161,140821311,140821311-24287,<18,Male,Black Hispanic
15162,140821311,140821311-24288,<18,Male,Black
15163,140826839,140826839-24282,18-24,Male,Black
15164,140879490,140879490-24296,25-44,Male,White Hispanic
15165,140879490,140879490-24297,25-44,Male,White Hispanic
15166,140879490,140879490-24298,25-44,Male,White Hispanic
15167,141003370,141003370-24318,18-24,Male,Black
15168,141003370,141003370-24322,18-24,Male,Black
15169,141042043,141042043-24345,18-24,Male,Black
15170,141291071,141291071-24347,25-44,Male,Black
15171,141351410,141351410-24955,25-44,Male,Black
15172,141913428,141913428-24436,25-44,Male,Black
15173,141913428,141913428-24465,25-44,Male,Black
15174,142091379,142091379-24402,18-24,Male,Black
15175,142141764,142141764-24841,18-24,Male,Black
15176,142247967,142247967-24630,1020,Male,Black
15177,142324890,142324890-24506,25-44,Male,Black
15178,142324890,142324890-24571,18-24,Female,Black
15179,142620865,142620865-24668,18-24,Male,White Hispanic
15180,142620865,142620865-24698,18-24,Male,White Hispanic
15181,142858797,142858797-24606,18-24,Male,Black
15182,142858797,142858797-25008,25-44,Male,Asian / Pacific Islander
15183,142978753,142978753-26853,25-44,Male,Black
15184,142978753,142978753-26854,25-44,Male,Black
15185,143186568,143186568-24577,25-44,Male,Black
15186,143186568,143186568-25024,25-44,Male,Black
15187,143582954,143582954-24588,25-44,Male,White Hispanic
15188,143582954,143582954-24589,18-24,Male,White Hispanic
15189,144055499,144055499-24703,18-24,Male,White Hispanic
15190,144323113,144323113-24632,18-24,Male,Black
15191,144479293,144479293-24650,25-44,Male,Black
15192,144609762,144609762-24846,<18,Male,Black
15193,144699874,144699874-24659,25-44,Male,White Hispanic
15194,144990018,144990018-24679,18-24,Male,Black
15195,145064953,145064953-24693,18-24,Male,Black Hispanic
15196,145179746,145179746-24706,<18,Male,Black
15197,145318643,145318643-24710,25-44,Male,Black
15198,145351464,145351464-24961,18-24,Male,Black Hispanic
15199,145351464,145351464-24962,18-24,Male,White Hispanic
15200,145559209,145559209-24726,25-44,Male,Black
15201,145735239,145735239-1,25-44,Male,Black
15202,145924876,145924876-24772,18-24,Male,Black
15203,145924878,145924878-24889,25-44,Male,Black
15204,145931250,145931250-24775,18-24,Male,Black
15205,145953843,145953843-24776,18-24,Male,White Hispanic
15206,146019021,146019021-24787,25-44,Male,Black
15207,146291686,146291686-25048,25-44,Male,Black
15208,146462812,146462812-24829,18-24,Male,Black
15209,146910068,146910068-24990,18-24,Male,Black
15210,147095355,147095355-24973,25-44,Male,White Hispanic
15211,147443633,147443633-26670,25-44,Male,Black Hispanic
15212,148429650,148429650-25069,65+,Male,White
15213,148520190,148520190-25078,18-24,Male,Black
15214,148561318,148561318-25081,18-24,Male,Black
15215,149454099,149454099-25176,25-44,Male,Black
15216,149469750,149469750-26791,25-44,Male,Black
15217,149469750,149469750-26792,25-44,Male,Black
15218,149469750,149469750-26797,25-44,Male,Black
15219,150067449,150067449-25194,45-64,Male,Black
15220,150165507,150165507-25185,25-44,Male,Black
15221,150165507,150165507-25186,18-24,Male,Black
15222,150165507,150165507-25187,25-44,Male,Black
15223,150705406,150705406-25230,18-24,Male,Black
15224,151175138,151175138-25273,18-24,Male,White
15225,151175140,151175140-25514,18-24,Male,Black
15226,151175141,151175141-25277,18-24,Male,White Hispanic
15227,151527280,151527280-25382,25-44,Male,Black
15228,152146927,152146927-25488,18-24,Male,Black
15229,152146927,152146927-26332,18-24,Male,Black
15230,152146931,152146931-25360,<18,Male,Black
15231,152360841,152360841-26330,18-24,Male,White Hispanic
15232,152507746,152507746-25498,25-44,Male,Black
15233,152507746,152507746-25499,25-44,Male,Black
15234,152507746,152507746-25500,25-44,Male,Black
15235,153907445,153907445-26469,18-24,Male,White Hispanic
15236,154177095,154177095-25730,25-44,Male,Black
15237,154350740,154350740-25532,18-24,Male,White Hispanic
15238,155169941,155169941-25575,25-44,Male,Black
15239,155169941,155169941-25695,25-44,Male,Black
15240,155404911,155404911-26107,<18,Male,Black
15241,155711532,155711532-26584,18-24,Male,Black
15242,155775946,155775946-25646,45-64,Male,White Hispanic
15243,156887023,156887023-25773,25-44,Male,Black Hispanic
15244,157235074,157235074-25785,25-44,Male,Black
15245,158064296,158064296-25882,25-44,Male,Black
15246,158064296,158064296-25883,18-24,Male,Black
15247,158263711,158263711-25873,18-24,Male,Black
15248,158475211,158475211-25904,18-24,Male,Black
15249,159184559,159184559-25968,18-24,Female,White
15250,159248465,159248465-25998,25-44,Male,Black
15251,159673397,159673397-26009,25-44,Male,Black
15252,161311802,161311802-26088,25-44,Male,Black
15253,162097560,162097560-26233,<18,Male,Black
15254,162111400,162111400-26155,18-24,Male,Black
15255,162111400,162111400-26156,18-24,Male,Black
15256,162111400,162111400-26157,18-24,Male,Black
15257,162111400,162111400-26158,18-24,Male,Black
15258,164398215,164398215-26293,25-44,Male,Black
15259,164781320,164781320-26319,25-44,Male,Black
15260,164781320,164781320-26324,18-24,Male,Black
15261,164959870,164959870-26335,45-64,Male,Black
15262,165337586,165337586-26353,18-24,Male,Black
15263,165337586,165337586-26354,18-24,Male,White Hispanic
15264,165379103,165379103-1,25-44,Male,Black
15265,166188048,166188048-26397,25-44,Male,White
15266,166412374,166412374-26436,25-44,Male,White Hispanic
15267,166412374,166412374-26477,25-44,Female,White Hispanic
15268,166765843,166765843-26446,25-44,Male,Black
15269,167226507,167226507-26494,<18,Male,Black Hispanic
15270,167425281,167425281-26522,25-44,Male,Black
15271,168306279,168306279-26666,18-24,Male,Black
15272,168306279,168306279-26667,18-24,Male,Black
15273,168378723,168378723-26665,18-24,Male,Black
15274,168780018,168780018-26613,25-44,Male,Black
15275,168780023,168780023-26619,25-44,Male,Black
15276,168780023,168780023-26620,25-44,Male,Black Hispanic
15277,169454718,169454718-26636,25-44,Male,Black
15278,169602971,169602971-26668,18-24,Male,Black Hispanic
15279,169802077,169802077-26751,25-44,Male,Black
15280,170264299,170264299-26702,25-44,Male,Black
15281,170264299,170264299-26703,18-24,Female,White Hispanic
15282,170264299,170264299-26709,18-24,Female,Black
15283,170435754,170435754-26711,18-24,Male,Black
15284,170955516,170955516-26735,25-44,Male,Black
15285,171509875,171509875-26771,25-44,Male,Black
15286,171670304,171670304-26788,18-24,Male,White Hispanic
15287,171692497,171692497-26787,25-44,Male,White Hispanic
15288,171848200,171848200-26794,18-24,Male,Black
15289,171990079,171990079-26808,25-44,Male,Black
15290,172161396,172161396-26824,<18,Male,Black
15291,172161396,172161396-26836,18-24,Male,Black
15292,173084537,173084537-26900,18-24,Male,Black Hispanic
15293,173528070,173528070-26911,<18,Male,Black
15294,173696362,173696362-26939,25-44,Male,Black
15295,173696362,173696362-26940,25-44,Male,Black
15296,175867972,175867972-27018,25-44,Male,Black
15297,177204824,177204824-27058,18-24,Male,Black
15298,181094483,181094483-27147,25-44,Male,Black
15299,182754056,182754056-27145,45-64,Male,Black
15300,182754056,182754056-27146,25-44,Male,Black
15301,182973667,182973667-27152,18-24,Male,White Hispanic
15302,183060718,183060718-27157,18-24,Male,Black Hispanic
15303,183060718,183060718-27158,18-24,Male,Black Hispanic
15304,183060718,183060718-27159,18-24,Male,Black Hispanic
15305,183583891,183583891-27186,25-44,Male,Black
15306,184058462,184058462-27208,25-44,Male,Black
15307,184246883,184246883-27219,25-44,Male,Black
15308,184396806,184396806-27229,25-44,Male,Black Hispanic
15309,184779095,184779095-27380,18-24,Male,Black
15310,185208849,185208849-1,18-24,Male,Black
15311,185406274,185406274-27318,25-44,Male,Black
15312,185849660,185849660-1,18-24,Male,Black
15313,186876043,186876043-1,25-44,Male,White Hispanic
15314,186876046,186876046-1,18-24,Male,Black
15315,187985492,187985492-1,25-44,Male,Black
15316,187985493,187985493-1,25-44,Male,Black
15317,188235489,188235489-1,25-44,Male,Black
15318,188235489,188235489-2,18-24,Male,Black
15319,188235489,188235489-3,18-24,Male,Black
15320,188235489,188235489-4,18-24,Male,Black
15321,188235491,188235491-1,25-44,Male,Black
15322,188312129,188312129-2,18-24,Male,Black
15323,188312129,188312129-3,18-24,Male,Black
15324,188810228,188810228-1,18-24,Male,Black
15325,190170259,190170259-1,18-24,Male,Black Hispanic
15326,190170259,190170259-2,18-24,Male,White Hispanic
15327,190170259,190170259-3,25-44,Male,White Hispanic
15328,190802850,190802850-1,25-44,Male,White Hispanic
15329,192301917,192301917-1,45-64,Female,Black
15330,192301917,192301917-2,25-44,Male,Black
15331,193118591,193118591-1,25-44,Male,White Hispanic
15332,193118591,193118591-2,18-24,Male,White Hispanic
15333,193118591,193118591-3,18-24,Male,White Hispanic
15334,193462347,193462347-2,<18,Male,Black
15335,193694861,193694861-1,25-44,Male,White Hispanic
15336,194525845,194525845-1,18-24,Male,Black
15337,194817573,194817573-1,45-64,Male,White Hispanic
15338,195553175,195553175-1,25-44,Male,Black
15339,196193415,196193415-1,25-44,Male,Black
15340,196276904,196276904-1,25-44,Male,Black
15341,196730309,196730309-1,25-44,Male,Black Hispanic
15342,197953463,197953463-1,25-44,Male,Black Hispanic
15343,198052647,198052647-1,18-24,Male,Black
15344,198052647,198052647-2,18-24,Male,Black
15345,198255459,198255459-1,18-24,Male,Black
15346,198255459,198255459-2,18-24,Male,Black
15347,198255459,198255459-3,18-24,Male,Black Hispanic
15348,198255459,198255459-4,18-24,Male,Black Hispanic
15349,198255459,198255459-5,18-24,Male,Black Hispanic
15350,198405076,198405076-1,18-24,Male,Unknown
15351,198705943,198705943-1,25-44,Male,Black
15352,199061351,199061351-1,18-24,Male,Black
15353,199134399,199134399-1,18-24,Male,Black
15354,199134405,199134405-1,25-44,Male,Black
15355,199134405,199134405-2,25-44,Male,Black
15356,199728579,199728579-1,25-44,Male,Black
15357,199728579,199728579-2,25-44,Male,White Hispanic
15358,199728579,199728579-3,<18,Male,Black
15359,199744071,199744071-1,25-44,Male,White Hispanic
15360,200263248,200263248-1,18-24,Male,Black
15361,200408150,200408150-2,18-24,Male,Black
15362,201089982,201089982-1,25-44,Male,Black
15363,201089982,201089982-2,18-24,Male,Black
15364,201141629,201141629-1,25-44,Male,Black
15365,201613991,201613991-1,25-44,Male,Black Hispanic
15366,202944932,202944932-1,25-44,Female,Black Hispanic
15367,203211776,203211776-1,18-24,Male,White Hispanic
15368,203211776,203211776-2,18-24,Male,Black Hispanic
15369,203211776,203211776-3,18-24,Male,White Hispanic
15370,204294844,204294844-1,25-44,Male,Black
15371,204971620,204971620-1,18-24,Male,Black
15372,205280238,205280238-1,<18,Male,Black
15373,205771022,205771022-1,<18,Male,Black
15374,207502263,207502263-1,45-64,Male,Black Hispanic
15375,210758101,210758101-1,18-24,Male,Black
15376,210789007,210789007-1,18-24,Male,Black
15377,212170023,212170023-1,25-44,Male,Black
15378,212558133,212558133-1,45-64,Male,Black
15379,212558133,212558133-2,18-24,Female,Black
15380,213291457,213291457-1,25-44,Male,Black
15381,213336457,213336457-1,25-44,Male,White Hispanic
15382,213724258,213724258-1,18-24,Male,White Hispanic
15383,214102398,214102398-1,<18,Male,Black
15384,214102398,214102398-2,25-44,Male,Asian / Pacific Islander
15385,214102398,214102398-3,25-44,Male,Asian / Pacific Islander
15386,214214865,214214865-1,<18,Male,Black
15387,214729181,214729181-1,25-44,Male,Black
15388,214948389,214948389-1,18-24,Male,Black
15389,215034244,215034244-1,25-44,Male,Black
15390,215034244,215034244-2,18-24,Male,Black
15391,215034244,215034244-3,25-44,Male,Black
15392,215034244,215034244-4,18-24,Male,White Hispanic
15393,215225146,215225146-1,25-44,Male,Black
15394,215225154,215225154-1,18-24,Male,Black
15395,215302969,215302969-1,18-24,Male,Black
15396,215303001,215303001-1,<18,Male,Black
15397,215776719,215776719-1,25-44,Male,Black Hispanic
15398,216511818,216511818-1,25-44,Male,Black
15399,216517702,216517702-1,45-64,Male,Black
15400,216922896,216922896-2,18-24,Male,Black
15401,217220154,217220154-1,18-24,Male,Black
15402,217220154,217220154-2,25-44,Male,Black
15403,217256574,217256574-1,45-64,Male,Black
15404,217256574,217256574-2,45-64,Male,Black
15405,217368571,217368571-1,25-44,Male,Black
15406,217421309,217421309-1,25-44,Male,Black
15407,217421309,217421309-2,18-24,Male,Black
15408,217839090,217839090-1,25-44,Male,Black
15409,218393700,218393700-1,25-44,Male,Black
15410,218418262,218418262-1,65+,Male,White
15411,218830984,218830984-1,<18,Male,Black
15412,218830984,218830984-2,18-24,Male,Black
15413,218904136,218904136-1,18-24,Male,Black
15414,219247174,219247174-1,25-44,Male,Black
15415,219861977,219861977-1,<18,Male,Black
15416,220063007,220063007-1,18-24,Male,Asian / Pacific Islander
15417,220063007,220063007-2,<18,Male,White Hispanic
15418,220253803,220253803-1,25-44,Male,Black
15419,220553700,220553700-1,18-24,Male,Asian / Pacific Islander
15420,220866606,220866606-1,<18,Male,Black
15421,220866606,220866606-2,<18,Male,Black
15422,220870730,220870730-1,45-64,Male,White Hispanic
15423,220963165,220963165-1,25-44,Male,Black
15424,221025255,221025255-1,18-24,Male,Black
15425,221025255,221025255-2,18-24,Male,Black
15426,221098040,221098040-1,25-44,Male,Black
15427,221277143,221277143-1,25-44,Male,Black Hispanic
15428,221766735,221766735-1,25-44,Male,Black
15429,221837317,221837317-1,25-44,Male,Black
15430,221890615,221890615-1,18-24,Male,Black
15431,222050826,222050826-1,18-24,Male,Black
15432,222081368,222081368-1,25-44,Male,Black
15433,222466833,222466833-1,18-24,Male,Black
15434,222466833,222466833-2,18-24,Male,Black
15435,223819780,223819780-1,25-44,Male,Black
15436,224646720,224646720-1,18-24,Male,Black
15437,224952438,224952438-1,25-44,Male,Black Hispanic
15438,225385468,225385468-1,18-24,Male,Black
15439,225385468,225385468-2,25-44,Male,Black
15440,225601139,225601139-1,25-44,Male,White Hispanic
15441,225601139,225601139-2,25-44,Female,Black
15442,225832570,225832570-1,18-24,Male,Black
15443,226203719,226203719-1,18-24,Male,Black
15444,226320600,226320600-1,18-24,Male,White
15445,226542631,226542631-1,18-24,Male,Black
15446,226598087,226598087-1,25-44,Male,Black
15447,227266591,227266591-1,18-24,Male,Black
15448,227344445,227344445-1,25-44,Male,Black
15449,227551204,227551204-1,18-24,Male,Black
15450,227950647,227950647-1,18-24,Male,Black
15451,227950650,227950650-1,25-44,Male,Black
15452,228109389,228109389-1,25-44,Male,Black
15453,228252163,228252163-1,25-44,Male,Black
15454,228252165,228252165-1,<18,Male,Black
15455,228917763,228917763-1,25-44,Male,Black
15456,229298335,229298335-1,25-44,Male,White Hispanic
15457,229507142,229507142-1,25-44,Male,Black
15458,229995493,229995493-2,18-24,Male,Black Hispanic
15459,230190941,230190941-1,25-44,Male,Black
15460,230247120,230247120-1,25-44,Male,Black
15461,231969566,231969566-1,25-44,Male,Black
15462,232193235,232193235-1,18-24,Male,Black
15463,232299783,232299783-1,18-24,Male,Black
15464,232299783,232299783-2,18-24,Male,Black
15465,232331294,232331294-1,18-24,Male,Black
15466,232331294,232331294-2,18-24,Male,Black
15467,232497426,232497426-1,18-24,Male,Black
15468,232497426,232497426-2,18-24,Male,Black
15469,233429422,233429422-1,25-44,Male,Black
15470,233431367,233431367-1,25-44,Male,White Hispanic
15471,233998524,233998524-1,45-64,Male,Black
15472,234143776,234143776-1,25-44,Male,Black Hispanic
15473,234973159,234973159-1,25-44,Male,Black
15474,234973159,234973159-2,18-24,Male,White Hispanic
15475,235091846,235091846-1,18-24,Male,Black
15476,235208442,235208442-1,25-44,Male,Black
15477,236254076,236254076-1,18-24,Male,Black
15478,236326558,236326558-1,25-44,Male,Black
15479,236761011,236761011-1,45-64,Male,White Hispanic
15480,236817420,236817420-1,25-44,Male,White Hispanic
15481,236877535,236877535-1,25-44,Male,Black
15482,237012944,237012944-1,18-24,Female,Black
15483,237012944,237012944-2,18-24,Male,Black
15484,237278623,237278623-1,25-44,Male,Black
15485,237360779,237360779-1,25-44,Male,Black
15486,238009968,238009968-1,25-44,Male,Black
15487,238344522,238344522-1,25-44,Male,Black
15488,238855054,238855054-1,25-44,Male,Black Hispanic
15489,238885819,238885819-1,25-44,Male,Black
15490,238885819,238885819-2,18-24,Male,Black
15491,238885819,238885819-3,25-44,Female,Black
15492,239207164,239207164-1,18-24,Male,Black
15493,239207164,239207164-2,18-24,Male,Black
15494,239639190,239639190-1,25-44,Male,Black
15495,241569427,241569427-1,18-24,Male,Black
15496,241800375,241800375-1,25-44,Male,Black
15497,242158427,242158427-1,25-44,Male,Black
15498,242158427,242158427-2,<18,Male,Black
15499,242740110,242740110-1,18-24,Male,Black
15500,242833882,242833882-1,25-44,Female,Black
15501,242833882,242833882-2,25-44,Male,Black
15502,243254969,243254969-1,18-24,Male,Black
15503,243566883,243566883-1,18-24,Male,Black
15504,243566883,243566883-2,18-24,Male,Black
15505,243566883,243566883-3,18-24,Male,Black
15506,243566883,243566883-4,18-24,Male,Black
15507,243770731,243770731-1,25-44,Male,Black
15508,244062618,244062618-1,25-44,Male,Black
15509,244088129,244088129-1,25-44,Male,White Hispanic
15510,244279284,244279284-1,25-44,Male,White
15511,244279288,244279288-1,<18,Male,Black
15512,244442668,244442668-1,45-64,Male,Black Hispanic
15513,244858285,244858285-1,18-24,Male,Black
15514,246153131,246153131-1,25-44,Male,Black
15515,246416611,246416611-1,18-24,Male,Black
15516,246416611,246416611-2,18-24,Male,Black Hispanic
15517,246416611,246416611-3,25-44,Male,Black
15518,246416611,246416611-4,18-24,Male,Black Hispanic
15519,246553894,246553894-1,18-24,Male,Black
15520,246840466,246840466-1,25-44,Male,White Hispanic
15521,247366022,247366022-1,18-24,Male,Black
15522,247366022,247366022-2,25-44,Male,Black
15523,247366022,247366022-3,25-44,Male,Black
15524,247366022,247366022-4,18-24,Male,Black
15525,247524803,247524803-1,25-44,Male,Black
15526,247624843,247624843-1,45-64,Male,White Hispanic
15527,247820057,247820057-1,25-44,Male,Black Hispanic
15528,247837111,247837111-1,25-44,Male,Black
15529,248104661,248104661-1,25-44,Male,Black
15530,248157447,248157447-1,25-44,Male,Black
15531,248205289,248205289-1,18-24,Male,Black
15532,248390241,248390241-1,25-44,Male,Black Hispanic
15533,248425572,248425572-1,<18,Male,Black
15534,248425572,248425572-2,<18,Male,Black Hispanic
15535,248480012,248480012-1,18-24,Male,Black
15536,248661285,248661285-1,25-44,Female,Black
15537,249182350,249182350-1,<18,Male,Black
15538,249207672,249207672-1,<18,Male,Black
15539,249207672,249207672-2,18-24,Female,White
15540,249207672,249207672-3,25-44,Male,Black
15541,249207672,249207672-5,18-24,Male,White Hispanic
15542,249207672,249207672-6,18-24,Male,Black
15543,249207672,249207672-7,25-44,Male,Black
15544,249623006,249623006-1,18-24,Male,Black
15545,231133996,231133996-4,18-24,Male,Black
15546,231390985,231390985-1,18-24,Male,Black
15547,231390985,231390985-2,18-24,Male,Black
15548,231635822,231635822-1,25-44,Male,White Hispanic
15549,231638077,231638077-1,25-44,Male,Black
15550,231638077,231638077-2,25-44,Male,Black
15551,231941264,231941264-1,<18,Male,Black
15552,232390407,232390407-1,18-24,Male,Black Hispanic
15553,232390407,232390407-2,25-44,Male,White Hispanic
15554,232592201,232592201-1,25-44,Male,Black
15555,232632359,232632359-1,25-44,Male,Black
15556,233199172,233199172-1,25-44,Male,White Hispanic
15557,234756220,234756220-1,18-24,Male,White
15558,235246198,235246198-1,25-44,Male,Black Hispanic
15559,235246199,235246199-1,25-44,Male,White Hispanic
15560,235259979,235259979-1,45-64,Male,Black
15561,235765523,235765523-1,25-44,Male,Black
15562,235906916,235906916-1,25-44,Male,Black
15563,236650847,236650847-1,<18,Male,White Hispanic
15564,237362980,237362980-1,25-44,Male,Black Hispanic
15565,237712309,237712309-1,25-44,Male,Black
15566,237712309,237712309-2,25-44,Male,Black Hispanic
15567,238036436,238036436-1,18-24,Male,Black
15568,238036436,238036436-2,18-24,Male,Black
15569,239630237,239630237-1,25-44,Male,Black
15570,239648526,239648526-1,25-44,Male,Black
15571,240438094,240438094-1,18-24,Male,Black
15572,240542920,240542920-1,25-44,Male,Black
15573,240761584,240761584-1,25-44,Male,Black
15574,241344342,241344342-1,18-24,Male,Black
15575,241344342,241344342-2,18-24,Male,Black
15576,241439424,241439424-1,25-44,Male,Black
15577,241439424,241439424-2,45-64,Male,Black
15578,241729341,241729341-1,18-24,Male,Black
15579,242046759,242046759-1,25-44,Male,Black
15580,242092030,242092030-1,25-44,Male,Asian / Pacific Islander
15581,242289684,242289684-1,25-44,Female,Black
15582,242289684,242289684-2,25-44,Male,Black
15583,242439532,242439532-1,25-44,Male,Black
15584,242926789,242926789-1,18-24,Male,Black Hispanic
15585,242926789,242926789-2,18-24,Male,Black Hispanic
15586,243115070,243115070-1,25-44,Male,White Hispanic
15587,243566420,243566420-1,18-24,Male,Black Hispanic
15588,243767115,243767115-1,25-44,Male,Asian / Pacific Islander
15589,243767115,243767115-2,25-44,Male,Asian / Pacific Islander
15590,244430638,244430638-1,25-44,Male,Black
15591,244442194,244442194-1,<18,Male,Black
15592,244442670,244442670-1,45-64,Male,White
15593,245019505,245019505-1,18-24,Male,Black
15594,245466214,245466214-1,25-44,Male,Black
15595,245665381,245665381-1,25-44,Male,Black
15596,245930131,245930131-1,18-24,Male,Black
15597,246050355,246050355-1,18-24,Male,Black
15598,246153130,246153130-1,18-24,Male,Black
15599,246162767,246162767-1,45-64,Male,Black
15600,246876579,246876579-1,<18,Male,Black
15601,246876579,246876579-2,25-44,Male,Black
15602,246876579,246876579-3,18-24,Male,Black
15603,247290300,247290300-1,25-44,Male,White Hispanic
15604,247492010,247492010-1,18-24,Male,Black Hispanic
15605,247492010,247492010-2,25-44,Male,White Hispanic
15606,247492010,247492010-3,18-24,Male,Black Hispanic
15607,247542075,247542075-1,25-44,Male,Black
15608,247542075,247542075-2,25-44,Male,Black
15609,247664546,247664546-1,18-24,Male,Black Hispanic
15610,247664546,247664546-2,<18,Male,Black Hispanic
15611,247664546,247664546-3,<18,Male,Black Hispanic
15612,248783825,248783825-1,25-44,Male,Black
15613,249550473,249550473-1,<18,Male,White Hispanic
15614,250181106,250181106-1,25-44,Male,Black
15615,250675020,250675020-1,18-24,Male,Black
15616,250922918,250922918-1,25-44,Female,White Hispanic
15617,251216079,251216079-1,25-44,Male,Black
15618,251249966,251249966-1,18-24,Male,Black
15619,251277230,251277230-1,18-24,Male,White Hispanic
15620,252329881,252329881-1,18-24,Male,Black
15621,252584054,252584054-1,18-24,Male,White Hispanic
15622,252647955,252647955-1,65+,Male,Black
15623,252672052,252672052-1,25-44,Male,Black
15624,253591892,253591892-1,25-44,Male,Black Hispanic
15625,253592471,253592471-1,18-24,Male,Black
15626,254312331,254312331-1,18-24,Male,Black Hispanic
15627,254369463,254369463-1,45-64,Female,Black
15628,254418307,254418307-1,<18,Male,Black
15629,254418307,254418307-2,18-24,Male,Black
15630,254541649,254541649-1,25-44,Male,Black
15631,254619179,254619179-1,25-44,Male,White Hispanic
15632,255127617,255127617-1,25-44,Male,Black
15633,255179713,255179713-1,18-24,Male,White Hispanic
15634,255746295,255746295-1,25-44,Male,White Hispanic
15635,256123141,256123141-1,<18,Male,Black
15636,256484815,256484815-1,45-64,Male,Black
15637,261437903,261437903-1,<18,Male,Black
15638,261444577,261444577-2,25-44,Male,Black
15639,261528413,261528413-1,18-24,Male,Black Hispanic
15640,261579696,261579696-1,25-44,Male,Black
15641,261579696,261579696-2,25-44,Male,Black
15642,262808152,262808152-1,<18,Male,Black
15643,263141403,263141403-1,18-24,Male,Black
15644,264600809,264600809-1,18-24,Male,White Hispanic
15645,265006009,265006009-1,25-44,Male,White Hispanic
15646,265124475,265124475-1,18-24,Male,Black
15647,265339109,265339109-1,18-24,Male,Black
15648,266896911,266896911-1,45-64,Male,Black
15649,268973603,268973603-1,25-44,Male,Black
15650,268973603,268973603-2,45-64,Female,Black
15651,269121984,269121984-1,<18,Male,Black
15652,269121984,269121984-2,<18,Male,Black
15653,269121985,269121985-1,25-44,Male,Black
15654,270079203,270079203-1,25-44,Male,Black
15655,270719379,270719379-1,25-44,Male,White Hispanic
15656,270760814,270760814-1,25-44,Male,Black
15657,271021661,271021661-1,25-44,Male,White Hispanic
15658,271751339,271751339-1,25-44,Male,Black
15659,271751339,271751339-2,18-24,Male,Black
15660,271751339,271751339-3,18-24,Male,Black
15661,271751339,271751339-4,18-24,Male,Black
15662,272003932,272003932-1,18-24,Male,Black Hispanic
15663,272166516,272166516-1,25-44,Female,Black Hispanic
15664,272166516,272166516-2,25-44,Male,Black
15665,273301858,273301858-1,25-44,Male,Black
15666,273301861,273301861-1,25-44,Male,Black
15667,273301861,273301861-2,18-24,Male,Black
15668,273816262,273816262-1,45-64,Male,Black
15669,273899115,273899115-1,18-24,Male,Black
15670,274020434,274020434-1,25-44,Male,Black
15671,274020434,274020434-2,25-44,Male,Black
15672,274885238,274885238-1,<18,Male,Black
15673,275053557,275053557-1,<18,Male,Black
15674,276509562,276509562-1,<18,Male,Black
15675,276676881,276676881-1,<18,Male,Black Hispanic
15676,278066396,278066396-1,25-44,Male,Black
15677,278721173,278721173-1,45-64,Male,Black
15678,279081320,279081320-1,25-44,Male,Black
15679,279427921,279427921-1,18-24,Male,Black
15680,279427921,279427921-2,18-24,Male,Black
15681,279427922,279427922-1,18-24,Male,Black Hispanic
15682,279799858,279799858-1,25-44,Male,Black Hispanic
15683,279799858,279799858-2,25-44,Male,White Hispanic
15684,281343761,281343761-1,45-64,Male,Black
15685,282780443,282780443-1,18-24,Male,Black
15686,284321060,284321060-1,25-44,Male,Black Hispanic
15687,284584434,284584434-1,18-24,Male,Black Hispanic
15688,284584435,284584435-1,25-44,Male,Black
15689,285203894,285203894-1,18-24,Male,Black
15690,286038324,286038324-1,18-24,Male,White Hispanic
15691,286098203,286098203-1,25-44,Male,Black
15692,286098203,286098203-2,25-44,Male,Black
15693,286523177,286523177-1,25-44,Male,Black
15694,286523177,286523177-2,<18,Male,Black Hispanic
15695,287262614,287262614-1,18-24,Male,Black
15696,287262614,287262614-2,25-44,Male,Black
15697,287262614,287262614-3,18-24,Male,Black
15698,287671761,287671761-1,25-44,Male,Black Hispanic
15699,288208645,288208645-1,25-44,Male,Black
15700,288978576,288978576-1,25-44,Male,Black
15701,289111776,289111776-1,25-44,Male,Black
15702,289111776,289111776-2,25-44,Male,Black
15703,289124111,289124111-1,<18,Male,Black
15704,289173684,289173684-1,18-24,Male,White Hispanic
15705,289349456,289349456-1,25-44,Male,Black
15706,289703524,289703524-1,45-64,Male,Black
15707,289747221,289747221-1,18-24,Male,Black
15708,289881880,289881880-1,25-44,Male,Black
15709,290044412,290044412-1,45-64,Male,White Hispanic
15710,290044412,290044412-2,45-64,Male,Black Hispanic
15711,290100029,290100029-1,18-24,Male,Black
15712,290609663,290609663-1,<18,Male,Black Hispanic
15713,291151312,291151312-1,<18,Male,Black Hispanic
15714,291476092,291476092-1,25-44,Male,Black
15715,291477430,291477430-1,25-44,Male,Black
15716,291957215,291957215-1,45-64,Male,Black
15717,291957215,291957215-2,25-44,Male,Black
15718,292138056,292138056-1,18-24,Male,Black Hispanic
15719,294062784,294062784-1,25-44,Male,Black
15720,296132712,296132712-1,<18,Male,Black
15721,296246346,296246346-1,25-44,Male,Black
15722,296248355,296248355-1,45-64,Male,Black
15723,296248355,296248355-2,25-44,Male,Black
15724,297354010,297354010-1,25-44,Male,Black
15725,297354010,297354010-2,18-24,Male,Black
15726,297712292,297712292-1,18-24,Male,White Hispanic
15727,298034553,298034553-1,45-64,Male,Black
15728,298034553,298034553-2,18-24,Male,Black
15729,298461889,298461889-1,25-44,Male,Black
15730,298877584,298877584-1,45-64,Male,White Hispanic
15731,299453927,299453927-1,25-44,Male,Black
15732,301313415,301313415-1,<18,Male,Black
15733,301860130,301860130-1,<18,Male,Black
15734,303301268,303301268-1,25-44,Male,White Hispanic
15735,303829749,303829749-1,25-44,Male,Black
15736,303898919,303898919-1,25-44,Male,Black
15737,304666141,304666141-1,25-44,Male,Asian / Pacific Islander
15738,305004828,305004828-1,25-44,Male,White Hispanic
15739,305004828,305004828-2,18-24,Male,White Hispanic
15740,306234142,306234142-1,18-24,Male,Black
15741,307442122,307442122-1,25-44,Male,Black
15742,307682167,307682167-1,25-44,Male,Black
15743,308312284,308312284-1,25-44,Male,Black
15744,308478573,308478573-1,25-44,Male,White Hispanic
15745,308517351,308517351-1,<18,Male,Black
15746,308763150,308763150-1,18-24,Male,Black
15747,309147442,309147442-1,25-44,Male,Black
15748,309456641,309456641-1,45-64,Male,Black
15749,309456641,309456641-2,25-44,Male,Black Hispanic
15750,310357834,310357834-1,25-44,Male,Black
15751,310368190,310368190-1,45-64,Male,Black
15752,310368190,310368190-2,45-64,Male,Black
15753,310867868,310867868-1,18-24,Male,Black
15754,311327863,311327863-1,18-24,Male,Black
15755,311327863,311327863-2,25-44,Male,Black
15756,311327863,311327863-3,25-44,Male,Black
15757,311757222,311757222-1,18-24,Male,White Hispanic
15758,311757222,311757222-2,25-44,Male,Black
15759,311757222,311757222-3,<18,Male,Black
15760,311757222,311757222-4,<18,Male,Black
15761,312371510,312371510-1,18-24,Male,Black
15762,312371510,312371510-2,18-24,Male,Black
15763,313097430,313097430-1,25-44,Male,White Hispanic
15764,313097430,313097430-2,25-44,Male,Black
15765,313097430,313097430-3,25-44,Male,Black
15766,313284602,313284602-1,25-44,Male,Black
15767,313716449,313716449-1,<18,Male,White Hispanic
15768,315819010,315819010-1,18-24,Male,Black
15769,315819010,315819010-2,18-24,Male,White Hispanic
15770,316084561,316084561-1,25-44,Male,White Hispanic
15771,316245668,316245668-1,25-44,Male,White Hispanic
15772,316579811,316579811-1,25-44,Male,Black
15773,317958645,317958645-1,18-24,Male,Black
15774,318080322,318080322-1,25-44,Male,White Hispanic
15775,244335706,244335706-1,18-24,Male,Black
15776,244335706,244335706-2,25-44,Male,Black
15777,244442192,244442192-1,25-44,Male,Black Hispanic
15778,244442192,244442192-2,25-44,Female,Black
15779,245106712,245106712-1,18-24,Male,Black
15780,245820993,245820993-1,25-44,Male,Black
15781,245857699,245857699-1,18-24,Male,Black
15782,245857699,245857699-2,18-24,Male,Black
15783,245857699,245857699-3,18-24,Female,Black Hispanic
15784,246162765,246162765-1,45-64,Male,Black
15785,246212285,246212285-1,<18,Male,Black
15786,246416610,246416610-1,25-44,Male,Black Hispanic
15787,246876580,246876580-1,25-44,Male,Black
15788,247099745,247099745-1,25-44,Male,Black
15789,247779492,247779492-1,18-24,Male,Black Hispanic
15790,247880311,247880311-1,25-44,Male,Black
15791,248067132,248067132-1,25-44,Male,Black
15792,248440041,248440041-1,18-24,Male,White Hispanic
15793,248540223,248540223-1,25-44,Male,Black
15794,248602151,248602151-1,18-24,Male,Black
15795,248845355,248845355-1,25-44,Male,Black
15796,249478347,249478347-1,25-44,Male,Black
15797,249502219,249502219-2,18-24,Male,Black
15798,249910517,249910517-1,25-44,Male,Black
15799,249940123,249940123-1,45-64,Male,Black
15800,250280353,250280353-1,45-64,Male,Black
15801,250752755,250752755-1,<18,Male,Black
15802,251103213,251103213-1,25-44,Male,Black Hispanic
15803,251103213,251103213-2,18-24,Male,Black Hispanic
15804,251103213,251103213-3,25-44,Male,Black Hispanic
15805,252273677,252273677-1,25-44,Male,Black
15806,252837123,252837123-1,25-44,Male,Black
15807,253105269,253105269-1,18-24,Male,Black
15808,253105269,253105269-2,18-24,Male,Black
15809,253105269,253105269-3,<18,Male,White
15810,253105269,253105269-4,<18,Male,White Hispanic
15811,253105269,253105269-5,18-24,Male,White Hispanic
15812,253105269,253105269-6,18-24,Male,Black
15813,253344206,253344206-1,18-24,Male,Black Hispanic
15814,254000626,254000626-1,18-24,Male,Black
15815,254051613,254051613-1,18-24,Male,Black
15816,254051613,254051613-2,18-24,Male,Black
15817,254051613,254051613-3,25-44,Male,Black
15818,254062679,254062679-1,25-44,Male,Black
15819,254062679,254062679-2,45-64,Male,Black
15820,254062679,254062679-3,25-44,Male,Black
15821,254062679,254062679-4,25-44,Male,Black
15822,254062679,254062679-5,25-44,Male,Black
15823,254062679,254062679-6,25-44,Male,Black
15824,256512145,256512145-1,45-64,Male,Black
15825,263889115,263889115-1,18-24,Male,Black
15826,264657996,264657996-1,25-44,Male,Black
15827,264657996,264657996-2,25-44,Male,Black
15828,264689063,264689063-1,25-44,Male,White Hispanic
15829,264747807,264747807-1,25-44,Female,White
15830,265187031,265187031-1,<18,Male,Black Hispanic
15831,265246479,265246479-1,1028,Male,Black
15832,265339107,265339107-1,<18,Male,Black
15833,266702724,266702724-1,18-24,Male,Black
15834,266828893,266828893-1,<18,Male,Black
15835,266828893,266828893-2,18-24,Male,Black
15836,267801633,267801633-1,18-24,Male,Black
15837,267801633,267801633-2,18-24,Male,Black
15838,267879320,267879320-1,45-64,Male,Black
15839,268302280,268302280-1,18-24,Male,White Hispanic
15840,269301982,269301982-1,18-24,Male,Black
15841,269303368,269303368-1,18-24,Male,Black
15842,269541208,269541208-1,18-24,Male,Black
15843,269679452,269679452-1,25-44,Male,Black
15844,270561414,270561414-1,18-24,Male,Black
15845,270708656,270708656-1,<18,Male,Black Hispanic
15846,271408363,271408363-1,18-24,Female,Black
15847,271465866,271465866-1,<18,Male,Black
15848,271753274,271753274-1,18-24,Male,Black
15849,271753275,271753275-1,45-64,Male,Black
15850,272657013,272657013-1,<18,Male,White Hispanic
15851,272657013,272657013-2,18-24,Male,Black
15852,272718148,272718148-1,18-24,Male,Black
15853,273129832,273129832-1,18-24,Male,Black
15854,273129832,273129832-2,18-24,Male,Black Hispanic
15855,273135998,273135998-1,45-64,Male,White Hispanic
15856,273837715,273837715-1,18-24,Male,Asian / Pacific Islander
15857,274564570,274564570-1,18-24,Male,White Hispanic
15858,275251258,275251258-1,25-44,Male,Black
15859,275357002,275357002-1,18-24,Male,Black
15860,275357002,275357002-2,<18,Male,White Hispanic
15861,275357002,275357002-3,18-24,Male,White Hispanic
15862,276319086,276319086-1,18-24,Male,Black
15863,277159141,277159141-1,25-44,Male,Black
15864,278426559,278426559-1,25-44,Male,White Hispanic
15865,279025810,279025810-1,18-24,Male,Black
15866,279683077,279683077-1,25-44,Male,Black
15867,280384564,280384564-1,18-24,Male,Black Hispanic
15868,280943246,280943246-1,25-44,Male,Black Hispanic
15869,281143962,281143962-1,25-44,Male,White Hispanic
15870,281893084,281893084-1,45-64,Male,Black
15871,282041194,282041194-1,25-44,Male,White Hispanic
15872,282041194,282041194-2,18-24,Male,Black Hispanic
15873,282833318,282833318-1,25-44,Male,Black
15874,283517634,283517634-1,25-44,Male,Black Hispanic
15875,284961340,284961340-1,25-44,Male,White
15876,285259765,285259765-1,18-24,Male,Black
15877,285315563,285315563-1,<18,Male,Black
15878,286159383,286159383-1,18-24,Male,White Hispanic
15879,286657080,286657080-1,18-24,Male,Black
15880,287671763,287671763-1,25-44,Male,Black
15881,289536087,289536087-1,25-44,Male,Black
15882,289549274,289549274-1,25-44,Male,White Hispanic
15883,290044413,290044413-1,<18,Male,Black
15884,290067194,290067194-1,25-44,Male,Black
15885,290128855,290128855-1,25-44,Male,Black
15886,290471573,290471573-1,<18,Male,Black Hispanic
15887,290629775,290629775-1,25-44,Male,Black
15888,291397384,291397384-1,45-64,Male,Black
15889,293896103,293896103-1,<18,Male,Black
15890,294327136,294327136-1,25-44,Male,Black
15891,294453594,294453594-1,18-24,Male,Black
15892,294453594,294453594-2,<18,Male,Black
15893,295641945,295641945-1,<18,Male,Black
15894,298444104,298444104-1,25-44,Male,Asian / Pacific Islander
15895,298508438,298508438-1,18-24,Male,White Hispanic
15896,298508438,298508438-2,18-24,Male,Black
15897,300318398,300318398-1,25-44,Male,Black Hispanic
15898,303829750,303829750-1,18-24,Male,Black
15899,304094455,304094455-1,18-24,Male,Black
15900,306394911,306394911-1,25-44,Male,Black
15901,307244288,307244288-1,45-64,Male,Black Hispanic
15902,307729376,307729376-1,<18,Male,White Hispanic
15903,307945955,307945955-1,25-44,Male,Black
15904,307945955,307945955-2,45-64,Male,Black
15905,308517352,308517352-1,45-64,Male,Black
15906,309605576,309605576-1,25-44,Male,Black
15907,309605576,309605576-2,25-44,Male,Black
15908,309710232,309710232-1,<18,Male,Black
15909,309710232,309710232-2,<18,Male,Black
15910,309729176,309729176-1,18-24,Male,Black
15911,311227345,311227345-1,<18,Male,Black Hispanic
15912,311324885,311324885-1,25-44,Male,Black
15913,312817515,312817515-1,18-24,Male,Black
15914,313028799,313028799-1,25-44,Male,Black
15915,313028799,313028799-2,18-24,Male,White Hispanic
15916,313328608,313328608-1,<18,Male,Black
15917,313635117,313635117-1,25-44,Male,Black
15918,314098612,314098612-1,<18,Male,Black
15919,314237362,314237362-1,25-44,Male,Black
15920,314564379,314564379-1,18-24,Male,Black
15921,316474278,316474278-1,25-44,Male,Black
15922,316820177,316820177-1,18-24,Male,Black
15923,316820177,316820177-2,<18,Male,Black
15924,317915763,317915763-1,45-64,Male,White Hispanic
15925,270078983,270078983-1,18-24,Male,Black
15926,239811556,239811556-1,25-44,Male,Black
15927,239862532,239862532-1,25-44,Male,Black
15928,240087931,240087931-1,25-44,Male,Black
15929,240529312,240529312-1,18-24,Male,Black
15930,240529312,240529312-3,25-44,Male,Black
15931,240529312,240529312-4,25-44,Male,Black
15932,240544083,240544083-1,18-24,Male,Black
15933,241326152,241326152-1,25-44,Male,Black
15934,241326152,241326152-2,25-44,Female,Black
15935,241681118,241681118-1,18-24,Male,Black Hispanic
15936,241681628,241681628-1,25-44,Male,Black
15937,241681628,241681628-2,18-24,Male,Black
15938,241681628,241681628-3,18-24,Male,Black
15939,242158428,242158428-1,25-44,Male,Black
15940,242393285,242393285-1,<18,Male,Black
15941,242393285,242393285-2,18-24,Female,Black Hispanic
15942,242393700,242393700-1,45-64,Male,Black
15943,242393706,242393706-1,25-44,Male,Black
15944,242440053,242440053-1,25-44,Male,Black
15945,242440053,242440053-2,18-24,Male,Black
15946,242603165,242603165-1,18-24,Male,Black
15947,242928614,242928614-1,18-24,Male,Black
15948,244002809,244002809-1,25-44,Male,Black
15949,244155418,244155418-1,18-24,Male,Black
15950,244219633,244219633-1,18-24,Male,White Hispanic
15951,244546027,244546027-1,18-24,Male,White Hispanic
15952,244546027,244546027-2,18-24,Male,Black
15953,245234014,245234014-1,18-24,Male,White Hispanic
15954,245472747,245472747-1,18-24,Male,Black
15955,245491991,245491991-1,18-24,Male,Black Hispanic
15956,246312313,246312313-1,18-24,Male,Black Hispanic
15957,246312313,246312313-2,18-24,Male,Black
15958,246769431,246769431-1,45-64,Male,White Hispanic
15959,247100193,247100193-1,18-24,Male,Black
15960,247133911,247133911-1,25-44,Male,Black
15961,247133911,247133911-2,25-44,Female,Black
15962,247165481,247165481-1,25-44,Male,Black
15963,247542077,247542077-1,18-24,Male,Black
15964,247542077,247542077-2,18-24,Female,Black Hispanic
15965,247600082,247600082-1,<18,Male,Black
15966,247600082,247600082-2,18-24,Male,Black
15967,247600083,247600083-1,25-44,Male,Black
15968,247678274,247678274-1,18-24,Male,Asian / Pacific Islander
15969,247678274,247678274-2,18-24,Male,White Hispanic
15970,247725967,247725967-1,<18,Male,Black
15971,247725967,247725967-2,18-24,Male,Black
15972,248540226,248540226-1,<18,Male,Black
15973,248824219,248824219-1,25-44,Male,Black
15974,248893550,248893550-1,25-44,Male,Black
15975,249133818,249133818-1,18-24,Male,Black
15976,250170468,250170468-1,25-44,Male,Black
15977,251103860,251103860-1,18-24,Male,Black
15978,251225717,251225717-1,25-44,Male,Black
15979,251247838,251247838-1,25-44,Male,Black
15980,251391939,251391939-1,45-64,Male,Black
15981,251875354,251875354-1,18-24,Male,Black
15982,252273675,252273675-1,25-44,Male,Black
15983,252398562,252398562-1,18-24,Male,Black
15984,252771756,252771756-2,25-44,Male,Black
15985,252822737,252822737-1,25-44,Male,Asian / Pacific Islander
15986,253458082,253458082-1,<18,Male,Black
15987,253458082,253458082-2,<18,Male,Black
15988,253698229,253698229-1,45-64,Male,White Hispanic
15989,253757467,253757467-1,25-44,Male,Black Hispanic
15990,253757467,253757467-2,25-44,Male,Black
15991,253757467,253757467-3,18-24,Male,Black
15992,254053457,254053457-1,18-24,Male,White Hispanic
15993,254435775,254435775-1,45-64,Male,Black
15994,255069850,255069850-1,18-24,Male,Black
15995,255134165,255134165-1,25-44,Male,Black
15996,255134279,255134279-1,18-24,Male,Black
15997,260414180,260414180-1,18-24,Male,Black Hispanic
15998,260423034,260423034-1,25-44,Male,Black
15999,261120017,261120017-1,18-24,Male,Black
16000,261120108,261120108-1,18-24,Female,Black
16001,261120108,261120108-2,18-24,Male,Black Hispanic
16002,261120108,261120108-3,18-24,Male,Black Hispanic
16003,261337212,261337212-1,25-44,Male,Black
16004,261948976,261948976-1,18-24,Male,Black
16005,262278067,262278067-1,25-44,Male,Black
16006,262278067,262278067-2,25-44,Male,Black
16007,262696073,262696073-1,<18,Male,Black
16008,262696073,262696073-2,18-24,Male,Black
16009,262696073,262696073-3,<18,Male,Black
16010,262747865,262747865-1,25-44,Male,Black
16011,263065672,263065672-1,25-44,Male,Black
16012,264417852,264417852-1,25-44,Male,Black
16013,265125161,265125161-1,18-24,Male,Black
16014,265327272,265327272-1,18-24,Male,Black Hispanic
16015,265327272,265327272-2,<18,Male,Black
16016,265673021,265673021-1,25-44,Male,Black
16017,266473082,266473082-1,<18,Male,Black
16018,266473082,266473082-2,<18,Male,Black
16019,266645465,266645465-1,45-64,Male,White
16020,268199266,268199266-1,18-24,Male,Black
16021,268199269,268199269-1,<18,Male,Black
16022,268390098,268390098-1,25-44,Male,Black Hispanic
16023,268390098,268390098-2,25-44,Male,White Hispanic
16024,268390098,268390098-3,25-44,Male,Black
16025,269883580,269883580-1,45-64,Male,Black
16026,269968284,269968284-1,18-24,Male,Black
16027,269968284,269968284-2,18-24,Female,White Hispanic
16028,270274905,270274905-1,25-44,Male,Asian / Pacific Islander
16029,270274905,270274905-2,18-24,Male,Asian / Pacific Islander
16030,270274905,270274905-3,18-24,Male,Asian / Pacific Islander
16031,270274905,270274905-4,18-24,Male,Asian / Pacific Islander
16032,270373348,270373348-1,18-24,Male,White Hispanic
16033,270997565,270997565-1,25-44,Male,Black Hispanic
16034,270997565,270997565-2,25-44,Male,Black Hispanic
16035,271885036,271885036-1,<18,Male,Black
16036,272301554,272301554-1,45-64,Male,Black Hispanic
16037,272725871,272725871-1,25-44,Male,Black
16038,272968931,272968931-1,25-44,Female,Black
16039,273707248,273707248-1,25-44,Male,White Hispanic
16040,273707248,273707248-2,25-44,Male,Black Hispanic
16041,273899114,273899114-1,18-24,Male,Black
16042,274321346,274321346-1,25-44,Male,Black Hispanic
16043,274873181,274873181-1,25-44,Male,Black
16044,274886730,274886730-1,45-64,Male,White Hispanic
16045,275504815,275504815-1,25-44,Male,Black
16046,276021969,276021969-1,25-44,Male,Black
16047,276687570,276687570-1,45-64,Male,Black
16048,277233455,277233455-1,25-44,Male,White Hispanic
16049,277788398,277788398-1,25-44,Male,Black
16050,277788398,277788398-2,25-44,Male,Black
16051,277973677,277973677-1,25-44,Male,White Hispanic
16052,278627523,278627523-1,25-44,Male,Black
16053,278852377,278852377-1,<18,Male,Black
16054,278852377,278852377-2,<18,Male,Black
16055,278915846,278915846-1,25-44,Male,Black
16056,279123685,279123685-1,25-44,Male,White Hispanic
16057,279123685,279123685-2,25-44,Male,Black
16058,279460792,279460792-1,25-44,Male,Black Hispanic
16059,281078953,281078953-1,25-44,Male,Black
16060,281552304,281552304-1,18-24,Male,Asian / Pacific Islander
16061,281552304,281552304-2,25-44,Male,Asian / Pacific Islander
16062,282706131,282706131-1,25-44,Male,Black
16063,283051134,283051134-1,25-44,Male,Black
16064,283447059,283447059-1,<18,Male,Black Hispanic
16065,283831607,283831607-1,25-44,Male,Black
16066,284942023,284942023-1,<18,Male,White Hispanic
16067,285676185,285676185-1,25-44,Female,Black
16068,286946574,286946574-1,25-44,Male,Black
16069,287011479,287011479-1,25-44,Male,Black
16070,288208649,288208649-1,25-44,Male,White Hispanic
16071,288639568,288639568-1,18-24,Male,Black
16072,289486888,289486888-1,45-64,Male,White Hispanic
16073,289573434,289573434-1,25-44,Male,White Hispanic
16074,289573435,289573435-1,25-44,Male,Black
16075,289679503,289679503-1,18-24,Male,White Hispanic
16076,289679503,289679503-2,18-24,Male,Black
16077,290080377,290080377-1,45-64,Male,Black
16078,291353930,291353930-1,<18,Male,White Hispanic
16079,292640929,292640929-1,25-44,Male,Black
16080,293023440,293023440-1,18-24,Male,Black
16081,293023440,293023440-2,<18,Male,Black
16082,293148191,293148191-1,25-44,Male,Black Hispanic
16083,293186168,293186168-1,18-24,Male,Black Hispanic
16084,293715398,293715398-1,25-44,Male,White Hispanic
16085,293944630,293944630-1,25-44,Male,White Hispanic
16086,293944630,293944630-2,18-24,Male,Black
16087,295586716,295586716-1,<18,Male,Black
16088,297012905,297012905-1,25-44,Male,Black
16089,300412113,300412113-1,25-44,Male,Black Hispanic
16090,300412113,300412113-2,25-44,Male,Black Hispanic
16091,301878453,301878453-1,18-24,Male,Black Hispanic
16092,304789869,304789869-1,18-24,Male,Black
16093,304789869,304789869-2,18-24,Male,Black Hispanic
16094,305412876,305412876-1,25-44,Male,Black
16095,305412876,305412876-2,25-44,Male,Black
16096,305446969,305446969-1,25-44,Male,Black
16097,305570207,305570207-1,25-44,Male,Black
16098,305570690,305570690-1,<18,Male,Black
16099,306153155,306153155-1,18-24,Female,Black
16100,307581455,307581455-1,25-44,Male,Black
16101,307632869,307632869-1,25-44,Male,Black
16102,307892883,307892883-1,25-44,Male,White Hispanic
16103,308045739,308045739-1,25-44,Male,Black
16104,308047666,308047666-1,25-44,Male,Black
16105,308204996,308204996-1,25-44,Male,White Hispanic
16106,308800535,308800535-1,25-44,Male,Black Hispanic
16107,308868057,308868057-1,25-44,Male,White Hispanic
16108,309175595,309175595-1,18-24,Male,Black
16109,309175595,309175595-2,25-44,Male,Black
16110,309492262,309492262-1,25-44,Male,Black Hispanic
16111,310413300,310413300-1,18-24,Male,White
16112,310566278,310566278-1,25-44,Male,Black
16113,310966076,310966076-1,45-64,Male,Black
16114,311328373,311328373-1,18-24,Male,Black Hispanic
16115,311756929,311756929-1,18-24,Male,Black
16116,311756929,311756929-2,25-44,Male,Black
16117,312200897,312200897-1,25-44,Male,Black
16118,312906066,312906066-1,<18,Male,Black
16119,312906066,312906066-2,<18,Male,Black
16120,312906066,312906066-3,18-24,Male,White Hispanic
16121,314712152,314712152-1,18-24,Male,White Hispanic
16122,314917816,314917816-1,<18,Male,White Hispanic
16123,315454288,315454288-1,25-44,Male,Asian / Pacific Islander
16124,315454288,315454288-2,25-44,Male,Asian / Pacific Islander
16125,315454288,315454288-3,18-24,Male,Black
16126,316245669,316245669-1,18-24,Male,Black
16127,305163491,305163491-1,18-24,Male,White Hispanic
16128,225063428,225063428-2,18-24,Male,Black
16129,225275547,225275547-1,18-24,Male,Black
16130,225387702,225387702-1,25-44,Male,Black
16131,225438896,225438896-1,25-44,Male,Black
16132,225439055,225439055-1,25-44,Male,Black
16133,225725570,225725570-1,25-44,Male,White Hispanic
16134,225725570,225725570-2,25-44,Male,White Hispanic
16135,226204063,226204063-1,<18,Male,Black
16136,226472068,226472068-1,25-44,Male,Black Hispanic
16137,226598085,226598085-1,18-24,Male,Black
16138,226598085,226598085-2,18-24,Male,Black
16139,226598085,226598085-3,18-24,Male,Black
16140,226598085,226598085-4,18-24,Male,Black
16141,227550940,227550940-1,<18,Male,Black
16142,227550940,227550940-2,<18,Male,Black
16143,227550940,227550940-3,<18,Male,Black
16144,227950646,227950646-1,25-44,Male,Black
16145,228108958,228108958-1,25-44,Male,Black
16146,228109392,228109392-1,25-44,Male,Black
16147,228798560,228798560-1,18-24,Female,Black
16148,228798560,228798560-2,18-24,Male,Black
16149,229491478,229491478-1,18-24,Male,Black Hispanic
16150,229540932,229540932-1,25-44,Male,Black
16151,229575347,229575347-1,25-44,Male,Black
16152,229823899,229823899-1,25-44,Male,Black Hispanic
16153,229848434,229848434-1,25-44,Male,Black
16154,229861114,229861114-1,25-44,Male,Black
16155,229861114,229861114-2,25-44,Male,Black
16156,230245950,230245950-1,45-64,Male,Black
16157,231047707,231047707-1,25-44,Male,Black Hispanic
16158,231866070,231866070-1,25-44,Male,Black
16159,232888013,232888013-1,18-24,Male,Black
16160,233173935,233173935-1,25-44,Male,Black Hispanic
16161,233459105,233459105-1,25-44,Male,Black Hispanic
16162,233468972,233468972-1,18-24,Male,Black
16163,233502665,233502665-1,<18,Male,Black
16164,233763096,233763096-1,25-44,Male,Black
16165,234369762,234369762-1,18-24,Male,White Hispanic
16166,234369762,234369762-2,18-24,Male,White Hispanic
16167,234369762,234369762-3,25-44,Male,White Hispanic
16168,234482340,234482340-1,18-24,Male,Black
16169,234674131,234674131-1,18-24,Male,Black
16170,234674131,234674131-2,18-24,Male,Black
16171,234941204,234941204-1,25-44,Male,Black
16172,235302695,235302695-1,18-24,Male,Black
16173,235561780,235561780-1,45-64,Male,Black
16174,236131896,236131896-1,18-24,Male,Black
16175,236170276,236170276-2,25-44,Male,Black Hispanic
16176,236761009,236761009-1,18-24,Male,White Hispanic
16177,236761013,236761013-1,45-64,Male,Black Hispanic
16178,236837324,236837324-1,25-44,Male,Black
16179,236877536,236877536-1,25-44,Male,Black Hispanic
16180,238004075,238004075-1,25-44,Male,Black
16181,238291449,238291449-1,25-44,Male,Black
16182,238344171,238344171-1,18-24,Male,Black Hispanic
16183,238344171,238344171-2,18-24,Male,Black
16184,239347885,239347885-1,<18,Male,Black
16185,239555390,239555390-1,18-24,Male,Black
16186,239555390,239555390-2,18-24,Male,Black
16187,239557377,239557377-1,18-24,Male,Black
16188,239583449,239583449-1,18-24,Male,Black
16189,239695455,239695455-1,25-44,Male,Black
16190,239835767,239835767-1,<18,Male,Black
16191,239993409,239993409-1,18-24,Male,Black Hispanic
16192,240031205,240031205-1,18-24,Male,Black
16193,240031205,240031205-2,25-44,Male,White
16194,240031205,240031205-3,25-44,Male,White Hispanic
16195,240437684,240437684-1,18-24,Male,White Hispanic
16196,240437684,240437684-2,25-44,Male,White Hispanic
16197,240863512,240863512-1,<18,Male,Black
16198,241213161,241213161-1,18-24,Male,Black
16199,241213161,241213161-2,18-24,Male,Black
16200,241213161,241213161-3,18-24,Male,Black
16201,241213161,241213161-4,18-24,Male,Black
16202,241440065,241440065-1,25-44,Male,Black
16203,241440065,241440065-2,18-24,Male,Black
16204,241440065,241440065-3,45-64,Female,Black
16205,241506489,241506489-1,18-24,Male,Black Hispanic
16206,241506489,241506489-2,18-24,Male,White Hispanic
16207,241506489,241506489-3,18-24,Male,White Hispanic
16208,241569061,241569061-1,25-44,Male,Black
16209,241569061,241569061-2,<18,Male,Black
16210,242046760,242046760-1,18-24,Male,Black
16211,242235524,242235524-1,45-64,Male,Black
16212,243507199,243507199-1,18-24,Male,Black
16213,243738412,243738412-1,25-44,Male,Black
16214,243754490,243754490-1,18-24,Female,Black
16215,244093893,244093893-1,25-44,Male,Black
16216,244093893,244093893-2,25-44,Male,Black
16217,244788007,244788007-1,18-24,Male,Black
16218,245134160,245134160-1,45-64,Female,Black Hispanic
16219,245134160,245134160-2,18-24,Male,White Hispanic
16220,245173597,245173597-1,18-24,Male,Black
16221,245173597,245173597-2,<18,Male,Black
16222,245281484,245281484-1,<18,Male,Black
16223,245665380,245665380-1,25-44,Male,Black
16224,245723019,245723019-1,18-24,Male,Black
16225,246139915,246139915-1,25-44,Male,Black
16226,246139915,246139915-2,18-24,Male,Black
16227,246707470,246707470-1,25-44,Female,Black
16228,246768857,246768857-1,18-24,Male,Black Hispanic
16229,246768857,246768857-2,18-24,Male,White Hispanic
16230,246769430,246769430-1,25-44,Male,Black
16231,246876573,246876573-1,25-44,Male,Black
16232,246876573,246876573-2,18-24,Male,Black
16233,246876573,246876573-3,25-44,Male,Black
16234,246876573,246876573-4,18-24,Male,Black
16235,246876573,246876573-5,18-24,Male,Black
16236,246876573,246876573-6,25-44,Male,Black
16237,246876575,246876575-1,25-44,Male,Black
16238,246876575,246876575-2,25-44,Male,Black
16239,247290299,247290299-1,<18,Male,Black
16240,247501139,247501139-1,<18,Male,Black
16241,247542078,247542078-1,25-44,Male,Black
16242,247725968,247725968-1,18-24,Male,White
16243,247943477,247943477-1,25-44,Male,Black
16244,249578389,249578389-1,25-44,Male,Black Hispanic
16245,249864969,249864969-1,25-44,Male,Black
16246,249978886,249978886-1,25-44,Male,Black
16247,249978886,249978886-2,25-44,Male,Black
16248,250865344,250865344-1,25-44,Male,Black
16249,250969310,250969310-1,18-24,Male,Black
16250,251247836,251247836-1,25-44,Male,Black Hispanic
16251,251247836,251247836-2,18-24,Male,Black
16252,251253187,251253187-2,25-44,Male,Black
16253,251681401,251681401-1,25-44,Male,Black
16254,251690448,251690448-1,18-24,Male,Black
16255,251756948,251756948-1,18-24,Male,Black
16256,252032640,252032640-1,18-24,Male,Black
16257,252032640,252032640-2,18-24,Male,Black
16258,252286835,252286835-1,18-24,Male,White Hispanic
16259,252344183,252344183-1,25-44,Male,Black
16260,252533394,252533394-1,18-24,Male,Black
16261,254619182,254619182-1,25-44,Female,Black
16262,254619182,254619182-2,45-64,Male,Black
16263,254701469,254701469-1,18-24,Male,Black
16264,256123227,256123227-1,25-44,Male,Black
16265,256123227,256123227-2,18-24,Male,Black
16266,256123228,256123228-1,18-24,Male,Black Hispanic
16267,256123228,256123228-2,25-44,Male,White Hispanic
16268,260366650,260366650-1,45-64,Male,White Hispanic
16269,260491293,260491293-1,18-24,Male,Black
16270,261175635,261175635-1,18-24,Male,White Hispanic
16271,261254613,261254613-1,18-24,Male,White Hispanic
16272,262205773,262205773-1,<18,Male,Black Hispanic
16273,262270873,262270873-1,25-44,Male,White Hispanic
16274,262316278,262316278-1,18-24,Male,Black
16275,262747866,262747866-1,25-44,Male,Black
16276,263083846,263083846-1,45-64,Female,Black
16277,263787046,263787046-1,25-44,Male,Black
16278,264940966,264940966-1,25-44,Male,Black
16279,265056548,265056548-1,25-44,Male,Black Hispanic
16280,265681413,265681413-1,25-44,Male,Asian / Pacific Islander
16281,266051445,266051445-1,18-24,Male,Asian / Pacific Islander
16282,266544383,266544383-1,25-44,Male,Black
16283,266828894,266828894-1,18-24,Male,Black Hispanic
16284,266828894,266828894-2,18-24,Male,White Hispanic
16285,268126820,268126820-1,18-24,Male,White Hispanic
16286,268199267,268199267-1,18-24,Male,White Hispanic
16287,268440541,268440541-1,45-64,Male,Black
16288,269868924,269868924-1,25-44,Male,Black Hispanic
16289,270489847,270489847-1,25-44,Male,Black
16290,270814571,270814571-1,18-24,Male,Black
16291,270814571,270814571-2,18-24,Male,Black
16292,270814571,270814571-3,45-64,Male,Black
16293,271408364,271408364-1,25-44,Male,Black
16294,272944750,272944750-1,<18,Male,Black
16295,273520491,273520491-2,18-24,Male,Black
16296,273520491,273520491-3,18-24,Male,Black Hispanic
16297,273532245,273532245-1,18-24,Male,Black
16298,273859057,273859057-1,25-44,Male,Black
16299,274082237,274082237-1,45-64,Male,Black
16300,274833990,274833990-1,25-44,Female,Black
16301,274833990,274833990-2,25-44,Male,White Hispanic
16302,275441980,275441980-1,25-44,Male,White Hispanic
16303,275497524,275497524-1,25-44,Male,Black
16304,276665995,276665995-1,25-44,Male,Black
16305,276746689,276746689-1,18-24,Male,Black
16306,276785707,276785707-1,25-44,Male,Black
16307,276785707,276785707-2,18-24,Male,Black
16308,276785708,276785708-1,<18,Male,Black
16309,276785708,276785708-2,<18,Male,Black
16310,277829336,277829336-1,18-24,Male,Black
16311,277829336,277829336-2,18-24,Male,Black
16312,278445172,278445172-1,25-44,Male,Black
16313,278488355,278488355-1,25-44,Male,Black
16314,278563881,278563881-1,18-24,Male,Black
16315,279455044,279455044-1,25-44,Male,White Hispanic
16316,279547332,279547332-1,45-64,Male,White Hispanic
16317,279784405,279784405-1,25-44,Male,Black Hispanic
16318,279863276,279863276-1,25-44,Male,White Hispanic
16319,280179979,280179979-1,25-44,Male,Black
16320,280447061,280447061-1,25-44,Male,Black
16321,281650924,281650924-1,45-64,Male,Black
16322,281650925,281650925-1,18-24,Male,White Hispanic
16323,283020988,283020988-1,18-24,Male,Black
16324,283020988,283020988-2,18-24,Male,Black
16325,283147870,283147870-1,18-24,Male,Black
16326,283815379,283815379-1,25-44,Male,Black
16327,284583087,284583087-1,18-24,Male,White Hispanic
16328,285315560,285315560-1,18-24,Male,Black
16329,285315560,285315560-2,25-44,Male,Black
16330,285315561,285315561-1,18-24,Male,Black
16331,285709468,285709468-1,<18,Male,Black
16332,285757885,285757885-1,45-64,Male,Black
16333,286395222,286395222-1,25-44,Male,Black
16334,286728299,286728299-1,25-44,Male,White Hispanic
16335,287734053,287734053-1,18-24,Male,Black
16336,287857961,287857961-1,<18,Male,Black
16337,287987382,287987382-1,25-44,Male,Black
16338,288170999,288170999-1,45-64,Male,Black
16339,289679504,289679504-1,45-64,Male,Black
16340,290384322,290384322-1,45-64,Male,White Hispanic
16341,290471571,290471571-1,25-44,Male,Black
16342,291219759,291219759-1,25-44,Male,Black
16343,291518690,291518690-1,25-44,Male,Black Hispanic
16344,291561414,291561414-1,25-44,Male,Black Hispanic
16345,291561414,291561414-2,25-44,Male,White Hispanic
16346,291658811,291658811-1,25-44,Male,Black
16347,291874401,291874401-1,18-24,Male,Black
16348,292526705,292526705-1,25-44,Male,Black
16349,293017069,293017069-1,25-44,Male,Black
16350,293089095,293089095-1,18-24,Male,Black
16351,293089095,293089095-2,18-24,Male,White Hispanic
16352,293400273,293400273-1,<18,Male,Black
16353,294106553,294106553-1,<18,Male,Black
16354,294106553,294106553-2,<18,Male,Black
16355,295200061,295200061-1,<18,Male,Black Hispanic
16356,295200061,295200061-2,18-24,Female,Black
16357,296246344,296246344-1,<18,Male,Black
16358,296455535,296455535-1,18-24,Male,Black
16359,296455535,296455535-2,18-24,Male,Black
16360,296516805,296516805-1,18-24,Male,Black
16361,296516805,296516805-2,18-24,Male,Black
16362,296516805,296516805-3,18-24,Male,Black
16363,296516805,296516805-4,18-24,Male,Black
16364,296516805,296516805-5,18-24,Male,Black
16365,297571891,297571891-1,25-44,Male,Black Hispanic
16366,298257178,298257178-1,25-44,Male,Black
16367,298672094,298672094-1,45-64,Male,Black
16368,299382241,299382241-1,18-24,Male,Black
16369,299382241,299382241-2,<18,Male,White Hispanic
16370,299382241,299382241-3,<18,Male,Black
16371,299382241,299382241-4,18-24,Male,Black Hispanic
16372,299382241,299382241-5,18-24,Male,Black
16373,299382241,299382241-6,18-24,Male,Black
16374,299382241,299382241-7,<18,Male,Black
16375,300412112,300412112-1,18-24,Male,Black
16376,300882494,300882494-1,25-44,Male,Black
16377,301273671,301273671-1,25-44,Male,Black
16378,304022767,304022767-1,18-24,Male,White Hispanic
16379,304022767,304022767-2,25-44,Male,White Hispanic
16380,304923535,304923535-1,25-44,Male,Black Hispanic
16381,304923535,304923535-2,<18,Male,Black Hispanic
16382,305054141,305054141-1,18-24,Male,White Hispanic
16383,305128574,305128574-1,25-44,Male,Black
16384,305637547,305637547-1,18-24,Male,Black
16385,305637547,305637547-2,25-44,Male,Black
16386,306610278,306610278-1,18-24,Male,Black
16387,306755455,306755455-1,65+,Male,Black
16388,306991088,306991088-1,<18,Male,Black
16389,307654877,307654877-1,25-44,Male,Black
16390,307819260,307819260-1,25-44,Male,White Hispanic
16391,308408221,308408221-1,25-44,Male,White Hispanic
16392,309112262,309112262-1,18-24,Male,Black
16393,312191853,312191853-1,18-24,Male,White
16394,312191853,312191853-2,18-24,Male,White
16395,312202110,312202110-1,18-24,Male,Black
16396,312202110,312202110-2,18-24,Male,Black
16397,312202110,312202110-3,<18,Male,Black
16398,312202110,312202110-4,18-24,Male,Black
16399,312241636,312241636-1,18-24,Male,Black
16400,312241636,312241636-2,18-24,Male,Black
16401,312241636,312241636-3,18-24,Female,White Hispanic
16402,312434897,312434897-1,25-44,Male,Black
16403,312452888,312452888-1,18-24,Male,Black
16404,312482076,312482076-1,<18,Male,Black
16405,312482077,312482077-1,25-44,Male,Black
16406,313097431,313097431-1,18-24,Male,Black
16407,313349614,313349614-1,<18,Female,White Hispanic
16408,313506297,313506297-1,18-24,Male,White Hispanic
16409,313506297,313506297-2,<18,Male,Black Hispanic
16410,313506297,313506297-3,25-44,Male,Black Hispanic
16411,313583874,313583874-1,25-44,Male,Black
16412,313852334,313852334-1,18-24,Male,Black
16413,317613180,317613180-2,<18,Male,Black
16414,317613180,317613180-1,18-24,Male,Black
16415,317613180,317613180-3,<18,Male,Black
16416,309359260,309359260-1,25-44,Male,Black
16417,318049855,318049855-1,<18,Male,Black Hispanic
16418,214948384,214948384-1,18-24,Male,Black
16419,215133068,215133068-1,45-64,Male,Black
16420,215223442,215223442-2,25-44,Male,Black
16421,215225151,215225151-1,18-24,Male,White Hispanic
16422,215536324,215536324-1,18-24,Male,Black
16423,215536324,215536324-2,<18,Male,Black
16424,215536324,215536324-3,<18,Male,Black
16425,215536324,215536324-4,18-24,Male,White Hispanic
16426,215772436,215772436-1,25-44,Male,White Hispanic
16427,216655526,216655526-1,25-44,Female,Black
16428,216935794,216935794-1,25-44,Male,Black
16429,216935794,216935794-2,25-44,Male,Black Hispanic
16430,217209755,217209755-1,25-44,Male,Black
16431,217256578,217256578-1,18-24,Male,Black
16432,217262878,217262878-1,18-24,Male,Black
16433,217262878,217262878-2,18-24,Male,Black
16434,217262878,217262878-3,25-44,Male,White Hispanic
16435,217262878,217262878-4,1822,Male,White Hispanic
16436,217262878,217262878-5,25-44,Male,White Hispanic
16437,217314667,217314667-1,45-64,Male,Black
16438,217314667,217314667-2,25-44,Male,Black
16439,217495444,217495444-1,18-24,Male,Black
16440,217496598,217496598-1,25-44,Male,White Hispanic
16441,217776905,217776905-1,18-24,Male,Black
16442,217778055,217778055-1,18-24,Male,Black
16443,217778055,217778055-2,18-24,Male,Black
16444,217778055,217778055-3,18-24,Male,Black
16445,217843497,217843497-1,25-44,Male,Black
16446,218016705,218016705-1,25-44,Male,White Hispanic
16447,218016705,218016705-2,25-44,Female,White Hispanic
16448,218394942,218394942-1,18-24,Male,Black
16449,219173973,219173973-1,<18,Male,Black
16450,219559682,219559682-1,18-24,Male,Black
16451,219613159,219613159-1,25-44,Male,Black
16452,219975240,219975240-1,18-24,Male,Black
16453,219975240,219975240-2,18-24,Male,Black
16454,220154697,220154697-1,25-44,Male,Black
16455,220846958,220846958-1,18-24,Male,Black
16456,220870734,220870734-1,25-44,Male,Asian / Pacific Islander
16457,220960420,220960420-1,25-44,Male,White Hispanic
16458,221766734,221766734-1,25-44,Male,Black Hispanic
16459,223505103,223505103-1,25-44,Male,Black
16460,223553538,223553538-1,18-24,Male,Black
16461,224465521,224465521-1,18-24,Male,Black
16462,224747406,224747406-1,25-44,Male,Black Hispanic
16463,224817002,224817002-1,18-24,Male,Black Hispanic
16464,227089755,227089755-1,25-44,Male,Black
16465,227127705,227127705-1,18-24,Male,Black
16466,227127705,227127705-2,25-44,Male,Black
16467,227130667,227130667-1,25-44,Male,Black
16468,227182807,227182807-1,25-44,Male,Black
16469,227344211,227344211-1,25-44,Male,Black
16470,227647466,227647466-1,25-44,Male,Black
16471,228369050,228369050-1,25-44,Male,Black
16472,228425701,228425701-1,25-44,Male,White Hispanic
16473,228559721,228559721-1,18-24,Male,White Hispanic
16474,228563311,228563311-1,25-44,Male,Black
16475,228586948,228586948-1,18-24,Male,Black
16476,228890262,228890262-1,25-44,Male,Black
16477,228924191,228924191-1,25-44,Male,Black
16478,229057684,229057684-1,25-44,Male,Black
16479,229089206,229089206-1,45-64,Male,Black
16480,230162442,230162442-1,<18,Male,Black
16481,230418793,230418793-1,45-64,Male,Black
16482,230418793,230418793-2,25-44,Male,Black
16483,230508668,230508668-1,18-24,Female,Black
16484,230805645,230805645-1,25-44,Male,Black
16485,230835285,230835285-1,18-24,Male,Black
16486,231186872,231186872-1,18-24,Male,White Hispanic
16487,231186872,231186872-2,18-24,Male,White Hispanic
16488,231351984,231351984-1,18-24,Male,White Hispanic
16489,231631686,231631686-1,25-44,Male,Black
16490,231631686,231631686-2,18-24,Male,Black
16491,231698073,231698073-1,18-24,Male,White Hispanic
16492,231753869,231753869-1,25-44,Male,Black
16493,232132666,232132666-1,25-44,Male,White Hispanic
16494,232497425,232497425-1,25-44,Male,Black
16495,232632360,232632360-1,25-44,Male,Asian / Pacific Islander
16496,232888019,232888019-1,25-44,Male,White Hispanic
16497,233147634,233147634-1,25-44,Male,Black
16498,233179436,233179436-1,18-24,Male,Asian / Pacific Islander
16499,233200294,233200294-1,45-64,Male,Black
16500,233459110,233459110-1,25-44,Male,Black
16501,234208837,234208837-1,25-44,Male,Black
16502,234323834,234323834-1,25-44,Male,Black
16503,234433692,234433692-1,18-24,Male,Black
16504,235636167,235636167-1,18-24,Male,Black
16505,237012947,237012947-1,18-24,Male,Black
16506,237152656,237152656-1,18-24,Male,Black
16507,237852477,237852477-1,25-44,Male,Black
16508,237963147,237963147-1,25-44,Female,Black
16509,239279570,239279570-1,25-44,Male,Black
16510,240208324,240208324-1,18-24,Male,Black
16511,240761583,240761583-1,<18,Male,Black
16512,240761583,240761583-2,<18,Male,Black
16513,241639365,241639365-1,25-44,Male,Black Hispanic
16514,241639365,241639365-2,25-44,Male,Black Hispanic
16515,242015938,242015938-1,18-24,Male,Black
16516,242092032,242092032-1,25-44,Male,Black Hispanic
16517,242373589,242373589-2,<18,Male,White Hispanic
16518,242373589,242373589-3,<18,Male,Black
16519,242439533,242439533-1,45-64,Male,Black
16520,242492005,242492005-1,25-44,Male,Black
16521,242517445,242517445-1,25-44,Male,White Hispanic
16522,242517445,242517445-2,25-44,Female,White Hispanic
16523,243035841,243035841-1,25-44,Female,White Hispanic
16524,243566417,243566417-1,45-64,Male,Black
16525,243566423,243566423-1,18-24,Male,Black
16526,243630080,243630080-1,25-44,Female,Black
16527,243630080,243630080-2,25-44,Female,White Hispanic
16528,243835366,243835366-1,25-44,Male,Black
16529,244219632,244219632-1,25-44,Male,Black
16530,244377525,244377525-1,25-44,Male,Black
16531,244660701,244660701-1,18-24,Male,Black
16532,244660701,244660701-2,25-44,Male,Black
16533,244660701,244660701-3,<18,Male,Black
16534,244660701,244660701-4,18-24,Male,Black
16535,244660701,244660701-5,18-24,Male,Black
16536,244660701,244660701-6,25-44,Male,Black
16537,244763694,244763694-1,<18,Male,Black
16538,244763695,244763695-1,25-44,Male,White Hispanic
16539,244817582,244817582-1,18-24,Male,Black
16540,244914822,244914822-1,18-24,Male,Black
16541,245121730,245121730-1,25-44,Male,Black
16542,245539703,245539703-1,18-24,Male,Black
16543,245539703,245539703-2,25-44,Male,Black
16544,245824161,245824161-1,25-44,Female,Black
16545,245824161,245824161-2,25-44,Male,Black
16546,245824483,245824483-1,25-44,Male,Black
16547,246104595,246104595-1,25-44,Male,White Hispanic
16548,246359109,246359109-1,18-24,Male,Black Hispanic
16549,247407054,247407054-1,25-44,Male,Black Hispanic
16550,248475916,248475916-1,18-24,Male,Black
16551,248485946,248485946-1,25-44,Male,Black
16552,248501023,248501023-1,18-24,Male,Black
16553,249016830,249016830-1,25-44,Male,Black
16554,249379924,249379924-1,25-44,Male,Black
16555,249559964,249559964-1,25-44,Male,Black
16556,249559964,249559964-2,25-44,Male,Black
16557,249910519,249910519-1,18-24,Male,Black Hispanic
16558,249915894,249915894-1,<18,Male,Black
16559,249921922,249921922-1,<18,Male,Black
16560,250123933,250123933-1,45-64,Male,White Hispanic
16561,250218569,250218569-1,<18,Male,Black Hispanic
16562,250280352,250280352-1,25-44,Male,Black
16563,250584476,250584476-1,25-44,Male,Black
16564,251164800,251164800-1,18-24,Male,Black
16565,251919628,251919628-1,18-24,Male,Black
16566,253068370,253068370-1,25-44,Male,Black
16567,253068370,253068370-2,25-44,Male,Black
16568,253068370,253068370-3,25-44,Male,Black
16569,255179715,255179715-1,18-24,Male,Black
16570,256486444,256486444-1,18-24,Male,White Hispanic
16571,260374587,260374587-1,25-44,Male,Black
16572,262205775,262205775-1,18-24,Male,Black
16573,262268556,262268556-1,<18,Male,Black
16574,264075661,264075661-2,25-44,Male,White Hispanic
16575,264144075,264144075-1,45-64,Male,Black
16576,264657995,264657995-1,<18,Male,Black Hispanic
16577,264775620,264775620-1,25-44,Male,Black Hispanic
16578,264775620,264775620-2,25-44,Male,White Hispanic
16579,264775620,264775620-3,25-44,Male,Black Hispanic
16580,265124472,265124472-1,25-44,Male,Black
16581,265124474,265124474-1,25-44,Male,Black
16582,266183424,266183424-1,25-44,Male,White Hispanic
16583,266427560,266427560-1,18-24,Male,Black
16584,266626263,266626263-1,18-24,Male,Black
16585,266666627,266666627-1,18-24,Male,Black
16586,266775505,266775505-1,25-44,Male,Black Hispanic
16587,266775507,266775507-1,25-44,Male,Black
16588,267492350,267492350-1,25-44,Male,White
16589,267821468,267821468-1,18-24,Male,Black
16590,267859150,267859150-1,25-44,Male,Black
16591,268737289,268737289-1,18-24,Male,Black
16592,268737289,268737289-2,18-24,Male,Black
16593,268737289,268737289-3,<18,Male,White Hispanic
16594,268737289,268737289-4,18-24,Male,Black Hispanic
16595,268864859,268864859-1,25-44,Male,Black
16596,270039470,270039470-1,25-44,Male,Black
16597,270143489,270143489-1,25-44,Male,Black
16598,270274906,270274906-1,18-24,Male,Black
16599,270435995,270435995-1,25-44,Male,White Hispanic
16600,270489848,270489848-1,<18,Male,Black
16601,270840036,270840036-1,18-24,Male,Black
16602,271402826,271402826-1,<18,Male,Black
16603,271402826,271402826-2,<18,Male,Black
16604,271402826,271402826-3,<18,Male,Black
16605,271532431,271532431-1,25-44,Male,Black
16606,271751338,271751338-1,25-44,Male,Black
16607,272238344,272238344-1,<18,Male,Black
16608,272238344,272238344-2,<18,Male,Black
16609,272365819,272365819-1,18-24,Male,Black
16610,272365819,272365819-2,18-24,Female,Black
16611,272418492,272418492-1,25-44,Male,Black
16612,272420120,272420120-1,18-24,Male,White Hispanic
16613,272420120,272420120-2,25-44,Male,Black
16614,272420120,272420120-3,18-24,Male,White Hispanic
16615,272458923,272458923-1,45-64,Male,Black
16616,272458923,272458923-2,25-44,Male,Black
16617,273176662,273176662-1,45-64,Male,White Hispanic
16618,273176662,273176662-2,45-64,Female,White Hispanic
16619,273520496,273520496-1,25-44,Male,Black Hispanic
16620,274180042,274180042-1,45-64,Male,Black
16621,274633316,274633316-1,25-44,Male,Black
16622,274633316,274633316-2,25-44,Male,Black
16623,274633316,274633316-3,25-44,Male,Black
16624,274729410,274729410-1,25-44,Male,Black
16625,274804129,274804129-1,25-44,Male,Black
16626,275053556,275053556-1,25-44,Male,Black
16627,275664651,275664651-1,18-24,Male,Black
16628,276665994,276665994-1,25-44,Male,Black
16629,276665994,276665994-2,45-64,Male,White Hispanic
16630,277283092,277283092-1,65+,Male,Black
16631,277768704,277768704-1,45-64,Male,White Hispanic
16632,278066398,278066398-1,25-44,Male,White Hispanic
16633,278066398,278066398-2,25-44,Male,Asian / Pacific Islander
16634,278068696,278068696-1,45-64,Male,Black
16635,278488356,278488356-1,18-24,Male,Black
16636,278488356,278488356-2,18-24,Male,Black Hispanic
16637,279547333,279547333-1,18-24,Female,Black
16638,279547333,279547333-2,25-44,Male,Black
16639,279547333,279547333-3,25-44,Male,Black
16640,280500174,280500174-1,<18,Male,White Hispanic
16641,281134487,281134487-1,25-44,Male,Asian / Pacific Islander
16642,281577208,281577208-1,25-44,Male,Black
16643,281577208,281577208-2,18-24,Male,Black
16644,283051133,283051133-1,45-64,Female,Black
16645,283051133,283051133-2,25-44,Male,Black
16646,283404608,283404608-1,<18,Male,Black
16647,283404608,283404608-2,18-24,Male,Black
16648,283497925,283497925-1,25-44,Male,Black
16649,283641593,283641593-1,18-24,Male,Black
16650,283920709,283920709-1,45-64,Male,Black
16651,285380962,285380962-1,25-44,Male,White Hispanic
16652,286098201,286098201-1,25-44,Male,Black
16653,286098201,286098201-2,18-24,Male,Black
16654,286460096,286460096-1,25-44,Male,Black
16655,286765237,286765237-1,25-44,Male,Black Hispanic
16656,288208646,288208646-1,25-44,Male,Black
16657,288209439,288209439-1,25-44,Female,White Hispanic
16658,288613938,288613938-1,25-44,Male,Black
16659,289124110,289124110-1,18-24,Male,Black
16660,289527845,289527845-1,25-44,Male,Black
16661,291286546,291286546-1,25-44,Male,Black
16662,291785987,291785987-1,25-44,Male,Black
16663,292556669,292556669-1,25-44,Male,Black
16664,292646237,292646237-1,25-44,Male,Black
16665,293281448,293281448-1,25-44,Male,White
16666,293423460,293423460-1,25-44,Male,Black
16667,293423460,293423460-2,18-24,Male,White Hispanic
16668,293423460,293423460-3,<18,Male,Black
16669,293896102,293896102-1,25-44,Male,White Hispanic
16670,294818630,294818630-1,45-64,Male,Black
16671,294818630,294818630-2,18-24,Male,Black
16672,295344772,295344772-1,<18,Male,Black
16673,295822895,295822895-1,18-24,Male,Black
16674,295944949,295944949-1,18-24,Male,Black
16675,296455537,296455537-1,25-44,Male,White Hispanic
16676,296645185,296645185-1,25-44,Male,Black
16677,298079917,298079917-1,25-44,Male,White Hispanic
16678,298756515,298756515-1,45-64,Male,White Hispanic
16679,298949942,298949942-1,25-44,Male,Black Hispanic
16680,299005777,299005777-1,18-24,Male,Black
16681,299257996,299257996-1,<18,Male,Black
16682,299470064,299470064-1,45-64,Male,Black Hispanic
16683,299470064,299470064-2,45-64,Male,White Hispanic
16684,300354793,300354793-1,25-44,Male,Black
16685,300802097,300802097-1,45-64,Male,Black
16686,301609655,301609655-1,18-24,Male,Black
16687,302317359,302317359-1,18-24,Male,White Hispanic
16688,302333819,302333819-1,25-44,Male,Black
16689,302377353,302377353-1,<18,Male,Black
16690,302818233,302818233-1,25-44,Male,Black
16691,302818233,302818233-2,25-44,Male,Black
16692,303515770,303515770-1,18-24,Male,Black
16693,303700019,303700019-1,<18,Male,Black
16694,303829751,303829751-1,25-44,Male,Black
16695,304361736,304361736-1,18-24,Male,Black
16696,305036739,305036739-1,18-24,Male,Black Hispanic
16697,305036739,305036739-2,18-24,Male,White Hispanic
16698,305404407,305404407-1,25-44,Male,Black
16699,305637546,305637546-1,25-44,Male,White Hispanic
16700,305764953,305764953-1,18-24,Male,Black
16701,306106327,306106327-1,18-24,Male,Black
16702,306610276,306610276-1,18-24,Male,White Hispanic
16703,306613733,306613733-1,25-44,Male,Black
16704,306613733,306613733-2,18-24,Male,Black
16705,306651766,306651766-1,18-24,Male,Black
16706,307259944,307259944-1,25-44,Male,Black
16707,307386906,307386906-1,25-44,Male,Black
16708,307645264,307645264-1,18-24,Male,Black
16709,307731891,307731891-1,45-64,Male,Black
16710,308717968,308717968-1,18-24,Male,Black
16711,310231264,310231264-1,25-44,Male,Black
16712,310820653,310820653-1,18-24,Male,Black
16713,310966075,310966075-1,25-44,Male,White Hispanic
16714,311113697,311113697-1,18-24,Male,Black
16715,311113697,311113697-2,25-44,Male,Black
16716,311337954,311337954-1,25-44,Male,Black
16717,311661208,311661208-1,<18,Male,Black
16718,312143982,312143982-1,25-44,Male,Black
16719,313373627,313373627-1,18-24,Male,Black
16720,315658031,315658031-1,<18,Female,Asian / Pacific Islander
16721,315658031,315658031-2,<18,Female,Black
16722,315658031,315658031-3,<18,Female,Black Hispanic
16723,317915762,317915762-1,18-24,Male,Black
16724,317799348,317799348-1,25-44,Male,White Hispanic
16725,305806355,305806355-2,18-24,Male,Black
16726,305806355,305806355-1,18-24,Male,Black
16727,247956729,247956729-1,25-44,Male,White Hispanic
16728,248145549,248145549-1,25-44,Male,Black
16729,248205242,248205242-1,25-44,Male,Black
16730,248336781,248336781-1,45-64,Male,Black
16731,248424288,248424288-1,25-44,Male,Black
16732,248501024,248501024-1,25-44,Male,White Hispanic
16733,248501024,248501024-2,18-24,Male,Black
16734,249003408,249003408-1,45-64,Male,Black
16735,249131141,249131141-1,25-44,Male,Black
16736,249978889,249978889-1,25-44,Male,Black
16737,250503798,250503798-1,18-24,Male,Black
16738,250619956,250619956-1,18-24,Male,Black
16739,250866805,250866805-1,25-44,Male,Black
16740,251315304,251315304-1,<18,Male,White Hispanic
16741,251418680,251418680-1,18-24,Male,Black
16742,251418680,251418680-2,18-24,Male,Black
16743,251519081,251519081-1,25-44,Male,Black
16744,251519081,251519081-2,25-44,Male,Black
16745,251813842,251813842-1,25-44,Male,Black
16746,251813842,251813842-2,25-44,Male,Black
16747,252330664,252330664-1,18-24,Male,Black
16748,252468906,252468906-1,25-44,Female,Black
16749,253283838,253283838-1,25-44,Male,Black
16750,253400131,253400131-1,25-44,Male,Black
16751,253514149,253514149-1,65+,Male,White Hispanic
16752,253696272,253696272-1,25-44,Male,Black
16753,254626718,254626718-2,25-44,Male,White Hispanic
16754,254974253,254974253-1,25-44,Male,Black
16755,254974253,254974253-2,25-44,Female,Black
16756,255746297,255746297-1,25-44,Male,Black
16757,259091226,259091226-1,25-44,Male,White Hispanic
16758,259097903,259097903-1,18-24,Male,Black
16759,260416167,260416167-1,18-24,Male,White Hispanic
16760,260416167,260416167-2,18-24,Male,White Hispanic
16761,260637443,260637443-1,25-44,Male,Black Hispanic
16762,260637443,260637443-2,18-24,Male,Black
16763,261176930,261176930-1,<18,Male,Black
16764,261370748,261370748-1,45-64,Male,Black
16765,262051188,262051188-1,18-24,Male,Black
16766,262067878,262067878-1,25-44,Male,Black
16767,262328362,262328362-1,25-44,Male,Black
16768,262673444,262673444-1,25-44,Male,White Hispanic
16769,262696074,262696074-1,25-44,Male,Black
16770,263078583,263078583-1,45-64,Male,White Hispanic
16771,263078584,263078584-1,25-44,Male,Black
16772,263357861,263357861-1,<18,Male,Black
16773,263357861,263357861-2,<18,Male,White Hispanic
16774,263692952,263692952-1,<18,Male,Black Hispanic
16775,263692952,263692952-2,18-24,Male,Black
16776,263692952,263692952-3,18-24,Male,Black
16777,263692952,263692952-4,<18,Male,Black
16778,263891839,263891839-1,25-44,Male,Black
16779,265006012,265006012-1,25-44,Male,White Hispanic
16780,265187651,265187651-1,25-44,Male,Black
16781,265403881,265403881-1,25-44,Male,Black
16782,265698001,265698001-1,18-24,Male,Black
16783,265698001,265698001-2,18-24,Male,Black
16784,266049109,266049109-1,45-64,Male,Black
16785,266049109,266049109-2,45-64,Male,Black
16786,266427562,266427562-1,25-44,Male,Black
16787,266427562,266427562-2,25-44,Male,Black
16788,266473081,266473081-1,<18,Male,Black
16789,266544380,266544380-1,18-24,Male,Black
16790,266702449,266702449-1,<18,Male,White Hispanic
16791,266702449,266702449-2,25-44,Male,White Hispanic
16792,266702450,266702450-1,25-44,Male,White Hispanic
16793,267135167,267135167-1,18-24,Male,White Hispanic
16794,268295740,268295740-1,25-44,Male,Black Hispanic
16795,268554247,268554247-1,<18,Male,Black
16796,269184590,269184590-1,18-24,Male,Black
16797,269184590,269184590-2,18-24,Male,Black
16798,269307858,269307858-1,18-24,Male,Black
16799,269311789,269311789-1,45-64,Male,White Hispanic
16800,269652508,269652508-1,18-24,Male,Black
16801,269652508,269652508-2,18-24,Male,Black
16802,270656694,270656694-1,25-44,Male,Black
16803,270836518,270836518-1,25-44,Male,White Hispanic
16804,270863204,270863204-1,45-64,Male,White Hispanic
16805,270938691,270938691-1,<18,Male,Black
16806,271581476,271581476-1,18-24,Male,Black
16807,271769930,271769930-1,25-44,Male,Black Hispanic
16808,271818918,271818918-1,25-44,Male,Black
16809,272060121,272060121-1,<18,Male,Black
16810,272060121,272060121-2,<18,Male,Black
16811,272060121,272060121-3,<18,Male,Black
16812,272096922,272096922-1,25-44,Male,Black
16813,272420121,272420121-1,25-44,Male,Black
16814,272815859,272815859-1,25-44,Male,Black
16815,273178544,273178544-1,25-44,Male,Black Hispanic
16816,273178544,273178544-2,25-44,Male,Black Hispanic
16817,273899110,273899110-1,25-44,Male,Black
16818,274729784,274729784-1,<18,Male,Asian / Pacific Islander
16819,275824274,275824274-1,25-44,Male,Black
16820,275824274,275824274-2,25-44,Female,Black Hispanic
16821,277159142,277159142-1,25-44,Male,Black
16822,277781932,277781932-1,<18,Male,Black
16823,277781932,277781932-2,18-24,Male,Black
16824,279036369,279036369-1,25-44,Male,Black
16825,279609499,279609499-1,<18,Male,Black
16826,280894362,280894362-1,18-24,Male,White Hispanic
16827,281464670,281464670-1,18-24,Male,Black
16828,281798378,281798378-1,25-44,Male,Black
16829,283691722,283691722-1,25-44,Male,Black
16830,284274405,284274405-1,18-24,Male,Black
16831,284274405,284274405-2,18-24,Male,Black Hispanic
16832,284274405,284274405-3,18-24,Male,Black
16833,285821127,285821127-1,18-24,Female,White Hispanic
16834,285821127,285821127-2,18-24,Male,Black Hispanic
16835,286460097,286460097-1,45-64,Male,Black
16836,286523175,286523175-1,25-44,Male,Black
16837,286957308,286957308-1,18-24,Male,Black
16838,286957308,286957308-2,25-44,Male,Black
16839,287476965,287476965-1,25-44,Male,Black
16840,287671762,287671762-1,<18,Male,Black
16841,287845255,287845255-1,25-44,Male,White Hispanic
16842,287921892,287921892-1,25-44,Male,Black
16843,288434701,288434701-1,18-24,Male,Asian / Pacific Islander
16844,288617787,288617787-1,<18,Male,Black
16845,289020157,289020157-1,<18,Male,Black
16846,289470364,289470364-1,18-24,Male,Black
16847,289480888,289480888-1,25-44,Male,Black
16848,289747222,289747222-1,25-44,Male,Black
16849,289889954,289889954-1,18-24,Male,White Hispanic
16850,290012969,290012969-1,45-64,Male,Black
16851,290080376,290080376-1,<18,Male,White Hispanic
16852,291151314,291151314-1,18-24,Male,Black
16853,292187350,292187350-1,25-44,Male,White Hispanic
16854,292193190,292193190-1,<18,Male,Black
16855,292564049,292564049-1,25-44,Male,Black
16856,293335061,293335061-1,25-44,Male,Black
16857,293526430,293526430-1,18-24,Male,Black
16858,294818629,294818629-1,18-24,Male,Asian / Pacific Islander
16859,294930822,294930822-1,25-44,Male,Black
16860,295171618,295171618-1,25-44,Male,Black
16861,295429243,295429243-1,<18,Male,Black
16862,295532791,295532791-1,<18,Male,White Hispanic
16863,296248356,296248356-1,25-44,Male,Black
16864,300771165,300771165-1,25-44,Female,Black
16865,300951836,300951836-1,25-44,Male,White Hispanic
16866,301178228,301178228-1,<18,Male,Black
16867,301529587,301529587-1,18-24,Male,White Hispanic
16868,301529587,301529587-2,25-44,Female,White Hispanic
16869,304263629,304263629-1,25-44,Male,White Hispanic
16870,304263629,304263629-2,18-24,Male,White Hispanic
16871,304263629,304263629-3,18-24,Male,White Hispanic
16872,304263629,304263629-4,25-44,Male,White Hispanic
16873,305372450,305372450-1,25-44,Female,Black
16874,305372450,305372450-2,18-24,Male,Black
16875,305878320,305878320-1,18-24,Male,Black
16876,307299375,307299375-1,<18,Male,Black Hispanic
16877,307299375,307299375-2,<18,Male,Black
16878,307558032,307558032-1,18-24,Male,White Hispanic
16879,308455132,308455132-1,<18,Male,Black
16880,309147862,309147862-1,25-44,Male,Black
16881,309301656,309301656-1,<18,Male,Black Hispanic
16882,309492261,309492261-1,25-44,Male,Black
16883,309492261,309492261-2,18-24,Male,Black
16884,309788525,309788525-1,45-64,Male,White Hispanic
16885,309799589,309799589-1,25-44,Male,White Hispanic
16886,310000252,310000252-1,<18,Male,Black
16887,310276531,310276531-1,<18,Male,Black
16888,310276531,310276531-2,18-24,Male,Black
16889,310276531,310276531-3,18-24,Male,Black
16890,310352509,310352509-1,18-24,Male,Black
16891,310919159,310919159-1,25-44,Male,Black
16892,311007795,311007795-1,25-44,Male,White Hispanic
16893,311661547,311661547-1,25-44,Male,Black
16894,313284879,313284879-1,25-44,Male,White Hispanic
16895,313356141,313356141-1,45-64,Male,Black
16896,313612998,313612998-1,18-24,Male,Black
16897,313612998,313612998-2,<18,Male,Black
16898,314178004,314178004-1,18-24,Male,Black
16899,314867519,314867519-1,25-44,Male,White Hispanic
16900,315347110,315347110-1,18-24,Male,White Hispanic
16901,316154342,316154342-1,18-24,Male,Black Hispanic
16902,316154343,316154343-1,18-24,Male,Black
16903,316731278,316731278-1,25-44,Male,White Hispanic
16904,318207675,318207675-1,25-44,Male,Black
16905,233761159,233761159-1,<18,Male,Black
16906,233762539,233762539-1,18-24,Male,Black
16907,234101078,234101078-1,25-44,Male,Black Hispanic
16908,234101078,234101078-2,25-44,Male,Black Hispanic
16909,234101078,234101078-3,25-44,Male,Black Hispanic
16910,234101078,234101078-4,18-24,Male,Black Hispanic
16911,234268731,234268731-1,25-44,Male,Black
16912,234475687,234475687-1,45-64,Male,Black
16913,234756219,234756219-1,25-44,Male,Black
16914,234756219,234756219-2,18-24,Male,Black
16915,234756219,234756219-3,25-44,Male,Asian / Pacific Islander
16916,234756219,234756219-4,18-24,Male,Black
16917,234928489,234928489-1,25-44,Male,Black
16918,235857196,235857196-1,18-24,Male,Black
16919,235943069,235943069-1,25-44,Male,Black
16920,236094286,236094286-1,25-44,Male,Black
16921,236095853,236095853-1,18-24,Male,Black
16922,236095853,236095853-2,18-24,Male,Black
16923,236170275,236170275-2,25-44,Male,Black
16924,237362437,237362437-1,25-44,Male,Black Hispanic
16925,237439377,237439377-1,25-44,Male,Black
16926,237439377,237439377-2,25-44,Male,Black
16927,237963647,237963647-1,18-24,Male,Black
16928,237963647,237963647-2,18-24,Male,White Hispanic
16929,238210279,238210279-1,25-44,Male,White Hispanic
16930,238318425,238318425-1,25-44,Male,Black
16931,238318425,238318425-2,25-44,Male,Black
16932,238779471,238779471-1,18-24,Male,Black
16933,239347884,239347884-1,25-44,Female,Black
16934,239348604,239348604-1,18-24,Male,Black
16935,239414355,239414355-1,25-44,Male,Black
16936,239475297,239475297-1,25-44,Male,Black Hispanic
16937,239552853,239552853-1,18-24,Male,White Hispanic
16938,239552853,239552853-2,25-44,Male,Black Hispanic
16939,239553161,239553161-1,25-44,Male,Black
16940,239861542,239861542-1,18-24,Male,Black
16941,239861893,239861893-1,25-44,Male,Black
16942,239930942,239930942-1,18-24,Male,Black
16943,239930942,239930942-2,18-24,Male,Black
16944,239930942,239930942-3,18-24,Male,Black
16945,240174757,240174757-1,18-24,Male,Black
16946,242375568,242375568-1,25-44,Male,Black
16947,242375568,242375568-2,25-44,Male,Black
16948,242393704,242393704-1,25-44,Male,Black
16949,242439531,242439531-1,25-44,Male,Black
16950,242493912,242493912-1,18-24,Female,White Hispanic
16951,242493912,242493912-2,18-24,Male,Black
16952,242601447,242601447-1,25-44,Male,Black
16953,242639155,242639155-1,18-24,Male,Black
16954,242654513,242654513-1,25-44,Male,Black
16955,242654513,242654513-2,25-44,Male,Black
16956,242669571,242669571-1,18-24,Male,Black
16957,242669571,242669571-2,18-24,Female,Black
16958,242784290,242784290-1,18-24,Male,Black
16959,242960374,242960374-1,45-64,Male,Black
16960,243828714,243828714-1,45-64,Male,Black
16961,244608249,244608249-1,18-24,Male,Black
16962,244608249,244608249-2,25-44,Male,Black
16963,244608249,244608249-3,18-24,Male,White Hispanic
16964,244608249,244608249-4,18-24,Male,Black
16965,244663902,244663902-1,18-24,Male,White Hispanic
16966,244663902,244663902-2,25-44,Male,White Hispanic
16967,244863371,244863371-1,25-44,Male,Black
16968,245143413,245143413-1,25-44,Male,Black
16969,245171560,245171560-1,<18,Male,Black
16970,245171560,245171560-2,18-24,Male,Black
16971,245281702,245281702-1,18-24,Male,Black Hispanic
16972,245281702,245281702-2,25-44,Male,White Hispanic
16973,245281702,245281702-3,25-44,Male,Black Hispanic
16974,245281702,245281702-4,25-44,Male,White Hispanic
16975,245471211,245471211-1,25-44,Male,Black
16976,245471212,245471212-1,18-24,Male,Black
16977,246509711,246509711-1,<18,Male,Black
16978,246509711,246509711-2,18-24,Male,Black
16979,247200778,247200778-1,25-44,Male,Black
16980,247457587,247457587-1,18-24,Male,Black
16981,247501141,247501141-1,25-44,Male,Black
16982,247542079,247542079-1,25-44,Male,Black
16983,247880312,247880312-1,18-24,Male,Black
16984,247943478,247943478-1,<18,Male,Black
16985,247943478,247943478-2,<18,Male,Black
16986,248157448,248157448-1,18-24,Male,Black
16987,248668759,248668759-1,18-24,Male,White Hispanic
16988,248734127,248734127-1,25-44,Male,White Hispanic
16989,248844927,248844927-1,18-24,Male,Black
16990,249623757,249623757-1,25-44,Male,Black
16991,249623757,249623757-2,18-24,Male,Black
16992,249623757,249623757-3,18-24,Male,Black
16993,249687931,249687931-1,18-24,Male,Black
16994,249864779,249864779-1,<18,Male,Black
16995,249967191,249967191-1,25-44,Male,Black
16996,250044143,250044143-1,18-24,Male,Black
16997,250044143,250044143-2,<18,Male,Black
16998,250044143,250044143-3,18-24,Male,Black
16999,250218568,250218568-1,<18,Male,Black Hispanic
17000,250250607,250250607-1,18-24,Male,Black
17001,250325741,250325741-1,25-44,Male,Black
17002,250897908,250897908-1,18-24,Male,Black
17003,250897909,250897909-1,18-24,Male,White Hispanic
17004,251570398,251570398-1,25-44,Male,Black
17005,251583517,251583517-1,45-64,Male,Black
17006,251756404,251756404-1,25-44,Female,Black
17007,251925553,251925553-1,25-44,Male,Black
17008,252648397,252648397-1,18-24,Male,White Hispanic
17009,252648397,252648397-2,<18,Male,Black Hispanic
17010,253286522,253286522-1,18-24,Male,Black
17011,253286522,253286522-2,18-24,Male,Black
17012,254051614,254051614-1,18-24,Male,Black
17013,254701470,254701470-1,25-44,Male,Black
17014,255624649,255624649-1,<18,Male,Black
17015,260362155,260362155-1,25-44,Male,Black
17016,260491297,260491297-1,18-24,Male,Black
17017,260491608,260491608-1,25-44,Male,Black
17018,260504303,260504303-1,18-24,Male,Black Hispanic
17019,260531774,260531774-1,25-44,Male,Black
17020,263349965,263349965-1,18-24,Male,Black
17021,265730084,265730084-1,25-44,Male,Black Hispanic
17022,265966828,265966828-1,<18,Male,Black
17023,265988196,265988196-1,<18,Male,Black Hispanic
17024,266069023,266069023-1,18-24,Male,Black
17025,267492349,267492349-1,45-64,Male,Asian / Pacific Islander
17026,267859151,267859151-1,25-44,Male,White Hispanic
17027,268619593,268619593-1,25-44,Male,Black Hispanic
17028,269541207,269541207-1,25-44,Male,White Hispanic
17029,270206141,270206141-1,25-44,Male,Black
17030,270268154,270268154-1,25-44,Male,White Hispanic
17031,270679295,270679295-1,45-64,Male,White Hispanic
17032,270679295,270679295-2,25-44,Male,Black
17033,270758365,270758365-1,25-44,Male,Black Hispanic
17034,270758365,270758365-2,25-44,Male,Black Hispanic
17035,270758366,270758366-1,25-44,Male,White Hispanic
17036,270867007,270867007-1,25-44,Male,Black Hispanic
17037,270939177,270939177-1,25-44,Male,Black
17038,271171076,271171076-1,18-24,Male,Black Hispanic
17039,271171077,271171077-1,18-24,Male,White Hispanic
17040,271171077,271171077-2,<18,Male,Black
17041,272238342,272238342-1,25-44,Male,White
17042,272585007,272585007-1,18-24,Male,Black
17043,272585007,272585007-2,18-24,Male,Black Hispanic
17044,272774443,272774443-1,25-44,Male,Black Hispanic
17045,273010051,273010051-1,25-44,Male,Black
17046,273899108,273899108-1,45-64,Male,White Hispanic
17047,274074212,274074212-1,25-44,Male,White Hispanic
17048,274784927,274784927-1,18-24,Male,Black Hispanic
17049,275209616,275209616-1,25-44,Male,White
17050,275251257,275251257-1,25-44,Male,White Hispanic
17051,275979884,275979884-1,25-44,Male,Black
17052,277554580,277554580-1,<18,Male,Black
17053,277602230,277602230-1,25-44,Male,White Hispanic
17054,277940861,277940861-1,65+,Male,White Hispanic
17055,277973198,277973198-1,25-44,Male,Black
17056,277978380,277978380-1,45-64,Male,Black
17057,278428997,278428997-1,25-44,Male,Asian / Pacific Islander
17058,278677814,278677814-1,25-44,Male,Black Hispanic
17059,281865458,281865458-1,18-24,Male,Black
17060,282063848,282063848-1,25-44,Male,White Hispanic
17061,282423225,282423225-1,25-44,Male,Black
17062,282543135,282543135-1,45-64,Male,Black
17063,283020987,283020987-1,18-24,Male,White Hispanic
17064,285094095,285094095-1,45-64,Male,White Hispanic
17065,285804767,285804767-1,25-44,Male,Black
17066,286725462,286725462-1,25-44,Female,Black
17067,287141673,287141673-1,<18,Male,Black
17068,287313994,287313994-1,25-44,Male,White Hispanic
17069,287845252,287845252-1,18-24,Male,Black Hispanic
17070,287845252,287845252-2,18-24,Male,Black Hispanic
17071,287998198,287998198-2,45-64,Male,Black
17072,288294532,288294532-1,<18,Male,Black
17073,288294532,288294532-2,<18,Male,Black
17074,288294532,288294532-3,<18,Male,Black
17075,288294532,288294532-4,<18,Male,Black
17076,288294532,288294532-5,18-24,Male,Black
17077,288294532,288294532-6,<18,Male,Black
17078,288607689,288607689-1,25-44,Male,White Hispanic
17079,288669969,288669969-1,25-44,Male,Black
17080,289681351,289681351-1,18-24,Male,White Hispanic
17081,290044057,290044057-1,18-24,Male,Black
17082,290044057,290044057-2,25-44,Male,Black
17083,290471572,290471572-1,18-24,Male,Black
17084,290844671,290844671-1,<18,Male,Black
17085,290844672,290844672-1,25-44,Male,Black
17086,291453232,291453232-1,45-64,Male,White
17087,292556668,292556668-1,18-24,Male,Black
17088,292877689,292877689-1,<18,Male,Black
17089,292877689,292877689-2,<18,Male,Black
17090,293107316,293107316-1,45-64,Male,Black
17091,293476199,293476199-1,18-24,Female,Black
17092,293492625,293492625-1,45-64,Male,White Hispanic
17093,293650726,293650726-1,25-44,Male,Black
17094,294557859,294557859-1,25-44,Male,Black
17095,295224199,295224199-1,25-44,Male,White Hispanic
17096,295230669,295230669-1,45-64,Male,Black
17097,295466412,295466412-1,<18,Male,Black
17098,295721938,295721938-1,18-24,Male,Black
17099,295775772,295775772-1,18-24,Male,Black Hispanic
17100,295865249,295865249-1,18-24,Male,Black
17101,296949503,296949503-1,45-64,Male,Black
17102,297623042,297623042-1,25-44,Male,Black
17103,298411322,298411322-1,25-44,Male,Black
17104,298628070,298628070-1,18-24,Male,Black
17105,299257997,299257997-1,25-44,Male,Black
17106,299633735,299633735-1,45-64,Male,Black
17107,300361353,300361353-1,18-24,Male,Black
17108,300430000,300430000-1,<18,Male,White Hispanic
17109,301018725,301018725-1,18-24,Male,Black
17110,301018725,301018725-2,25-44,Female,Black
17111,302446875,302446875-1,18-24,Male,Black Hispanic
17112,302818234,302818234-1,18-24,Male,Black
17113,302818234,302818234-2,18-24,Male,Black Hispanic
17114,302818234,302818234-3,18-24,Male,Black
17115,302842116,302842116-1,18-24,Male,Black
17116,304263630,304263630-1,<18,Male,Black
17117,304923534,304923534-1,18-24,Male,Black
17118,305266332,305266332-1,45-64,Male,Black
17119,306906891,306906891-1,25-44,Male,White Hispanic
17120,306906891,306906891-2,18-24,Male,White Hispanic
17121,306906891,306906891-3,18-24,Male,Black
17122,307632868,307632868-1,<18,Male,Black
17123,307632868,307632868-2,<18,Male,Black Hispanic
17124,307729596,307729596-1,18-24,Male,Black Hispanic
17125,310061971,310061971-1,25-44,Male,White Hispanic
17126,310613386,310613386-1,18-24,Male,Black
17127,310871271,310871271-1,25-44,Male,Black
17128,310871271,310871271-2,25-44,Male,Black
17129,310980316,310980316-1,18-24,Male,Black Hispanic
17130,311324884,311324884-1,45-64,Male,Black
17131,311991746,311991746-1,25-44,Male,Black
17132,312482075,312482075-1,18-24,Male,Black
17133,315789975,315789975-1,<18,Male,Black
17134,315940875,315940875-1,25-44,Male,Black
17135,317146841,317146841-1,18-24,Male,Black
17136,318233895,318233895-1,25-44,Male,Black
17137,245471214,245471214-1,18-24,Male,Black
17138,245820994,245820994-1,25-44,Male,Black
17139,245860411,245860411-1,25-44,Male,Black
17140,245860411,245860411-2,25-44,Male,Black
17141,246050356,246050356-1,45-64,Male,Black
17142,246103137,246103137-1,25-44,Male,White Hispanic
17143,246109874,246109874-1,18-24,Female,White Hispanic
17144,246109874,246109874-2,25-44,Male,Black
17145,246250739,246250739-1,18-24,Male,Asian / Pacific Islander
17146,246768855,246768855-1,18-24,Male,Black
17147,247044938,247044938-1,45-64,Male,Black
17148,247349977,247349977-1,18-24,Male,Black
17149,247943480,247943480-1,25-44,Male,Black
17150,248157399,248157399-1,<18,Male,Black
17151,248205243,248205243-1,25-44,Male,White Hispanic
17152,248322053,248322053-1,25-44,Male,White Hispanic
17153,248435789,248435789-1,18-24,Male,Black
17154,248435789,248435789-2,25-44,Male,Black
17155,249073139,249073139-1,18-24,Male,White Hispanic
17156,249169655,249169655-1,18-24,Male,Black
17157,249169655,249169655-2,18-24,Male,Black
17158,249169655,249169655-3,18-24,Male,Black
17159,249169655,249169655-4,18-24,Male,Black
17160,249940122,249940122-1,45-64,Male,White Hispanic
17161,250503797,250503797-1,25-44,Male,Black
17162,250583385,250583385-1,18-24,Male,Black
17163,250605937,250605937-1,<18,Male,Black
17164,250605939,250605939-1,25-44,Male,Black
17165,250635399,250635399-1,18-24,Male,Black
17166,250901905,250901905-1,18-24,Male,Black Hispanic
17167,251103212,251103212-1,18-24,Male,Black
17168,251361931,251361931-1,25-44,Male,Black
17169,251583515,251583515-1,<18,Male,Black Hispanic
17170,252647952,252647952-1,18-24,Male,Black
17171,253168397,253168397-1,18-24,Male,White Hispanic
17172,253238377,253238377-1,45-64,Male,Black
17173,253238377,253238377-2,25-44,Male,Black
17174,253337063,253337063-1,18-24,Male,Black
17175,253337063,253337063-2,18-24,Male,Black
17176,253952870,253952870-1,18-24,Male,Black
17177,253952870,253952870-2,18-24,Male,Black
17178,253952870,253952870-3,18-24,Male,Black
17179,253952870,253952870-4,18-24,Male,Black
17180,254110478,254110478-1,25-44,Male,Black
17181,254374111,254374111-1,25-44,Male,Black
17182,254377814,254377814-1,18-24,Male,White Hispanic
17183,254377814,254377814-2,25-44,Male,White Hispanic
17184,254619180,254619180-1,18-24,Male,Black
17185,254718211,254718211-1,25-44,Male,White Hispanic
17186,255832155,255832155-1,18-24,Male,Black
17187,256123226,256123226-1,25-44,Male,Black
17188,260422774,260422774-1,25-44,Female,Black
17189,261190187,261190187-1,18-24,Male,Black
17190,261190187,261190187-2,18-24,Male,Black
17191,261194183,261194183-1,25-44,Male,Black
17192,261958837,261958837-1,25-44,Male,Black
17193,261964437,261964437-1,25-44,Male,White
17194,262318300,262318300-1,<18,Male,White Hispanic
17195,263018683,263018683-1,<18,Male,Black
17196,263073499,263073499-1,25-44,Male,Black
17197,263529053,263529053-1,18-24,Male,White
17198,263839261,263839261-1,<18,Male,Black Hispanic
17199,264689064,264689064-1,18-24,Male,Black
17200,264689064,264689064-2,<18,Male,Black
17201,265403526,265403526-1,18-24,Male,Black
17202,265403526,265403526-2,18-24,Male,Black
17203,265403528,265403528-1,25-44,Male,Black
17204,265403528,265403528-2,25-44,Male,Black
17205,265674098,265674098-1,25-44,Male,Black
17206,266537340,266537340-1,18-24,Male,Black
17207,266537340,266537340-2,18-24,Female,Black
17208,266761947,266761947-1,25-44,Male,Black
17209,267267403,267267403-1,25-44,Male,White Hispanic
17210,267492348,267492348-1,18-24,Male,Black
17211,268233287,268233287-1,25-44,Male,Black
17212,268302281,268302281-1,18-24,Male,White Hispanic
17213,268302281,268302281-2,18-24,Male,White Hispanic
17214,268358704,268358704-1,18-24,Male,Black
17215,268958472,268958472-1,18-24,Male,Black Hispanic
17216,268958472,268958472-2,18-24,Male,White Hispanic
17217,268970253,268970253-1,<18,Male,Black
17218,269007335,269007335-1,18-24,Male,White Hispanic
17219,269233784,269233784-1,25-44,Male,Black
17220,270274907,270274907-1,<18,Male,Black Hispanic
17221,270388045,270388045-1,25-44,Male,White Hispanic
17222,270550922,270550922-1,25-44,Female,Black
17223,270550922,270550922-2,25-44,Male,Black
17224,270852290,270852290-1,25-44,Male,Black
17225,270939179,270939179-1,18-24,Male,Black
17226,271290434,271290434-1,25-44,Male,Black Hispanic
17227,271916392,271916392-1,18-24,Male,Black
17228,271916392,271916392-2,18-24,Male,Black
17229,271916392,271916392-3,18-24,Male,Black
17230,272585006,272585006-1,18-24,Male,Black Hispanic
17231,272815860,272815860-1,25-44,Male,Black
17232,273035029,273035029-1,25-44,Male,Black
17233,274396068,274396068-1,18-24,Male,Black
17234,274396068,274396068-2,18-24,Male,White Hispanic
17235,275535476,275535476-1,25-44,Male,Black
17236,275535476,275535476-2,18-24,Female,Black
17237,279138121,279138121-1,<18,Male,Black Hispanic
17238,279709792,279709792-1,25-44,Male,Black
17239,279978931,279978931-1,25-44,Male,Black
17240,280638541,280638541-1,25-44,Male,Black
17241,281390656,281390656-1,25-44,Male,Black
17242,283767689,283767689-1,18-24,Male,Black
17243,283885164,283885164-1,25-44,Male,White Hispanic
17244,285958028,285958028-1,18-24,Male,Black
17245,286038325,286038325-1,18-24,Male,White Hispanic
17246,286397105,286397105-1,25-44,Male,Black
17247,286523176,286523176-1,25-44,Male,Black
17248,286523176,286523176-2,25-44,Male,Black
17249,287542648,287542648-1,25-44,Male,Black
17250,290495145,290495145-1,18-24,Male,Black
17251,291743693,291743693-1,45-64,Male,Black
17252,292391488,292391488-1,25-44,Male,White Hispanic
17253,292776849,292776849-1,45-64,Male,Black
17254,293081085,293081085-1,18-24,Male,White Hispanic
17255,294823656,294823656-1,25-44,Male,White Hispanic
17256,296246345,296246345-1,<18,Male,Black
17257,296383585,296383585-1,18-24,Male,Black
17258,296383585,296383585-2,<18,Male,Black
17259,296383585,296383585-3,18-24,Male,Black
17260,297018622,297018622-1,45-64,Male,Black
17261,297172826,297172826-1,45-64,Male,White Hispanic
17262,297216293,297216293-2,45-64,Male,Black Hispanic
17263,297694906,297694906-1,25-44,Male,Black
17264,298034554,298034554-1,18-24,Male,Black Hispanic
17265,298034554,298034554-2,<18,Female,White Hispanic
17266,298034554,298034554-4,18-24,Male,White Hispanic
17267,298034554,298034554-5,18-24,Male,Black
17268,298672097,298672097-1,25-44,Male,Black
17269,299683365,299683365-1,45-64,Male,Black
17270,299956934,299956934-1,18-24,Male,White Hispanic
17271,299956934,299956934-2,18-24,Male,White Hispanic
17272,299956934,299956934-3,18-24,Male,White Hispanic
17273,300052774,300052774-1,25-44,Male,Black Hispanic
17274,301320655,301320655-1,25-44,Male,White Hispanic
17275,301565779,301565779-1,<18,Male,Black
17276,301565779,301565779-2,18-24,Male,Black
17277,301565779,301565779-3,<18,Male,Black
17278,301565779,301565779-4,18-24,Male,Black
17279,301565779,301565779-5,18-24,Male,Black
17280,301806225,301806225-1,<18,Male,Black
17281,302113753,302113753-1,<18,Male,White Hispanic
17282,303338555,303338555-1,18-24,Male,Black
17283,303338555,303338555-2,18-24,Male,Black
17284,303338555,303338555-3,18-24,Male,Black
17285,303338555,303338555-4,18-24,Male,Black
17286,303338555,303338555-5,18-24,Male,Black
17287,303630517,303630517-1,18-24,Male,Black
17288,304199343,304199343-1,18-24,Male,Black
17289,305163493,305163493-1,<18,Male,Black
17290,305285855,305285855-1,25-44,Male,White Hispanic
17291,305918735,305918735-1,25-44,Male,Black Hispanic
17292,306501157,306501157-1,25-44,Male,White Hispanic
17293,307142686,307142686-1,25-44,Male,Black
17294,307581458,307581458-1,18-24,Male,Black
17295,308312285,308312285-1,<18,Male,Black
17296,309605578,309605578-1,65+,Male,Black
17297,310276536,310276536-1,25-44,Male,Black
17298,310276536,310276536-2,25-44,Male,White Hispanic
17299,310820655,310820655-2,25-44,Male,Black
17300,311298007,311298007-1,45-64,Male,Black Hispanic
17301,311661548,311661548-1,<18,Male,Black
17302,311929407,311929407-1,65+,Male,Black
17303,311931930,311931930-1,45-64,Male,Black Hispanic
17304,312000019,312000019-1,18-24,Male,Black
17305,312259913,312259913-1,18-24,Male,White Hispanic
17306,313205396,313205396-1,<18,Male,Black
17307,313251172,313251172-1,65+,Male,Black
17308,313890768,313890768-1,18-24,Male,White Hispanic
17309,313976659,313976659-1,18-24,Male,White Hispanic
17310,313976659,313976659-2,<18,Male,Black
17311,315638475,315638475-1,25-44,Male,Black
17312,316067226,316067226-1,25-44,Male,Black
17313,316559714,316559714-1,45-64,Male,Black Hispanic
17314,316703546,316703546-3,<18,Male,White Hispanic
17315,317486894,317486894-1,25-44,Male,Black
17316,317104260,317104260-1,<18,Male,Black
17317,310276530,310276530-1,18-24,Male,Black
17318,238238212,238238212-3,25-44,Male,Black
17319,238290700,238290700-1,18-24,Male,Black
17320,238853876,238853876-1,18-24,Male,White Hispanic
17321,239237446,239237446-1,25-44,Male,White Hispanic
17322,239811555,239811555-1,18-24,Male,Black
17323,239811555,239811555-2,18-24,Male,Black
17324,239889274,239889274-1,25-44,Male,Black
17325,239993410,239993410-1,18-24,Male,Black
17326,239993410,239993410-2,18-24,Male,Black
17327,240547210,240547210-1,25-44,Male,Black
17328,240547210,240547210-2,18-24,Male,Black
17329,240547210,240547210-3,18-24,Male,Black
17330,240547210,240547210-4,<18,Male,Black
17331,241030310,241030310-1,18-24,Male,Black
17332,241030310,241030310-2,18-24,Male,Black
17333,241729340,241729340-1,18-24,Male,Black Hispanic
17334,241880795,241880795-1,18-24,Male,Black
17335,241880795,241880795-2,45-64,Male,Black
17336,241930891,241930891-1,25-44,Male,Black
17337,241930891,241930891-2,18-24,Male,Black
17338,241930891,241930891-3,25-44,Male,Black
17339,242371714,242371714-1,18-24,Male,Black
17340,242371714,242371714-2,18-24,Male,Black
17341,242440055,242440055-1,25-44,Male,White Hispanic
17342,242928611,242928611-1,25-44,Male,Black
17343,242928611,242928611-2,25-44,Male,Black
17344,242928611,242928611-3,18-24,Male,Black
17345,242999820,242999820-1,25-44,Male,Black
17346,243115068,243115068-1,18-24,Male,Black
17347,243115069,243115069-1,18-24,Male,Black
17348,243115069,243115069-2,25-44,Male,Black
17349,243251041,243251041-1,18-24,Male,Black
17350,244592751,244592751-1,25-44,Male,White
17351,244818447,244818447-1,25-44,Male,White Hispanic
17352,244818447,244818447-2,25-44,Male,White Hispanic
17353,245104545,245104545-1,18-24,Male,Black
17354,245106716,245106716-1,25-44,Male,Black
17355,245471213,245471213-1,25-44,Male,White
17356,245603728,245603728-1,<18,Male,Black
17357,245603728,245603728-2,<18,Female,Black
17358,245824160,245824160-1,25-44,Male,Black
17359,246139914,246139914-1,18-24,Male,White Hispanic
17360,246172373,246172373-1,18-24,Male,Black
17361,246172373,246172373-2,18-24,Male,Black
17362,246172373,246172373-3,18-24,Male,Black
17363,246172373,246172373-4,25-44,Male,Black
17364,246768856,246768856-1,18-24,Male,Black
17365,246769428,246769428-1,<18,Male,White Hispanic
17366,246824177,246824177-1,25-44,Male,Black
17367,246825728,246825728-1,18-24,Male,Black
17368,246876577,246876577-1,45-64,Male,Black
17369,247457589,247457589-1,25-44,Male,White Hispanic
17370,247460144,247460144-1,45-64,Male,Black
17371,247463652,247463652-1,18-24,Male,Black Hispanic
17372,247592458,247592458-1,45-64,Male,Black
17373,247880836,247880836-1,18-24,Male,Black Hispanic
17374,248668760,248668760-1,18-24,Male,Black Hispanic
17375,248668760,248668760-2,<18,Male,White Hispanic
17376,248668760,248668760-3,25-44,Male,Black Hispanic
17377,248668760,248668760-4,18-24,Male,White Hispanic
17378,249233455,249233455-1,<18,Male,Black
17379,249465754,249465754-1,<18,Male,Black
17380,249705032,249705032-1,18-24,Male,White Hispanic
17381,250109554,250109554-1,25-44,Male,Black
17382,250109554,250109554-2,25-44,Male,Black
17383,251216080,251216080-1,18-24,Male,Black
17384,251579032,251579032-1,18-24,Male,White Hispanic
17385,251813841,251813841-1,18-24,Male,Black
17386,252634980,252634980-1,25-44,Male,Black
17387,253332950,253332950-1,25-44,Male,Black
17388,253764627,253764627-1,25-44,Male,White Hispanic
17389,254171848,254171848-1,25-44,Male,Black
17390,254171848,254171848-2,25-44,Male,Black
17391,254171848,254171848-3,25-44,Female,Black
17392,256547034,256547034-1,25-44,Male,Black Hispanic
17393,261204520,261204520-1,18-24,Male,Black
17394,262015262,262015262-1,25-44,Male,Black
17395,262067876,262067876-1,<18,Male,Black Hispanic
17396,262067876,262067876-2,18-24,Male,Black
17397,262145574,262145574-1,25-44,Male,Black
17398,262145575,262145575-1,<18,Male,Black
17399,262409423,262409423-1,18-24,Male,Black
17400,262586366,262586366-1,25-44,Male,Black
17401,263189901,263189901-1,18-24,Female,Black
17402,263189901,263189901-2,25-44,Male,Black
17403,264530499,264530499-1,25-44,Male,Black
17404,266717926,266717926-1,<18,Male,Black Hispanic
17405,267135166,267135166-1,65+,Male,Black
17406,267201244,267201244-1,18-24,Male,White Hispanic
17407,267560797,267560797-1,45-64,Male,Black
17408,268390097,268390097-1,25-44,Male,Black
17409,268390097,268390097-3,25-44,Male,Black
17410,268638977,268638977-1,25-44,Male,Black
17411,269129665,269129665-1,18-24,Male,White Hispanic
17412,269129665,269129665-2,18-24,Male,White Hispanic
17413,270388042,270388042-1,25-44,Male,Black
17414,270435994,270435994-1,18-24,Male,Black
17415,270543471,270543471-1,<18,Male,Black Hispanic
17416,271188186,271188186-1,25-44,Male,Black
17417,271352165,271352165-1,25-44,Male,Black
17418,271885038,271885038-1,25-44,Male,White Hispanic
17419,271885038,271885038-2,25-44,Male,White Hispanic
17420,272105041,272105041-1,<18,Male,Black
17421,272238341,272238341-1,25-44,Male,Black
17422,272458922,272458922-1,18-24,Male,Black
17423,272480005,272480005-1,18-24,Male,Black
17424,272480005,272480005-2,25-44,Male,Black
17425,273146317,273146317-1,25-44,Male,Black
17426,273194783,273194783-1,25-44,Female,Black
17427,273577777,273577777-1,18-24,Male,Black
17428,273635840,273635840-1,18-24,Male,White Hispanic
17429,273816263,273816263-1,25-44,Male,Black
17430,274871515,274871515-1,25-44,Male,White Hispanic
17431,275142941,275142941-1,25-44,Male,Black
17432,275142941,275142941-2,45-64,Male,Black
17433,275218028,275218028-1,18-24,Male,White Hispanic
17434,275218028,275218028-2,18-24,Male,Black
17435,275231377,275231377-1,45-64,Male,White
17436,275544876,275544876-1,18-24,Male,Black
17437,275544876,275544876-2,<18,Male,Black
17438,276262588,276262588-1,25-44,Male,Asian / Pacific Islander
17439,276870187,276870187-1,45-64,Male,Black
17440,277407816,277407816-1,65+,Male,White
17441,277418605,277418605-1,45-64,Male,Black
17442,277770907,277770907-1,45-64,Male,Black
17443,277957687,277957687-1,25-44,Male,Black
17444,278627524,278627524-1,25-44,Male,Asian / Pacific Islander
17445,279475600,279475600-1,25-44,Male,Black
17446,280500173,280500173-1,18-24,Male,White Hispanic
17447,280500173,280500173-2,25-44,Male,White Hispanic
17448,280500173,280500173-3,<18,Male,Black Hispanic
17449,280568174,280568174-1,18-24,Male,White Hispanic
17450,281798377,281798377-1,25-44,Male,White Hispanic
17451,282177020,282177020-1,45-64,Female,White Hispanic
17452,283020990,283020990-1,25-44,Male,Black
17453,283883225,283883225-1,25-44,Male,Black
17454,283885165,283885165-1,45-64,Male,Black
17455,284047223,284047223-1,18-24,Male,Black
17456,284197306,284197306-1,18-24,Male,White Hispanic
17457,284454187,284454187-1,25-44,Male,Black
17458,284540124,284540124-1,18-24,Male,White Hispanic
17459,284540124,284540124-2,18-24,Male,Black Hispanic
17460,284721216,284721216-1,25-44,Male,White Hispanic
17461,286159382,286159382-1,<18,Male,Black
17462,286341306,286341306-1,25-44,Male,White Hispanic
17463,286762896,286762896-1,25-44,Male,Black Hispanic
17464,287141365,287141365-1,25-44,Male,Black
17465,287324018,287324018-1,25-44,Male,Black
17466,287439574,287439574-1,25-44,Male,Black
17467,287845253,287845253-1,25-44,Male,Black
17468,288156949,288156949-1,25-44,Male,Black
17469,288243972,288243972-1,25-44,Male,Black
17470,288365030,288365030-1,25-44,Male,Black
17471,289233743,289233743-1,25-44,Male,Black
17472,289233743,289233743-2,25-44,Male,Black
17473,289233743,289233743-3,25-44,Male,Black
17474,289233743,289233743-4,18-24,Male,Black Hispanic
17475,290416010,290416010-1,<18,Male,Black
17476,290416010,290416010-2,<18,Male,Black
17477,290416010,290416010-3,<18,Male,White Hispanic
17478,290420710,290420710-1,25-44,Male,White Hispanic
17479,290710052,290710052-1,<18,Male,Black
17480,292252758,292252758-1,25-44,Male,Black Hispanic
17481,292252758,292252758-2,25-44,Male,Black Hispanic
17482,292252758,292252758-3,25-44,Male,Black Hispanic
17483,292252759,292252759-2,18-24,Male,White Hispanic
17484,292280208,292280208-1,25-44,Male,Black Hispanic
17485,292280208,292280208-2,25-44,Female,White Hispanic
17486,292840490,292840490-1,25-44,Male,Black
17487,292992572,292992572-1,25-44,Male,Black Hispanic
17488,293400274,293400274-1,25-44,Male,Black Hispanic
17489,293544709,293544709-1,25-44,Male,White Hispanic
17490,293715399,293715399-1,45-64,Male,Black
17491,295479911,295479911-1,45-64,Male,Black
17492,295891594,295891594-1,18-24,Male,Black Hispanic
17493,295891596,295891596-1,18-24,Male,White Hispanic
17494,295944948,295944948-1,45-64,Male,White Hispanic
17495,296101418,296101418-1,25-44,Male,White Hispanic
17496,296246343,296246343-1,25-44,Male,Black Hispanic
17497,296246343,296246343-2,18-24,Male,White Hispanic
17498,296947469,296947469-1,<18,Male,Black
17499,297073325,297073325-1,25-44,Male,Black
17500,297145619,297145619-1,25-44,Male,Black
17501,297172827,297172827-1,18-24,Male,Black Hispanic
17502,298566035,298566035-1,<18,Male,Black Hispanic
17503,298756517,298756517-1,45-64,Male,Black
17504,298779027,298779027-1,18-24,Male,Black
17505,299329906,299329906-1,18-24,Male,Black
17506,299329906,299329906-2,25-44,Male,Black
17507,299329906,299329906-3,25-44,Male,Black
17508,299329906,299329906-4,25-44,Male,Black
17509,300341223,300341223-1,25-44,Male,Black
17510,302197816,302197816-1,18-24,Male,Black
17511,302197816,302197816-2,18-24,Male,Black
17512,303275049,303275049-1,25-44,Male,White Hispanic
17513,304555922,304555922-1,18-24,Male,Black
17514,304555922,304555922-2,25-44,Male,Black
17515,304555922,304555922-3,18-24,Male,Black
17516,305404405,305404405-1,25-44,Male,Black
17517,306294378,306294378-1,25-44,Male,Black Hispanic
17518,306856917,306856917-1,45-64,Male,Black
17519,307528851,307528851-1,25-44,Male,Black
17520,308594661,308594661-1,25-44,Male,Black
17521,308965098,308965098-1,25-44,Male,Black
17522,308965098,308965098-2,25-44,Female,White Hispanic
17523,309107259,309107259-1,25-44,Male,Black
17524,309161372,309161372-1,25-44,Male,Black
17525,309605579,309605579-1,25-44,Female,Black
17526,309605579,309605579-2,25-44,Male,Black
17527,309605579,309605579-3,25-44,Male,Black
17528,309788907,309788907-1,25-44,Male,Black
17529,310000251,310000251-1,45-64,Male,Black
17530,310305118,310305118-1,25-44,Male,White Hispanic
17531,312414243,312414243-1,18-24,Male,White Hispanic
17532,312795109,312795109-1,25-44,Male,Black
17533,312957372,312957372-1,18-24,Male,Black
17534,312957372,312957372-2,<18,Male,Black
17535,312957372,312957372-3,18-24,Male,Black
17536,312957372,312957372-4,<18,Male,Black
17537,314616791,314616791-1,18-24,Male,Black Hispanic
17538,315693801,315693801-1,45-64,Male,White Hispanic
17539,315693801,315693801-2,45-64,Male,Black Hispanic
17540,316051171,316051171-1,45-64,Male,White Hispanic
17541,316464725,316464725-1,18-24,Male,Black Hispanic
17542,316473672,316473672-1,25-44,Male,Black
17543,316813824,316813824-1,<18,Male,Black
17544,317182365,317182365-1,25-44,Male,Black
17545,311423744,311423744-1,<18,Male,Black
17546,311756931,311756931-2,18-24,Male,Black
17547,311756931,311756931-1,<18,Male,Black
17548,306675852,306675852-1,18-24,Male,Black
17549,312202111,312202111-1,<18,Male,Black Hispanic
17550,316603237,316603237-1,<18,Male,White Hispanic
17551,250280354,250280354-1,45-64,Male,Black
17552,250280354,250280354-2,25-44,Male,Black
17553,251247837,251247837-1,25-44,Male,White Hispanic
17554,252032641,252032641-1,<18,Male,White Hispanic
17555,252118307,252118307-1,25-44,Male,Black
17556,252118307,252118307-2,25-44,Male,Black
17557,252637664,252637664-1,25-44,Male,White Hispanic
17558,253191244,253191244-1,25-44,Male,Black
17559,253386990,253386990-1,<18,Male,Black
17560,254713748,254713748-1,18-24,Male,Black
17561,255648332,255648332-1,45-64,Male,Black
17562,256484573,256484573-1,18-24,Male,Black
17563,260422772,260422772-1,<18,Male,Black
17564,260491296,260491296-1,25-44,Male,White Hispanic
17565,261307948,261307948-1,25-44,Male,White Hispanic
17566,262747863,262747863-1,25-44,Male,White Hispanic
17567,262747863,262747863-2,25-44,Male,White Hispanic
17568,262747863,262747863-4,25-44,Male,Black
17569,263357365,263357365-1,18-24,Male,Black
17570,263357365,263357365-2,18-24,Male,White Hispanic
17571,264689062,264689062-1,45-64,Male,Black
17572,265006010,265006010-1,18-24,Male,Black Hispanic
17573,265006013,265006013-1,25-44,Male,Black
17574,265303128,265303128-1,25-44,Male,Black
17575,265681415,265681415-1,18-24,Male,Black
17576,266246632,266246632-1,18-24,Male,Black
17577,266246633,266246633-1,<18,Male,Black
17578,266246633,266246633-2,<18,Male,Black
17579,267148531,267148531-1,18-24,Male,White Hispanic
17580,267282250,267282250-1,25-44,Male,Black
17581,267333554,267333554-1,18-24,Male,Black
17582,267683271,267683271-1,45-64,Male,White Hispanic
17583,267857368,267857368-1,45-64,Male,Black
17584,267857368,267857368-2,25-44,Male,Black
17585,268197444,268197444-1,25-44,Male,Black
17586,268204880,268204880-1,<18,Male,Black
17587,269003577,269003577-1,25-44,Male,Black
17588,269307857,269307857-1,25-44,Male,Black
17589,269311790,269311790-1,25-44,Male,Black Hispanic
17590,270373347,270373347-1,25-44,Male,Black
17591,270373347,270373347-2,18-24,Male,Black
17592,270373347,270373347-3,<18,Male,Black
17593,270373349,270373349-1,25-44,Male,Black
17594,270825478,270825478-1,18-24,Male,Black
17595,270825478,270825478-2,25-44,Male,Black
17596,271010502,271010502-1,25-44,Male,White Hispanic
17597,271052452,271052452-1,<18,Male,Black
17598,271410926,271410926-1,25-44,Male,Black
17599,271581475,271581475-1,45-64,Male,Black
17600,271751340,271751340-1,25-44,Male,Black
17601,271751341,271751341-1,25-44,Male,Black
17602,271818282,271818282-1,25-44,Male,White Hispanic
17603,271818282,271818282-2,18-24,Male,Black Hispanic
17604,271818920,271818920-1,25-44,Male,Asian / Pacific Islander
17605,272815858,272815858-1,25-44,Male,Black
17606,272815858,272815858-2,18-24,Male,Black
17607,272817657,272817657-1,18-24,Male,Black
17608,272881673,272881673-1,45-64,Male,Black
17609,273470855,273470855-1,18-24,Male,Black
17610,273520493,273520493-1,<18,Male,Black Hispanic
17611,275291828,275291828-1,18-24,Male,Black
17612,275291829,275291829-1,18-24,Male,White Hispanic
17613,275291829,275291829-2,18-24,Male,Black
17614,275671887,275671887-1,25-44,Male,Black Hispanic
17615,276669687,276669687-1,<18,Male,White Hispanic
17616,277978378,277978378-1,45-64,Male,Black
17617,278085502,278085502-1,45-64,Male,White
17618,278201749,278201749-1,18-24,Male,White Hispanic
17619,278784204,278784204-1,18-24,Male,Black
17620,279386687,279386687-1,18-24,Male,Black
17621,279453573,279453573-1,25-44,Male,Black
17622,279800218,279800218-1,45-64,Male,Black
17623,279800218,279800218-2,25-44,Male,Black
17624,279800218,279800218-3,25-44,Male,Black
17625,280568175,280568175-1,25-44,Male,Black
17626,280568175,280568175-2,25-44,Male,Black
17627,281097850,281097850-1,18-24,Male,Black
17628,281250469,281250469-1,25-44,Male,Black
17629,281250470,281250470-1,25-44,Male,Black
17630,282368516,282368516-1,18-24,Male,White Hispanic
17631,282368516,282368516-2,18-24,Male,Black
17632,283497924,283497924-1,18-24,Male,White Hispanic
17633,284877788,284877788-1,18-24,Male,Black
17634,285676186,285676186-1,25-44,Male,Black
17635,285676187,285676187-1,18-24,Male,White Hispanic
17636,285883382,285883382-1,18-24,Male,White Hispanic
17637,286159384,286159384-1,65+,Male,White Hispanic
17638,287141672,287141672-1,45-64,Male,Black
17639,287141672,287141672-2,25-44,Male,Black
17640,287476966,287476966-1,<18,Male,Black
17641,287759179,287759179-1,25-44,Male,Black
17642,290044415,290044415-1,25-44,Male,Black
17643,290416009,290416009-1,25-44,Male,Black Hispanic
17644,290420709,290420709-1,18-24,Male,Black
17645,291035717,291035717-1,18-24,Male,Black
17646,291354909,291354909-1,25-44,Male,White Hispanic
17647,291843500,291843500-1,25-44,Male,Black
17648,291874729,291874729-1,25-44,Male,Black
17649,292215677,292215677-1,18-24,Male,White Hispanic
17650,292215677,292215677-2,18-24,Male,White Hispanic
17651,292215677,292215677-3,18-24,Male,White Hispanic
17652,292215677,292215677-4,18-24,Male,White Hispanic
17653,292713243,292713243-1,<18,Male,Black
17654,292945972,292945972-1,18-24,Male,Black
17655,292945972,292945972-2,18-24,Male,White Hispanic
17656,292945972,292945972-3,45-64,Male,Black
17657,294059060,294059060-1,25-44,Male,Black
17658,295532790,295532790-1,18-24,Male,Black
17659,296645184,296645184-1,18-24,Male,Black
17660,296843487,296843487-1,45-64,Male,White Hispanic
17661,298301433,298301433-1,<18,Male,Black
17662,298301433,298301433-2,<18,Male,White Hispanic
17663,298301433,298301433-3,18-24,Male,White Hispanic
17664,298301433,298301433-4,<18,Male,White Hispanic
17665,298607139,298607139-1,25-44,Male,Black
17666,298607139,298607139-2,18-24,Female,Black
17667,298909832,298909832-1,25-44,Male,Black
17668,298909833,298909833-1,18-24,Male,Black
17669,301609656,301609656-1,25-44,Male,Black
17670,304703802,304703802-1,18-24,Male,Black Hispanic
17671,305062372,305062372-1,18-24,Male,Black
17672,305163492,305163492-1,25-44,Male,White Hispanic
17673,305163492,305163492-2,25-44,Male,White Hispanic
17674,305252462,305252462-1,<18,Male,White Hispanic
17675,305252462,305252462-2,18-24,Male,Black
17676,306159871,306159871-1,25-44,Male,Black Hispanic
17677,306298652,306298652-1,<18,Male,White Hispanic
17678,306298652,306298652-2,<18,Male,Black
17679,306651416,306651416-1,18-24,Male,Black
17680,307841555,307841555-1,25-44,Male,Black
17681,308510108,308510108-1,25-44,Male,Black
17682,308833787,308833787-1,25-44,Male,Black
17683,309948364,309948364-1,18-24,Male,White Hispanic
17684,311110783,311110783-1,25-44,Male,Asian / Pacific Islander
17685,311877500,311877500-1,25-44,Male,Black
17686,312710728,312710728-1,25-44,Male,Black
17687,313049936,313049936-1,25-44,Male,White Hispanic
17688,313284601,313284601-1,45-64,Male,Black
17689,313563275,313563275-1,25-44,Male,Black Hispanic
17690,315731656,315731656-1,<18,Male,Black
17691,315789976,315789976-1,18-24,Male,Black
17692,315805497,315805497-1,<18,Male,White
17693,316246117,316246117-1,18-24,Male,Black
17694,317233070,317233070-1,18-24,Male,Black
17695,309415108,309415108-1,18-24,Male,Black
17696,250619957,250619957-1,18-24,Male,Black
17697,250619957,250619957-2,18-24,Male,Black
17698,250901904,250901904-1,25-44,Male,Black
17699,250901904,250901904-2,25-44,Male,Black
17700,250979223,250979223-1,25-44,Male,White Hispanic
17701,251164802,251164802-2,65+,Male,Black
17702,251164802,251164802-3,65+,Male,Black
17703,251164802,251164802-4,25-44,Male,Black
17704,251570400,251570400-1,<18,Male,Black
17705,251578919,251578919-1,18-24,Male,Black
17706,251578919,251578919-3,18-24,Male,Black
17707,251714185,251714185-1,25-44,Male,White Hispanic
17708,251981983,251981983-1,18-24,Male,Black
17709,252281471,252281471-1,<18,Male,White Hispanic
17710,252533396,252533396-1,25-44,Male,Black
17711,252647537,252647537-1,25-44,Male,Black
17712,253458084,253458084-1,18-24,Male,Black
17713,254374112,254374112-1,25-44,Male,Black
17714,255179716,255179716-1,18-24,Male,Black
17715,255560355,255560355-1,<18,Male,Black
17716,260491290,260491290-1,45-64,Male,Black
17717,260523675,260523675-1,25-44,Male,Black Hispanic
17718,261160236,261160236-1,18-24,Male,Black
17719,261643073,261643073-1,25-44,Male,Black
17720,261712055,261712055-1,25-44,Male,Black
17721,262067877,262067877-1,<18,Male,Black
17722,262699985,262699985-1,<18,Male,Black
17723,263693795,263693795-1,25-44,Male,Black
17724,265005885,265005885-1,<18,Male,Black
17725,265005885,265005885-2,18-24,Male,Black
17726,265005885,265005885-3,18-24,Male,Black
17727,265005885,265005885-4,18-24,Male,Black
17728,265350047,265350047-1,45-64,Male,Asian / Pacific Islander
17729,265354835,265354835-1,25-44,Male,White Hispanic
17730,265354835,265354835-2,18-24,Male,Black
17731,265750631,265750631-1,18-24,Male,Black
17732,268208976,268208976-1,25-44,Female,Black
17733,268790796,268790796-1,<18,Male,Black
17734,268970252,268970252-1,<18,Male,Black Hispanic
17735,269184588,269184588-1,25-44,Male,White Hispanic
17736,269184588,269184588-2,18-24,Male,Black
17737,269223419,269223419-1,18-24,Male,Black
17738,269683819,269683819-1,18-24,Male,White Hispanic
17739,269683819,269683819-2,25-44,Male,White Hispanic
17740,270085085,270085085-1,25-44,Male,Black Hispanic
17741,270388043,270388043-1,45-64,Male,Black
17742,270489849,270489849-1,25-44,Male,Black
17743,270760379,270760379-1,18-24,Male,Black
17744,271746435,271746435-2,25-44,Male,White Hispanic
17745,271746435,271746435-3,25-44,Male,White Hispanic
17746,272098302,272098302-1,25-44,Male,Black
17747,272166517,272166517-1,45-64,Male,Black
17748,272366658,272366658-1,18-24,Male,Black
17749,272831774,272831774-2,18-24,Male,Black
17750,273846994,273846994-1,18-24,Male,White Hispanic
17751,273846994,273846994-2,25-44,Male,White Hispanic
17752,273846994,273846994-3,<18,Male,White Hispanic
17753,274445543,274445543-1,18-24,Male,Black
17754,276032583,276032583-1,25-44,Male,Black
17755,276436475,276436475-1,18-24,Male,Black
17756,276436475,276436475-2,<18,Male,Black
17757,276572811,276572811-1,25-44,Male,White Hispanic
17758,276669686,276669686-1,25-44,Male,Black
17759,277742138,277742138-1,25-44,Male,White Hispanic
17760,278085501,278085501-1,<18,Male,Black
17761,278143542,278143542-1,25-44,Male,White Hispanic
17762,278143542,278143542-2,25-44,Male,Asian / Pacific Islander
17763,278433669,278433669-1,25-44,Male,Black
17764,278433669,278433669-2,25-44,Male,White Hispanic
17765,278666561,278666561-1,25-44,Male,Black
17766,279453572,279453572-1,25-44,Male,Black
17767,279472658,279472658-1,18-24,Male,Black
17768,279799857,279799857-1,18-24,Male,Black
17769,280638539,280638539-1,25-44,Male,Black
17770,284321059,284321059-1,25-44,Male,Black
17771,285261867,285261867-1,25-44,Male,Black
17772,286036819,286036819-1,18-24,Male,Black
17773,286589894,286589894-1,25-44,Male,White Hispanic
17774,286764295,286764295-1,25-44,Male,White Hispanic
17775,287377398,287377398-1,18-24,Male,White Hispanic
17776,287577768,287577768-1,25-44,Male,White Hispanic
17777,287782835,287782835-1,2021,Male,Black
17778,288118374,288118374-1,18-24,Male,Black
17779,288243973,288243973-1,25-44,Male,Black
17780,288243975,288243975-1,25-44,Male,Black
17781,290044414,290044414-1,45-64,Male,Black
17782,290913129,290913129-1,25-44,Male,Black
17783,291163266,291163266-1,18-24,Male,Black
17784,291416663,291416663-1,25-44,Male,Black
17785,291593079,291593079-1,25-44,Male,Black Hispanic
17786,292085580,292085580-1,<18,Male,Black
17787,292611807,292611807-1,25-44,Male,Black
17788,292970273,292970273-1,45-64,Male,Black
17789,294249664,294249664-1,18-24,Male,Black
17790,294512833,294512833-1,18-24,Male,Black
17791,294992759,294992759-1,<18,Male,Black
17792,295532788,295532788-1,25-44,Male,White Hispanic
17793,295865248,295865248-1,18-24,Male,Black
17794,298357804,298357804-1,<18,Male,Black
17795,300131383,300131383-1,<18,Male,White Hispanic
17796,302312793,302312793-1,45-64,Male,Black
17797,303241626,303241626-1,45-64,Male,White Hispanic
17798,303861624,303861624-1,<18,Male,Black
17799,303861624,303861624-2,18-24,Male,Black
17800,304579781,304579781-1,25-44,Male,Black
17801,304863318,304863318-1,18-24,Male,Black
17802,305163494,305163494-1,18-24,Male,Black
17803,305163494,305163494-2,18-24,Male,Black
17804,305163494,305163494-3,25-44,Male,Black
17805,305364225,305364225-1,<18,Male,Black
17806,305364225,305364225-2,18-24,Male,Black
17807,305364225,305364225-3,<18,Male,Black
17808,305412877,305412877-1,25-44,Male,Black
17809,305412877,305412877-2,25-44,Male,Black
17810,305412877,305412877-3,25-44,Male,Black
17811,305412877,305412877-4,25-44,Male,White Hispanic
17812,305412877,305412877-5,25-44,Male,Black
17813,305637545,305637545-1,18-24,Male,White Hispanic
17814,305637545,305637545-2,<18,Male,White Hispanic
17815,306214612,306214612-1,18-24,Male,Black Hispanic
17816,306214612,306214612-2,18-24,Male,Black
17817,308658623,308658623-1,25-44,Male,Black
17818,308658623,308658623-2,25-44,Male,Black
17819,309026329,309026329-1,25-44,Male,Black
17820,309673252,309673252-1,25-44,Male,Black
17821,309673252,309673252-2,25-44,Male,Black
17822,310305117,310305117-1,18-24,Male,Black
17823,310937083,310937083-1,<18,Male,Black
17824,310966078,310966078-1,65+,Male,Black
17825,310966080,310966080-1,25-44,Male,Black
17826,311931928,311931928-1,<18,Male,White Hispanic
17827,312380154,312380154-1,45-64,Male,Black
17828,312865020,312865020-1,18-24,Male,Black
17829,314298367,314298367-1,18-24,Male,Black
17830,316153895,316153895-1,25-44,Male,Black
17831,316543489,316543489-1,25-44,Male,Black
17832,308800534,308800534-2,18-24,Male,Black
17833,308800534,308800534-1,18-24,Male,Black
17834,223505522,223505522-1,25-44,Male,White Hispanic
17835,223505522,223505522-2,25-44,Male,White Hispanic
17836,223505522,223505522-3,25-44,Male,White Hispanic
17837,223505522,223505522-4,25-44,Male,Black
17838,225438895,225438895-1,25-44,Male,Black
17839,225969693,225969693-1,25-44,Male,Black
17840,225969693,225969693-2,25-44,Male,Black
17841,226233404,226233404-1,25-44,Male,Black
17842,226450222,226450222-1,18-24,Male,Black
17843,226842287,226842287-2,25-44,Male,Black
17844,226842287,226842287-3,25-44,Male,Black
17845,227089386,227089386-1,18-24,Male,Black
17846,227344446,227344446-1,18-24,Male,Black
17847,228109388,228109388-3,18-24,Male,Black
17848,228561932,228561932-1,<18,Male,Black
17849,228561933,228561933-1,25-44,Male,Black
17850,228563310,228563310-1,25-44,Male,Black
17851,229161012,229161012-1,25-44,Male,Black Hispanic
17852,229188686,229188686-1,18-24,Female,Black
17853,229188686,229188686-2,18-24,Male,Black
17854,229188686,229188686-3,18-24,Male,Black
17855,229188686,229188686-4,18-24,Male,Black Hispanic
17856,229188686,229188686-5,25-44,Male,White Hispanic
17857,229412952,229412952-1,18-24,Male,Black
17858,229507141,229507141-1,25-44,Male,Black
17859,229542172,229542172-1,25-44,Male,Black
17860,229863863,229863863-1,18-24,Male,Black Hispanic
17861,230162217,230162217-1,18-24,Male,Black
17862,230162220,230162220-1,18-24,Male,Black Hispanic
17863,230162220,230162220-2,18-24,Male,Black Hispanic
17864,230162441,230162441-1,25-44,Male,Black
17865,230418795,230418795-1,25-44,Male,Black
17866,230421165,230421165-1,25-44,Male,Black
17867,230421165,230421165-2,18-24,Female,Black
17868,230421165,230421165-3,18-24,Male,White Hispanic
17869,230712737,230712737-1,18-24,Male,Black
17870,230712738,230712738-1,18-24,Male,Black Hispanic
17871,231048996,231048996-1,25-44,Male,Black
17872,231325838,231325838-1,25-44,Male,Black
17873,231698074,231698074-1,18-24,Male,White Hispanic
17874,231810231,231810231-1,25-44,Female,Black
17875,231810233,231810233-1,25-44,Male,Black
17876,232072689,232072689-1,<18,Male,Black
17877,232291905,232291905-1,18-24,Male,Black
17878,232887624,232887624-1,<18,Male,Black Hispanic
17879,232978775,232978775-1,25-44,Male,Black
17880,233471984,233471984-1,25-44,Male,Black
17881,233588118,233588118-1,<18,Male,Black Hispanic
17882,233763098,233763098-1,25-44,Male,Black
17883,233763098,233763098-2,25-44,Male,Black
17884,233790859,233790859-1,18-24,Male,Black
17885,234985334,234985334-1,18-24,Male,Black
17886,235116950,235116950-1,18-24,Male,Black
17887,235160156,235160156-1,18-24,Male,Black
17888,235840025,235840025-1,18-24,Male,Black
17889,236947957,236947957-1,25-44,Male,Black Hispanic
17890,237362978,237362978-1,18-24,Male,Black
17891,237362981,237362981-1,25-44,Male,Black
17892,237712310,237712310-1,18-24,Male,White Hispanic
17893,237712310,237712310-2,25-44,Male,White Hispanic
17894,237712310,237712310-3,18-24,Male,Black
17895,237712916,237712916-1,25-44,Male,Black
17896,238487793,238487793-1,25-44,Male,Black
17897,238555659,238555659-1,25-44,Male,Black
17898,238853878,238853878-1,<18,Male,Black
17899,238930138,238930138-1,45-64,Male,Asian / Pacific Islander
17900,239197225,239197225-1,25-44,Male,Black
17901,239198695,239198695-1,25-44,Male,Black
17902,239279571,239279571-1,18-24,Male,White Hispanic
17903,239279571,239279571-2,18-24,Male,White Hispanic
17904,239583961,239583961-1,<18,Male,Black
17905,239695456,239695456-1,25-44,Male,Black Hispanic
17906,239930939,239930939-1,25-44,Male,Black
17907,239930939,239930939-2,18-24,Female,White Hispanic
17908,239930939,239930939-3,18-24,Male,Black
17909,239993170,239993170-1,25-44,Male,Black
17910,240212364,240212364-1,45-64,Male,Black
17911,240212364,240212364-2,25-44,Male,White Hispanic
17912,240587844,240587844-1,45-64,Male,Black
17913,241439423,241439423-1,25-44,Male,Black
17914,242882170,242882170-1,<18,Male,Black
17915,242882170,242882170-2,<18,Male,Black
17916,243251039,243251039-1,25-44,Male,Black
17917,244660702,244660702-1,18-24,Male,White Hispanic
17918,244794146,244794146-1,25-44,Male,Black Hispanic
17919,244970464,244970464-1,25-44,Male,Black
17920,244970464,244970464-2,25-44,Male,Asian / Pacific Islander
17921,244970464,244970464-3,18-24,Male,Asian / Pacific Islander
17922,244970464,244970464-4,25-44,Male,Asian / Pacific Islander
17923,246158039,246158039-1,25-44,Male,Black
17924,246372441,246372441-1,18-24,Male,Black
17925,246509710,246509710-1,25-44,Male,Black
17926,246769429,246769429-1,25-44,Male,Black
17927,246902221,246902221-1,25-44,Male,Black
17928,246902221,246902221-2,25-44,Male,Black
17929,246919437,246919437-1,18-24,Male,Black
17930,246919437,246919437-2,25-44,Male,Black
17931,246919437,246919437-3,<18,Male,Black
17932,246985876,246985876-1,18-24,Male,Black
17933,246996442,246996442-1,18-24,Male,Black
17934,247492009,247492009-1,25-44,Male,White Hispanic
17935,247552396,247552396-1,<18,Male,Black
17936,247895558,247895558-1,<18,Male,Black
17937,248109546,248109546-1,25-44,Male,Black
17938,248390240,248390240-1,25-44,Male,Black
17939,248425566,248425566-1,18-24,Male,Black Hispanic
17940,249133819,249133819-2,18-24,Male,Black
17941,249133820,249133820-1,18-24,Male,Black Hispanic
17942,249133820,249133820-2,<18,Male,Black Hispanic
17943,249379922,249379922-1,25-44,Male,Black
17944,249864778,249864778-1,18-24,Male,White Hispanic
17945,250049985,250049985-1,18-24,Male,Black
17946,250049985,250049985-2,18-24,Male,Black
17947,250256381,250256381-1,25-44,Male,Black
17948,250864171,250864171-1,<18,Male,Black
17949,251276894,251276894-1,25-44,Male,White Hispanic
17950,251276894,251276894-2,25-44,Male,White Hispanic
17951,251665190,251665190-1,18-24,Male,White Hispanic
17952,251681398,251681398-1,18-24,Male,Black
17953,251681398,251681398-2,<18,Male,Black
17954,252588356,252588356-1,25-44,Male,Black
17955,252939453,252939453-1,45-64,Male,White Hispanic
17956,253001794,253001794-1,45-64,Male,Black
17957,253001885,253001885-1,25-44,Male,Black
17958,253043771,253043771-1,18-24,Male,White Hispanic
17959,253043771,253043771-2,18-24,Male,White Hispanic
17960,253238378,253238378-1,25-44,Male,Black
17961,254619181,254619181-1,18-24,Male,Black
17962,255701154,255701154-1,25-44,Male,White
17963,259091227,259091227-1,25-44,Male,Black
17964,262270874,262270874-1,25-44,Male,Black
17965,263499885,263499885-1,18-24,Male,White Hispanic
17966,265304929,265304929-1,45-64,Male,White Hispanic
17967,265403525,265403525-1,18-24,Male,Black
17968,266427568,266427568-1,18-24,Male,Black
17969,266659705,266659705-1,45-64,Male,Black
17970,267392714,267392714-1,25-44,Male,Black
17971,268197445,268197445-1,18-24,Male,Black
17972,268797507,268797507-1,18-24,Male,Black
17973,268864364,268864364-1,25-44,Male,Black
17974,268973601,268973601-1,25-44,Male,Black
17975,268973601,268973601-2,<18,Male,Black
17976,268973602,268973602-1,18-24,Male,Black Hispanic
17977,269311791,269311791-1,25-44,Male,Black
17978,269311792,269311792-1,25-44,Male,White
17979,269499873,269499873-1,18-24,Female,Black
17980,270033866,270033866-1,25-44,Male,Black
17981,270033866,270033866-2,18-24,Male,Black
17982,270036232,270036232-1,18-24,Male,Black
17983,270556572,270556572-1,25-44,Male,Black
17984,270599492,270599492-1,25-44,Male,Black
17985,270836517,270836517-1,25-44,Male,White Hispanic
17986,270836517,270836517-2,18-24,Male,Black Hispanic
17987,271076528,271076528-1,18-24,Male,White Hispanic
17988,271076528,271076528-2,<18,Male,Black
17989,271465864,271465864-1,<18,Male,Black
17990,271556089,271556089-1,25-44,Male,Asian / Pacific Islander
17991,271556089,271556089-2,25-44,Male,Black
17992,271556089,271556089-3,25-44,Male,Black
17993,271556089,271556089-4,18-24,Male,Black
17994,271556089,271556089-5,25-44,Male,Black
17995,272166648,272166648-1,18-24,Male,Black
17996,272944749,272944749-1,<18,Male,Black
17997,273301859,273301859-1,18-24,Male,Asian / Pacific Islander
17998,273699697,273699697-1,18-24,Male,Black
17999,275209617,275209617-1,25-44,Male,Black
18000,276323863,276323863-1,25-44,Male,White Hispanic
18001,276665993,276665993-1,25-44,Male,White Hispanic
18002,276669689,276669689-1,25-44,Male,Black
18003,276687920,276687920-1,18-24,Male,Black
18004,277770906,277770906-1,25-44,Male,Black
18005,278563371,278563371-1,18-24,Male,Black
18006,278915845,278915845-1,25-44,Male,Black
18007,279247429,279247429-1,25-44,Male,Black
18008,279427924,279427924-1,25-44,Male,Black
18009,280107186,280107186-1,25-44,Male,Black
18010,280107186,280107186-2,25-44,Male,Black
18011,280107186,280107186-3,25-44,Male,Black Hispanic
18012,280179978,280179978-1,<18,Male,Black
18013,280370387,280370387-1,25-44,Male,Black
18014,280370387,280370387-2,18-24,Male,White Hispanic
18015,280502673,280502673-1,25-44,Male,Black
18016,281248217,281248217-1,25-44,Male,White Hispanic
18017,282291421,282291421-1,<18,Male,Black Hispanic
18018,282421353,282421353-1,25-44,Male,Black Hispanic
18019,282942198,282942198-1,18-24,Male,Black
18020,283020989,283020989-1,18-24,Male,White Hispanic
18021,283711012,283711012-1,25-44,Male,Black
18022,283836676,283836676-1,25-44,Male,Black
18023,283836676,283836676-2,25-44,Male,Black
18024,283885167,283885167-1,25-44,Male,White Hispanic
18025,283885167,283885167-2,25-44,Male,White Hispanic
18026,283885167,283885167-3,45-64,Male,White Hispanic
18027,284257899,284257899-1,25-44,Male,Black
18028,284703845,284703845-1,18-24,Male,Black
18029,285394785,285394785-1,18-24,Male,Black
18030,285517125,285517125-1,25-44,Male,Black
18031,286327548,286327548-1,<18,Male,Black
18032,286823129,286823129-1,<18,Male,Black Hispanic
18033,287542649,287542649-1,25-44,Male,Black
18034,287853116,287853116-1,18-24,Male,Black
18035,287853116,287853116-2,18-24,Male,Black
18036,288434051,288434051-1,18-24,Male,Black
18037,288434051,288434051-2,<18,Male,Black
18038,288491501,288491501-1,45-64,Male,Black
18039,288613939,288613939-1,<18,Male,White Hispanic
18040,288678989,288678989-1,<18,Male,Black Hispanic
18041,288678989,288678989-2,<18,Male,White Hispanic
18042,289050197,289050197-1,25-44,Female,Black
18043,289573436,289573436-1,18-24,Male,Black
18044,289573436,289573436-2,25-44,Male,Black
18045,289948011,289948011-1,<18,Male,White Hispanic
18046,290100030,290100030-1,25-44,Male,Black
18047,290672900,290672900-1,18-24,Male,Black
18048,290672900,290672900-2,18-24,Male,Black
18049,290767264,290767264-1,65+,Female,White
18050,290852779,290852779-1,25-44,Male,Black
18051,291035923,291035923-1,18-24,Male,Black
18052,291213201,291213201-1,25-44,Male,Black
18053,291373428,291373428-1,25-44,Male,Black
18054,291716607,291716607-1,25-44,Male,Black
18055,291799909,291799909-1,25-44,Male,Black
18056,292947997,292947997-1,25-44,Male,Black Hispanic
18057,292947997,292947997-2,25-44,Female,White Hispanic
18058,292955428,292955428-1,18-24,Male,Black
18059,292955428,292955428-2,25-44,Male,Black
18060,293353849,293353849-1,<18,Male,White Hispanic
18061,293730142,293730142-1,18-24,Male,Black
18062,293730142,293730142-2,<18,Male,White Hispanic
18063,293730142,293730142-3,<18,Male,White Hispanic
18064,295775768,295775768-1,25-44,Male,Black
18065,295865247,295865247-1,18-24,Male,White Hispanic
18066,296313801,296313801-1,<18,Male,Black
18067,296313801,296313801-2,18-24,Male,Black
18068,296778955,296778955-1,45-64,Male,Black
18069,297201104,297201104-1,<18,Male,White Hispanic
18070,297508943,297508943-1,25-44,Male,White
18071,297517226,297517226-1,<18,Male,Black
18072,297571889,297571889-1,25-44,Male,Black
18073,298039240,298039240-1,<18,Male,Black
18074,298357806,298357806-1,25-44,Male,Black
18075,298672095,298672095-1,18-24,Male,Black
18076,300044046,300044046-1,<18,Male,White Hispanic
18077,300555969,300555969-1,<18,Male,Black
18078,301745796,301745796-1,<18,Male,Black
18079,303772633,303772633-1,18-24,Male,Black
18080,303772633,303772633-2,25-44,Male,Black
18081,304666143,304666143-1,25-44,Male,Black
18082,305034044,305034044-1,25-44,Male,Black
18083,305034044,305034044-2,25-44,Male,Black
18084,305034044,305034044-3,25-44,Male,Black
18085,305034044,305034044-4,45-64,Male,Black
18086,305034044,305034044-5,25-44,Male,Black
18087,305034044,305034044-6,45-64,Male,Black
18088,305182561,305182561-1,18-24,Male,White Hispanic
18089,305404406,305404406-1,18-24,Male,Black
18090,305404406,305404406-2,18-24,Male,Black
18091,306101739,306101739-1,18-24,Male,Black
18092,308005978,308005978-1,25-44,Male,Asian / Pacific Islander
18093,308064914,308064914-1,18-24,Male,White Hispanic
18094,308417294,308417294-1,18-24,Male,Black
18095,308455428,308455428-1,<18,Male,Black
18096,309107260,309107260-1,25-44,Male,Black
18097,309293635,309293635-1,<18,Male,Black
18098,309359261,309359261-1,18-24,Male,White Hispanic
18099,310276532,310276532-1,<18,Male,Black Hispanic
18100,310276532,310276532-2,<18,Male,White Hispanic
18101,310836182,310836182-1,25-44,Male,Black
18102,311407433,311407433-1,18-24,Male,Black
18103,311757223,311757223-1,<18,Male,Black
18104,311949658,311949658-1,18-24,Male,Black
18105,311949658,311949658-2,25-44,Male,Black
18106,312802388,312802388-1,18-24,Male,Black
18107,313028800,313028800-1,18-24,Male,White Hispanic
18108,313226417,313226417-1,25-44,Male,Black
18109,313920097,313920097-1,25-44,Male,Black
18110,313962405,313962405-1,25-44,Male,Black
18111,314430176,314430176-1,25-44,Female,White Hispanic
18112,316300558,316300558-1,18-24,Male,White Hispanic
18113,280879491,280879491-1,25-44,Male,Black
18114,228369052,228369052-1,25-44,Male,Black
18115,228369052,228369052-2,25-44,Male,Black
18116,228564725,228564725-1,25-44,Male,White Hispanic
18117,229188281,229188281-1,25-44,Male,Black
18118,229283289,229283289-1,18-24,Male,White Hispanic
18119,229494938,229494938-1,25-44,Male,Black
18120,229824436,229824436-1,25-44,Male,Black
18121,229946095,229946095-1,25-44,Male,Black
18122,229946096,229946096-1,18-24,Male,White Hispanic
18123,229993321,229993321-1,25-44,Male,Black
18124,230232276,230232276-1,25-44,Male,Black
18125,230741369,230741369-1,<18,Male,Black
18126,230741369,230741369-2,18-24,Male,Black
18127,230741754,230741754-1,25-44,Male,Black
18128,231005013,231005013-1,18-24,Male,Black
18129,231352384,231352384-1,25-44,Male,Black
18130,231671194,231671194-1,25-44,Male,Black
18131,231965177,231965177-1,25-44,Male,Black
18132,232291901,232291901-1,25-44,Male,Black
18133,232978166,232978166-1,25-44,Male,Black
18134,233080845,233080845-1,<18,Male,Black
18135,233080845,233080845-2,18-24,Male,Black
18136,233210855,233210855-2,18-24,Male,Black
18137,233210855,233210855-3,18-24,Male,Black
18138,233942902,233942902-1,18-24,Male,Black
18139,234070579,234070579-1,25-44,Male,Black
18140,234268730,234268730-1,18-24,Female,Black
18141,234268730,234268730-2,18-24,Male,Black
18142,234613227,234613227-1,<18,Male,White Hispanic
18143,234613227,234613227-2,<18,Male,Black
18144,234674132,234674132-1,<18,Male,Black Hispanic
18145,234985331,234985331-1,<18,Male,Black
18146,235457028,235457028-1,<18,Male,White Hispanic
18147,235457028,235457028-2,18-24,Male,Black
18148,235457028,235457028-3,18-24,Male,White Hispanic
18149,235498960,235498960-1,45-64,Male,White
18150,235765524,235765524-1,<18,Male,Asian / Pacific Islander
18151,235839217,235839217-1,25-44,Male,White Hispanic
18152,236105014,236105014-1,18-24,Male,Black
18153,236285198,236285198-1,25-44,Male,Black
18154,236761010,236761010-1,25-44,Male,Black
18155,236766473,236766473-1,25-44,Male,White
18156,238481445,238481445-1,25-44,Male,Black
18157,238531160,238531160-1,25-44,Male,Black Hispanic
18158,238555660,238555660-1,25-44,Male,Black
18159,238592450,238592450-1,25-44,Male,Black Hispanic
18160,239212995,239212995-1,25-44,Male,Black Hispanic
18161,239414903,239414903-1,25-44,Male,White Hispanic
18162,239414903,239414903-2,25-44,Male,Black Hispanic
18163,239521789,239521789-1,45-64,Male,Black
18164,239930940,239930940-1,25-44,Male,Black
18165,240321668,240321668-1,18-24,Male,Black
18166,240321668,240321668-2,25-44,Male,Black
18167,241030769,241030769-1,25-44,Male,Black
18168,241326153,241326153-1,18-24,Male,Black
18169,241681117,241681117-1,25-44,Male,Black
18170,241800940,241800940-1,25-44,Male,Black
18171,242551329,242551329-1,18-24,Male,Black
18172,243433248,243433248-1,25-44,Male,Black
18173,243566418,243566418-2,18-24,Male,Black
18174,243566418,243566418-3,18-24,Male,Black
18175,243566418,243566418-4,18-24,Male,Black
18176,243648758,243648758-1,25-44,Male,Asian / Pacific Islander
18177,244016643,244016643-1,25-44,Male,Black
18178,244102489,244102489-1,25-44,Male,Black
18179,244102489,244102489-2,25-44,Male,Black
18180,244102489,244102489-3,18-24,Male,Black
18181,244102489,244102489-4,25-44,Male,Black
18182,244102489,244102489-5,25-44,Female,Black
18183,244102489,244102489-6,18-24,Male,Black
18184,244442669,244442669-1,25-44,Male,Black
18185,244546028,244546028-1,25-44,Male,Black
18186,244590017,244590017-1,<18,Male,Black
18187,244590017,244590017-2,18-24,Male,Black
18188,244590017,244590017-3,18-24,Male,Black
18189,245171561,245171561-1,<18,Male,Black
18190,245232406,245232406-1,25-44,Male,Black
18191,245824158,245824158-1,18-24,Male,Black
18192,245857701,245857701-1,<18,Male,Black
18193,246359108,246359108-1,25-44,Male,Black
18194,246571021,246571021-1,<18,Male,Black
18195,246769433,246769433-1,<18,Male,Black Hispanic
18196,246769433,246769433-2,<18,Male,Black
18197,246824176,246824176-1,18-24,Male,Black
18198,246824176,246824176-2,<18,Male,Black
18199,246999028,246999028-1,25-44,Male,Black
18200,247492011,247492011-1,25-44,Male,Black
18201,247512550,247512550-1,18-24,Male,Black
18202,247512550,247512550-2,18-24,Male,Black
18203,247664545,247664545-1,18-24,Male,Black
18204,247664545,247664545-2,<18,Male,Black
18205,247664545,247664545-3,<18,Male,Black
18206,247943980,247943980-1,25-44,Male,Black
18207,247943981,247943981-1,25-44,Male,White Hispanic
18208,248264388,248264388-1,<18,Male,Black
18209,248602150,248602150-1,25-44,Male,Black
18210,248602152,248602152-1,25-44,Male,Black
18211,249978890,249978890-1,25-44,Male,Black
18212,250252452,250252452-1,18-24,Male,Black
18213,250605938,250605938-1,25-44,Male,White Hispanic
18214,250605938,250605938-2,25-44,Male,Black
18215,250605938,250605938-3,45-64,Male,Black
18216,250605938,250605938-4,45-64,Male,Black
18217,250969763,250969763-1,<18,Male,White Hispanic
18218,251475266,251475266-1,25-44,Male,Black
18219,251570401,251570401-1,25-44,Male,Black
18220,251582994,251582994-1,18-24,Male,Black
18221,251582994,251582994-2,18-24,Male,Black
18222,251582994,251582994-3,<18,Male,Black
18223,251865027,251865027-1,18-24,Male,Black Hispanic
18224,251865027,251865027-2,18-24,Male,Black Hispanic
18225,252468056,252468056-1,18-24,Male,Black
18226,252693224,252693224-1,45-64,Male,White Hispanic
18227,253020831,253020831-1,45-64,Male,Black
18228,254599620,254599620-1,18-24,Male,Black
18229,255138318,255138318-1,25-44,Male,Black
18230,255765230,255765230-1,25-44,Male,Black
18231,255921208,255921208-1,18-24,Male,Black
18232,256520125,256520125-1,25-44,Male,Black
18233,260524023,260524023-1,25-44,Male,Black
18234,261467498,261467498-1,45-64,Male,White
18235,261948977,261948977-1,18-24,Male,Black
18236,262443110,262443110-1,25-44,Male,Black
18237,262443110,262443110-2,18-24,Male,Black
18238,263692951,263692951-1,45-64,Male,Black
18239,264080895,264080895-1,25-44,Male,Black
18240,264262260,264262260-1,25-44,Male,Black
18241,264600807,264600807-1,18-24,Male,Black
18242,264600807,264600807-2,25-44,Male,White Hispanic
18243,264600807,264600807-3,18-24,Male,Black
18244,264657997,264657997-1,25-44,Male,Black
18245,264838131,264838131-1,45-64,Male,Black
18246,264838131,264838131-2,45-64,Male,Black
18247,265303127,265303127-1,18-24,Male,Black
18248,265417230,265417230-1,18-24,Male,White Hispanic
18249,265522341,265522341-1,18-24,Male,White Hispanic
18250,265618360,265618360-1,18-24,Male,White Hispanic
18251,265681414,265681414-1,25-44,Male,Black
18252,265816883,265816883-1,18-24,Male,Black
18253,266610830,266610830-1,25-44,Male,Black
18254,266761945,266761945-1,25-44,Male,Black
18255,266775506,266775506-1,18-24,Male,Black
18256,266822496,266822496-1,18-24,Male,Black
18257,266896910,266896910-1,25-44,Male,Black
18258,266896910,266896910-2,45-64,Male,Black
18259,267267401,267267401-1,45-64,Male,Black
18260,267267402,267267402-1,25-44,Male,Black
18261,267560796,267560796-1,25-44,Male,Black
18262,267632709,267632709-1,45-64,Male,White Hispanic
18263,267811915,267811915-1,25-44,Male,Black
18264,268638979,268638979-1,18-24,Male,White Hispanic
18265,270335892,270335892-1,18-24,Male,Black
18266,270335892,270335892-2,18-24,Male,Black
18267,270380855,270380855-1,18-24,Male,White Hispanic
18268,270825477,270825477-1,18-24,Male,Black
18269,270825477,270825477-2,18-24,Male,Black
18270,271171073,271171073-1,45-64,Male,Asian / Pacific Islander
18271,271656067,271656067-1,45-64,Male,Black
18272,272103285,272103285-1,25-44,Male,Black
18273,272105042,272105042-1,25-44,Male,Black
18274,273899111,273899111-1,18-24,Male,White Hispanic
18275,273899112,273899112-1,25-44,Male,Black Hispanic
18276,274317595,274317595-1,25-44,Male,Black
18277,274317595,274317595-2,25-44,Male,Black
18278,274317595,274317595-3,18-24,Male,Black
18279,274464112,274464112-1,25-44,Male,Black
18280,275493762,275493762-1,25-44,Male,Black
18281,275682382,275682382-1,<18,Male,White
18282,275682382,275682382-2,25-44,Male,White
18283,276319085,276319085-1,25-44,Male,White Hispanic
18284,276665996,276665996-1,25-44,Male,Black
18285,276921834,276921834-1,25-44,Male,Black
18286,276933344,276933344-1,18-24,Male,Black
18287,277554581,277554581-1,45-64,Male,Black
18288,277742137,277742137-1,25-44,Male,Black
18289,278428994,278428994-1,45-64,Male,Black
18290,278428994,278428994-2,45-64,Male,White Hispanic
18291,278428994,278428994-3,18-24,Male,Black
18292,278428994,278428994-4,18-24,Male,Black
18293,278581538,278581538-1,25-44,Male,Black Hispanic
18294,279121461,279121461-1,<18,Male,Black
18295,279121461,279121461-2,<18,Male,Black Hispanic
18296,279262206,279262206-1,18-24,Male,White Hispanic
18297,279262206,279262206-2,18-24,Male,Black
18298,279758069,279758069-1,<18,Male,Black Hispanic
18299,280126745,280126745-1,45-64,Male,Black
18300,280126745,280126745-2,45-64,Male,Black Hispanic
18301,282041195,282041195-1,45-64,Male,Black
18302,282064253,282064253-1,18-24,Male,Black Hispanic
18303,282064253,282064253-2,25-44,Male,White Hispanic
18304,282682441,282682441-1,25-44,Male,Black Hispanic
18305,282682441,282682441-2,25-44,Female,Black Hispanic
18306,282682441,282682441-3,18-24,Male,White Hispanic
18307,284213334,284213334-1,<18,Male,Black
18308,284499904,284499904-1,18-24,Male,Black
18309,285070863,285070863-1,<18,Male,Black
18310,285315559,285315559-1,18-24,Male,Black
18311,285315559,285315559-2,18-24,Male,Black
18312,285315559,285315559-3,18-24,Male,Black
18313,285315559,285315559-4,18-24,Male,Black
18314,286397104,286397104-1,18-24,Male,Black
18315,286397104,286397104-2,18-24,Male,Black
18316,286397104,286397104-3,18-24,Male,Black
18317,286397104,286397104-4,18-24,Male,Black
18318,286513376,286513376-1,18-24,Male,Black
18319,287857962,287857962-1,25-44,Male,Black
18320,287857962,287857962-2,18-24,Male,Black
18321,287913164,287913164-1,18-24,Male,Black Hispanic
18322,288170331,288170331-1,25-44,Male,Black Hispanic
18323,288208647,288208647-1,25-44,Male,Asian / Pacific Islander
18324,289111780,289111780-1,18-24,Male,Black
18325,289625849,289625849-1,45-64,Male,Black
18326,290838569,290838569-1,18-24,Male,Black
18327,290852778,290852778-1,18-24,Male,Black Hispanic
18328,291353931,291353931-1,25-44,Male,Black
18329,292193191,292193191-1,45-64,Male,White Hispanic
18330,292398443,292398443-1,25-44,Male,Black
18331,292957034,292957034-1,18-24,Male,Black
18332,293222746,293222746-1,<18,Male,White
18333,293721794,293721794-1,<18,Male,Black
18334,294388433,294388433-1,25-44,Male,Black
18335,294716396,294716396-1,25-44,Male,White Hispanic
18336,294923114,294923114-1,18-24,Male,Black Hispanic
18337,294923114,294923114-2,<18,Male,Black Hispanic
18338,294923115,294923115-1,25-44,Male,Black
18339,294984848,294984848-1,18-24,Male,White Hispanic
18340,294984848,294984848-2,<18,Male,White Hispanic
18341,296106132,296106132-1,<18,Male,Black
18342,297015429,297015429-1,18-24,Male,Black
18343,297015429,297015429-2,25-44,Male,Black
18344,297015430,297015430-1,18-24,Male,Black
18345,297565075,297565075-1,25-44,Male,Black Hispanic
18346,298609065,298609065-1,45-64,Male,White Hispanic
18347,298699604,298699604-1,25-44,Male,Black
18348,298877583,298877583-1,25-44,Male,Black
18349,299648921,299648921-1,18-24,Male,Black
18350,300197278,300197278-1,18-24,Male,Black
18351,300197278,300197278-2,18-24,Male,Black
18352,300827432,300827432-1,45-64,Male,Black
18353,301080543,301080543-1,45-64,Male,Black
18354,303132108,303132108-1,25-44,Male,Black
18355,303829752,303829752-2,25-44,Male,Black
18356,305404408,305404408-1,25-44,Male,Black
18357,305963806,305963806-1,25-44,Male,Black
18358,309611015,309611015-1,18-24,Male,Black Hispanic
18359,309611016,309611016-1,25-44,Male,Black
18360,310566279,310566279-1,25-44,Male,Black
18361,310966077,310966077-1,25-44,Male,White Hispanic
18362,310966077,310966077-2,<18,Male,White Hispanic
18363,311362222,311362222-1,<18,Male,Black
18364,311661209,311661209-1,25-44,Male,Black
18365,311931929,311931929-1,25-44,Male,Black
18366,312259912,312259912-1,25-44,Male,Black
18367,313381512,313381512-1,25-44,Male,Black
18368,313962404,313962404-1,18-24,Male,Black
18369,314071347,314071347-1,25-44,Male,Black
18370,315830155,315830155-1,25-44,Male,Black
18371,317949514,317949514-1,45-64,Male,Black
18372,232862316,232862316-1,25-44,Male,Black Hispanic
18373,232931111,232931111-1,18-24,Male,Black
18374,232931111,232931111-2,18-24,Male,Black
18375,232931111,232931111-3,18-24,Male,Black
18376,233634539,233634539-1,25-44,Male,Black
18377,233790861,233790861-1,25-44,Male,Black
18378,233790861,233790861-2,25-44,Male,Black
18379,233790861,233790861-3,25-44,Male,Black
18380,233790861,233790861-4,18-24,Male,Black
18381,234973158,234973158-1,<18,Male,Black
18382,235086141,235086141-1,18-24,Male,Black
18383,235116948,235116948-1,25-44,Male,White Hispanic
18384,235264966,235264966-1,<18,Male,Black
18385,235264966,235264966-2,18-24,Male,Black
18386,235423767,235423767-1,25-44,Male,Black
18387,235428527,235428527-1,<18,Male,White Hispanic
18388,235428527,235428527-2,18-24,Male,Black Hispanic
18389,235757726,235757726-1,25-44,Male,Black
18390,236458891,236458891-1,25-44,Male,Black Hispanic
18391,236458891,236458891-2,25-44,Male,White Hispanic
18392,236498990,236498990-2,25-44,Male,Black
18393,236498990,236498990-3,25-44,Male,Black
18394,237290043,237290043-1,25-44,Male,Black
18395,237290043,237290043-2,45-64,Male,Black
18396,237290043,237290043-3,45-64,Male,Black
18397,237362441,237362441-1,25-44,Male,Black
18398,237967321,237967321-1,25-44,Male,Black
18399,238861986,238861986-1,25-44,Male,Black
18400,239930944,239930944-1,18-24,Male,Black
18401,239930944,239930944-2,18-24,Male,Black
18402,240254036,240254036-1,25-44,Male,White Hispanic
18403,240254036,240254036-2,25-44,Male,White Hispanic
18404,240396819,240396819-1,25-44,Male,Black
18405,240953546,240953546-1,25-44,Male,White Hispanic
18406,240953547,240953547-1,25-44,Male,Black
18407,241030309,241030309-2,18-24,Male,White Hispanic
18408,241326154,241326154-1,18-24,Male,Black
18409,242015936,242015936-1,18-24,Male,White Hispanic
18410,242092031,242092031-1,25-44,Male,Black
18411,242268293,242268293-1,25-44,Male,Black
18412,242370282,242370282-1,<18,Male,Black
18413,242377360,242377360-1,18-24,Male,Black Hispanic
18414,242377360,242377360-2,18-24,Male,White Hispanic
18415,242750970,242750970-1,18-24,Male,Black
18416,243129654,243129654-1,25-44,Male,Black
18417,243143907,243143907-1,25-44,Male,White Hispanic
18418,243143907,243143907-2,18-24,Male,Black Hispanic
18419,243433247,243433247-1,<18,Male,Black
18420,243507200,243507200-1,25-44,Male,Black
18421,243566884,243566884-1,18-24,Male,Black Hispanic
18422,243767114,243767114-1,18-24,Male,Black
18423,243878193,243878193-1,18-24,Male,White Hispanic
18424,244002810,244002810-1,<18,Male,Black
18425,244066404,244066404-1,18-24,Male,Black
18426,244513744,244513744-1,25-44,Male,White Hispanic
18427,244847624,244847624-1,<18,Male,White Hispanic
18428,245106715,245106715-1,45-64,Male,Black Hispanic
18429,245281701,245281701-1,25-44,Male,White Hispanic
18430,245384614,245384614-1,25-44,Male,Black
18431,245384614,245384614-2,25-44,Male,Black
18432,245384614,245384614-3,18-24,Male,White Hispanic
18433,245384614,245384614-4,25-44,Male,Black
18434,245491992,245491992-1,25-44,Male,Black
18435,245820991,245820991-1,25-44,Male,Black Hispanic
18436,245820991,245820991-2,45-64,Male,White Hispanic
18437,245885843,245885843-1,25-44,Male,Black
18438,246212286,246212286-1,25-44,Male,Black Hispanic
18439,246530276,246530276-1,18-24,Male,Black
18440,246530276,246530276-2,18-24,Male,White Hispanic
18441,247129449,247129449-1,25-44,Male,Black
18442,247200775,247200775-1,18-24,Male,Black
18443,247502496,247502496-1,25-44,Male,Black Hispanic
18444,247725966,247725966-1,25-44,Male,Black
18445,247725966,247725966-2,25-44,Male,Black
18446,247784017,247784017-1,18-24,Male,Black
18447,248475872,248475872-1,25-44,Male,Black
18448,248475917,248475917-1,45-64,Male,White Hispanic
18449,248893548,248893548-1,18-24,Male,Black
18450,248893548,248893548-2,18-24,Female,Black
18451,249517586,249517586-1,18-24,Male,Black
18452,249911899,249911899-1,25-44,Male,Black
18453,250446594,250446594-1,25-44,Male,Black
18454,250446594,250446594-2,25-44,Male,Black
18455,250752756,250752756-1,18-24,Male,Black
18456,250864172,250864172-1,18-24,Male,White Hispanic
18457,251905995,251905995-1,25-44,Male,Black
18458,252032642,252032642-1,25-44,Male,Black
18459,252582872,252582872-1,18-24,Male,Black
18460,253344207,253344207-1,25-44,Male,Black
18461,253381925,253381925-1,25-44,Male,Black
18462,253696271,253696271-1,25-44,Male,Black
18463,254066627,254066627-1,25-44,Male,White Hispanic
18464,254066627,254066627-2,25-44,Male,White Hispanic
18465,254480638,254480638-1,18-24,Male,Black Hispanic
18466,254480638,254480638-2,18-24,Male,Black Hispanic
18467,254480678,254480678-1,25-44,Male,White Hispanic
18468,255028565,255028565-1,18-24,Male,Black
18469,256484572,256484572-1,25-44,Male,Black
18470,256484816,256484816-1,25-44,Female,White Hispanic
18471,256484816,256484816-2,25-44,Male,White Hispanic
18472,261176929,261176929-1,25-44,Male,Black
18473,261397465,261397465-1,25-44,Male,Black
18474,263503175,263503175-1,25-44,Male,White Hispanic
18475,263503175,263503175-2,45-64,Male,White Hispanic
18476,264250138,264250138-1,18-24,Male,Black
18477,264250138,264250138-2,18-24,Male,Black
18478,264617752,264617752-1,25-44,Male,Black
18479,265006011,265006011-1,25-44,Male,Black
18480,265124473,265124473-1,18-24,Male,White Hispanic
18481,265750629,265750629-1,<18,Male,Black
18482,266427567,266427567-1,25-44,Male,White Hispanic
18483,266828892,266828892-1,25-44,Male,Black
18484,268002604,268002604-1,18-24,Male,Black
18485,268002604,268002604-2,18-24,Male,Black
18486,268002604,268002604-3,18-24,Male,Black
18487,268199268,268199268-1,18-24,Male,Black
18488,268227791,268227791-1,25-44,Male,Black
18489,268227792,268227792-1,25-44,Male,Black
18490,268233288,268233288-1,25-44,Male,Black
18491,268532277,268532277-1,65+,Male,White Hispanic
18492,268542758,268542758-1,45-64,Male,White Hispanic
18493,268619594,268619594-1,25-44,Male,Black
18494,268973600,268973600-1,25-44,Male,Black
18495,269184589,269184589-1,<18,Male,Black
18496,269301981,269301981-1,25-44,Male,Asian / Pacific Islander
18497,269679658,269679658-1,25-44,Male,Black Hispanic
18498,270033865,270033865-1,18-24,Male,Black
18499,270150948,270150948-1,25-44,Male,White Hispanic
18500,270150948,270150948-2,25-44,Male,Black
18501,270489846,270489846-1,25-44,Male,Black
18502,270656693,270656693-1,25-44,Male,Black
18503,270656693,270656693-2,25-44,Male,Black
18504,270993250,270993250-1,25-44,Male,White Hispanic
18505,271016897,271016897-1,18-24,Male,Asian / Pacific Islander
18506,271016897,271016897-2,18-24,Male,Asian / Pacific Islander
18507,271016897,271016897-3,18-24,Male,White
18508,272003766,272003766-2,18-24,Male,Black
18509,272144288,272144288-1,25-44,Male,White Hispanic
18510,272467301,272467301-1,18-24,Male,Black
18511,273126315,273126315-1,25-44,Male,Black
18512,273126315,273126315-2,25-44,Male,Black
18513,274517246,274517246-1,25-44,Male,White Hispanic
18514,274622216,274622216-1,25-44,Male,Black
18515,274622216,274622216-2,18-24,Male,Black
18516,275055217,275055217-1,45-64,Male,White
18517,275231376,275231376-2,25-44,Male,Black
18518,275441981,275441981-1,18-24,Male,Black Hispanic
18519,275659025,275659025-1,<18,Male,Black
18520,276112667,276112667-1,25-44,Male,Black
18521,276572810,276572810-1,25-44,Male,White Hispanic
18522,277978186,277978186-1,25-44,Male,Black
18523,278426561,278426561-1,25-44,Male,Black
18524,278852378,278852378-1,18-24,Male,Black
18525,278902371,278902371-1,25-44,Male,White Hispanic
18526,279179085,279179085-1,18-24,Male,White Hispanic
18527,279863277,279863277-1,25-44,Male,Black
18528,280114204,280114204-1,25-44,Male,Black
18529,280179980,280179980-1,<18,Male,Black
18530,280943247,280943247-1,18-24,Male,Black
18531,281200475,281200475-1,45-64,Male,Black
18532,281248218,281248218-1,25-44,Male,White Hispanic
18533,281593157,281593157-1,25-44,Male,Black
18534,282117921,282117921-1,<18,Male,Black Hispanic
18535,282117921,282117921-2,<18,Male,Black
18536,282117921,282117921-3,<18,Male,Black
18537,283198892,283198892-1,18-24,Male,Black
18538,283416447,283416447-1,18-24,Male,Black
18539,284213333,284213333-1,45-64,Male,Black
18540,284275012,284275012-1,<18,Male,Black
18541,284584433,284584433-1,25-44,Male,Black
18542,285449093,285449093-1,25-44,Male,White Hispanic
18543,285449093,285449093-2,25-44,Male,Black Hispanic
18544,285821126,285821126-1,25-44,Male,Black
18545,286764294,286764294-1,25-44,Male,Black
18546,287125473,287125473-1,25-44,Male,Black
18547,287507793,287507793-1,18-24,Male,White Hispanic
18548,287507794,287507794-1,18-24,Male,White Hispanic
18549,287845256,287845256-1,45-64,Male,Black
18550,287987384,287987384-1,25-44,Male,Black
18551,288365031,288365031-1,25-44,Male,Black
18552,288365031,288365031-2,25-44,Male,Black
18553,288607693,288607693-1,18-24,Male,White Hispanic
18554,288867607,288867607-1,25-44,Male,White Hispanic
18555,289233744,289233744-1,18-24,Male,Asian / Pacific Islander
18556,289233744,289233744-2,18-24,Male,Asian / Pacific Islander
18557,289233744,289233744-3,18-24,Male,Asian / Pacific Islander
18558,290730388,290730388-1,18-24,Male,Black
18559,291073925,291073925-1,25-44,Male,Black
18560,292280207,292280207-1,25-44,Male,Black
18561,292591351,292591351-1,<18,Male,Black
18562,292840491,292840491-2,18-24,Male,Black
18563,293335062,293335062-1,25-44,Male,Black
18564,293592049,293592049-1,<18,Male,Black
18565,293828590,293828590-1,<18,Male,Black
18566,294044269,294044269-1,18-24,Male,Black
18567,294044272,294044272-1,18-24,Male,White Hispanic
18568,294044272,294044272-2,25-44,Male,White Hispanic
18569,294044272,294044272-3,18-24,Male,White Hispanic
18570,295721937,295721937-1,18-24,Male,Black
18571,296843486,296843486-1,<18,Male,Black
18572,297694905,297694905-1,18-24,Male,Black
18573,300261481,300261481-1,25-44,Male,Black
18574,300882495,300882495-1,<18,Male,Black
18575,301178229,301178229-1,25-44,Male,Black
18576,301256132,301256132-1,45-64,Male,Black
18577,301479775,301479775-1,18-24,Male,Black
18578,301923239,301923239-1,25-44,Male,White Hispanic
18579,302206261,302206261-1,45-64,Male,Black
18580,303562943,303562943-1,18-24,Male,Black
18581,304022768,304022768-1,25-44,Male,Black
18582,304221983,304221983-1,25-44,Male,Black
18583,304483259,304483259-1,<18,Male,Black Hispanic
18584,305570691,305570691-1,25-44,Male,Black
18585,305709030,305709030-1,25-44,Male,Black
18586,306522955,306522955-1,25-44,Male,Black
18587,306522955,306522955-2,<18,Male,Black
18588,306616572,306616572-1,45-64,Male,Black
18589,308146002,308146002-1,<18,Male,Black
18590,308834266,308834266-1,<18,Male,Black
18591,309409888,309409888-1,<18,Male,White Hispanic
18592,311113696,311113696-1,18-24,Male,Black
18593,311113696,311113696-2,18-24,Male,Asian / Pacific Islander
18594,314098613,314098613-1,<18,Male,Black Hispanic
18595,314098613,314098613-2,45-64,Male,Black
18596,314098613,314098613-3,18-24,Male,Black
18597,315021285,315021285-1,45-64,Male,Black
18598,317408451,317408451-1,25-44,Male,Black
18599,318157757,318157757-1,45-64,Male,White Hispanic
18600,315418746,315418746-1,<18,Male,White Hispanic
18601,268067163,268067163-1,18-24,Female,Black
18602,304361735,304361735-1,<18,Male,Black
18603,249864777,249864777-1,18-24,Male,Black
18604,249908870,249908870-1,25-44,Male,Black Hispanic
18605,249908870,249908870-2,25-44,Female,Black
18606,249961225,249961225-1,18-24,Male,White Hispanic
18607,250279879,250279879-1,25-44,Female,Black
18608,250593633,250593633-1,18-24,Male,White Hispanic
18609,250593633,250593633-2,18-24,Male,Black Hispanic
18610,250858391,250858391-1,25-44,Male,Black
18611,251315306,251315306-1,25-44,Male,Black
18612,251361930,251361930-1,<18,Male,Black
18613,251361930,251361930-2,18-24,Male,Black
18614,251681400,251681400-1,25-44,Male,Black
18615,251756947,251756947-1,25-44,Male,Black Hispanic
18616,251756947,251756947-2,25-44,Male,Black Hispanic
18617,251813843,251813843-1,25-44,Male,Black
18618,253193764,253193764-1,25-44,Male,Black
18619,254374108,254374108-1,25-44,Male,Black Hispanic
18620,254764250,254764250-1,25-44,Male,Black
18621,254911480,254911480-1,<18,Female,Black Hispanic
18622,254911480,254911480-2,18-24,Male,Black
18623,255797920,255797920-1,45-64,Male,White Hispanic
18624,260523676,260523676-1,<18,Male,Black
18625,262334288,262334288-1,25-44,Male,Black
18626,262334288,262334288-2,18-24,Male,Black
18627,263141402,263141402-1,18-24,Male,Black
18628,263141402,263141402-2,18-24,Male,Black
18629,263141402,263141402-3,18-24,Male,Black
18630,263141402,263141402-4,18-24,Male,Black
18631,263211697,263211697-1,25-44,Male,Black Hispanic
18632,263211697,263211697-2,18-24,Male,White Hispanic
18633,263211697,263211697-3,18-24,Male,Black Hispanic
18634,263211697,263211697-4,25-44,Male,White Hispanic
18635,263290678,263290678-1,<18,Male,Black
18636,263429757,263429757-1,25-44,Male,Black
18637,263429757,263429757-2,25-44,Male,Black
18638,263558473,263558473-1,25-44,Male,Black Hispanic
18639,263558473,263558473-2,25-44,Male,White Hispanic
18640,263692953,263692953-1,25-44,Male,White Hispanic
18641,263692953,263692953-2,25-44,Male,Black Hispanic
18642,263891837,263891837-1,25-44,Male,White Hispanic
18643,264600808,264600808-1,18-24,Male,Black
18644,266473080,266473080-1,18-24,Male,White Hispanic
18645,268441196,268441196-1,25-44,Male,Black
18646,269966564,269966564-1,25-44,Male,Black
18647,270085088,270085088-1,18-24,Male,Black
18648,270085088,270085088-2,<18,Male,Black
18649,270085751,270085751-1,25-44,Male,White Hispanic
18650,270820972,270820972-1,25-44,Male,Black Hispanic
18651,270820972,270820972-2,25-44,Male,Black Hispanic
18652,271104893,271104893-1,<18,Male,Black
18653,271104893,271104893-2,<18,Male,Black
18654,271290436,271290436-1,25-44,Male,White Hispanic
18655,271290436,271290436-2,25-44,Male,White Hispanic
18656,271650263,271650263-1,25-44,Male,Black
18657,272815861,272815861-1,<18,Male,Black Hispanic
18658,273176661,273176661-1,25-44,Male,White Hispanic
18659,273233818,273233818-1,<18,Male,Black
18660,273520490,273520490-1,25-44,Male,Black Hispanic
18661,273520490,273520490-2,18-24,Male,Black Hispanic
18662,273522775,273522775-1,45-64,Male,Black
18663,273837716,273837716-1,25-44,Male,Black
18664,275215976,275215976-1,25-44,Male,Black
18665,278865241,278865241-1,<18,Male,Asian / Pacific Islander
18666,279025412,279025412-1,<18,Male,Black
18667,279071309,279071309-1,25-44,Male,Black
18668,279232986,279232986-1,25-44,Male,Black
18669,279460793,279460793-1,25-44,Male,Black
18670,280107188,280107188-1,45-64,Male,White Hispanic
18671,280568176,280568176-1,<18,Male,Black
18672,280894361,280894361-1,25-44,Male,White Hispanic
18673,281196350,281196350-1,25-44,Male,Black
18674,281486708,281486708-1,25-44,Male,Black
18675,281933972,281933972-1,<18,Male,White Hispanic
18676,281933972,281933972-2,<18,Male,White Hispanic
18677,282033298,282033298-1,25-44,Male,Black Hispanic
18678,282705914,282705914-1,<18,Male,Black Hispanic
18679,283390056,283390056-1,18-24,Male,Black
18680,283390056,283390056-2,18-24,Male,Black
18681,283767688,283767688-1,25-44,Male,Black
18682,285137847,285137847-1,18-24,Male,Black Hispanic
18683,285137847,285137847-2,25-44,Male,Black
18684,285137849,285137849-1,18-24,Male,Black Hispanic
18685,285938066,285938066-1,25-44,Male,White Hispanic
18686,288867606,288867606-1,<18,Male,Black
18687,290044411,290044411-1,25-44,Male,Black
18688,290128857,290128857-1,18-24,Male,Black
18689,290733180,290733180-1,25-44,Male,Black
18690,290772745,290772745-1,18-24,Male,White Hispanic
18691,291911992,291911992-1,25-44,Male,White Hispanic
18692,291957216,291957216-1,45-64,Male,Black Hispanic
18693,292624273,292624273-1,45-64,Male,Black
18694,292948001,292948001-1,25-44,Male,Black
18695,293603065,293603065-1,<18,Male,Black
18696,293715400,293715400-1,25-44,Male,White Hispanic
18697,293715400,293715400-2,25-44,Male,White Hispanic
18698,294249516,294249516-1,<18,Male,Black
18699,294249516,294249516-2,18-24,Male,Black
18700,294249516,294249516-3,18-24,Male,White Hispanic
18701,294430754,294430754-1,18-24,Male,Black
18702,294430757,294430757-1,25-44,Male,Black
18703,294876921,294876921-1,25-44,Male,White Hispanic
18704,295230671,295230671-1,18-24,Male,Black
18705,295480502,295480502-1,25-44,Male,Black
18706,295703630,295703630-1,25-44,Male,Black Hispanic
18707,296005398,296005398-1,18-24,Male,Black
18708,296643609,296643609-1,25-44,Male,Black
18709,297453074,297453074-1,25-44,Male,Black
18710,297863727,297863727-1,25-44,Male,Black
18711,297922102,297922102-1,18-24,Male,Black
18712,298139842,298139842-1,25-44,Female,White Hispanic
18713,298147867,298147867-1,<18,Male,Black
18714,298357805,298357805-1,25-44,Male,Black
18715,298909834,298909834-1,45-64,Male,Black
18716,298949943,298949943-1,25-44,Male,Black
18717,300295604,300295604-1,<18,Male,Black
18718,300318397,300318397-1,18-24,Male,Black Hispanic
18719,300364619,300364619-1,25-44,Male,White Hispanic
18720,301679844,301679844-1,25-44,Male,Black
18721,302197815,302197815-1,45-64,Male,Black
18722,303231197,303231197-1,45-64,Male,White Hispanic
18723,303806896,303806896-1,45-64,Female,Black
18724,304199342,304199342-1,18-24,Male,Black
18725,304199342,304199342-2,<18,Male,Black
18726,305637549,305637549-1,18-24,Male,Black
18727,306214613,306214613-1,<18,Male,White Hispanic
18728,306837529,306837529-1,<18,Male,White Hispanic
18729,307066945,307066945-1,18-24,Male,Black
18730,308455131,308455131-2,25-44,Male,Black
18731,308717967,308717967-1,<18,Male,Black
18732,309874797,309874797-1,18-24,Male,Black Hispanic
18733,309874797,309874797-2,18-24,Male,Black Hispanic
18734,310276533,310276533-1,<18,Male,Black Hispanic
18735,310276533,310276533-2,18-24,Male,Black
18736,310276533,310276533-3,18-24,Male,Black
18737,310352507,310352507-1,25-44,Male,Black Hispanic
18738,310352507,310352507-2,18-24,Male,Black
18739,310613388,310613388-1,<18,Male,White Hispanic
18740,310613388,310613388-2,18-24,Male,Black Hispanic
18741,310613388,310613388-3,25-44,Male,White Hispanic
18742,310820656,310820656-1,25-44,Male,Asian / Pacific Islander
18743,312144301,312144301-1,25-44,Male,White Hispanic
18744,312797203,312797203-1,25-44,Male,Black
18745,313792435,313792435-1,25-44,Male,Black
18746,313852333,313852333-1,<18,Male,Black
18747,314616793,314616793-1,25-44,Male,Black
18748,315569217,315569217-1,18-24,Male,Black
18749,315569217,315569217-2,<18,Male,Black
